mc	mn	quarterbeats	duration_qb	volta	mc_onset	mn_onset	event	timesig	staff	voice	duration	gracenote	tremolo	nominal_duration	scalar	chord_id	dynamics	articulation	staff_text	tempo	qpm	slur
1	1	0	0.0		0	0	Tempo	2/4	1	1	0									Andante	80	
1	1	0	0.0		0	0	Tempo	2/4	1	1	0									î²¥ = 72	72	
1	1	0	0.875		0	0	Chord	2/4	1	1	7/32			1/8	7/4	0		ornamentTurnInverted				
1	1	7/8	0.125		7/32	7/32	Chord	2/4	1	1	1/32			1/32	1	1						
1	1	1	0.5		1/4	1/4	Chord	2/4	1	1	1/8			1/8	1	2		ornamentShortTrill				0
1	1	3/2	0.25		3/8	3/8	Chord	2/4	1	1	1/16			1/16	1	3						
1	1	15/8	0.125		15/32	15/32	Chord	2/4	1	1	1/32			1/32	1	4						
1	1	0	0.875		0	0	Chord	2/4	2	1	7/32			1/8	7/4	5						
1	1	7/8	0.125		7/32	7/32	Chord	2/4	2	1	1/32			1/32	1	6						
1	1	1	0.75		1/4	1/4	Chord	2/4	2	1	3/16			1/8	3/2	7						
1	1	15/8	0.125		15/32	15/32	Chord	2/4	2	1	1/32			1/32	1	8						
2	2	2	0.5		0	0	Chord	2/4	1	1	1/8			1/8	1	9						1
2	2	5/2	0.375		1/8	1/8	Chord	2/4	1	1	3/32			1/16	3/2	10		ornamentShortTrill				
2	2	23/8	0.125		7/32	7/32	Chord	2/4	1	1	1/32			1/32	1	11						
2	2	3	0.5		1/4	1/4	Chord	2/4	1	1	1/8			1/8	1	12		articStaccatissimoAbove				
2	2	31/8	0.125		15/32	15/32	Chord	2/4	1	1	1/32			1/32	1	13						2
2	2	2	1.0		0	0	Chord	2/4	2	1	1/4			1/4	1	14						
2	2	31/8	0.125		15/32	15/32	Chord	2/4	2	1	1/32			1/32	1	15						
3	3	4	0.25		0	0	Chord	2/4	1	1	1/16			1/16	1	16						
3	3	17/4	0.5		1/16	1/16	Chord	2/4	1	1	1/8			1/8	1	17						
3	3	19/4	0.25		3/16	3/16	Chord	2/4	1	1	1/16			1/16	1	18						
3	3	5	0.375		1/4	1/4	Chord	2/4	1	1	3/32			1/16	3/2	19						
3	3	43/8	0.125		11/32	11/32	Chord	2/4	1	1	1/32			1/32	1	20						
3	3	11/2	0.125		3/8	3/8	Chord	2/4	1	1	1/32			1/32	1	21						
3	3	45/8	0.125		13/32	13/32	Chord	2/4	1	1	1/32			1/32	1	22						
3	3	23/4	0.125		7/16	7/16	Chord	2/4	1	1	1/32			1/32	1	23		ornamentShortTrill				
3	3	47/8	0.125		15/32	15/32	Chord	2/4	1	1	1/32			1/32	1	24						
3	3	4	0.75		0	0	Chord	2/4	1	2	3/16			1/8	3/2	25						
3	3	19/4	0.25		3/16	3/16	Chord	2/4	1	2	1/16			1/16	1	26						
3	3	5	0.25		1/4	1/4	Chord	2/4	1	2	1/16			1/16	1	27						
3	3	21/4	0.75		5/16	5/16	Chord	2/4	1	2	3/16			1/8	3/2	28						
3	3	4	0.5		0	0	Chord	2/4	2	1	1/8			1/8	1	29						
3	3	9/2	0.5		1/8	1/8	Chord	2/4	2	1	1/8			1/8	1	30						
3	3	5	0.5		1/4	1/4	Chord	2/4	2	1	1/8			1/8	1	31						
3	3	11/2	0.5		3/8	3/8	Chord	2/4	2	1	1/8			1/8	1	32						
4	4	6	0.5		0	0	Chord	2/4	1	1	1/8			1/8	1	33						3
4	4	13/2	0.0		1/8	1/8	Chord	2/4	1	1	0	grace16		1/16	1	34						
4	4	13/2	0.125		1/8	1/8	Chord	2/4	1	1	1/32			1/32	1	35						
4	4	53/8	0.125		5/32	5/32	Chord	2/4	1	1	1/32			1/32	1	36						
4	4	27/4	0.125		3/16	3/16	Chord	2/4	1	1	1/32			1/32	1	37						
4	4	55/8	0.125		7/32	7/32	Chord	2/4	1	1	1/32			1/32	1	38						
4	4	7	0.25		1/4	1/4	Chord	2/4	1	1	1/16			1/16	1	39						4
4	4	29/4	0.25		5/16	5/16	Chord	2/4	1	1	1/16			1/16	1	40						
4	4	15/2	0.125		3/8	3/8	Chord	2/4	1	1	1/32			1/32	1	41						
4	4	61/8	0.125		13/32	13/32	Chord	2/4	1	1	1/32			1/32	1	42						
4	4	31/4	0.125		7/16	7/16	Chord	2/4	1	1	1/32			1/32	1	43		ornamentShortTrill				
4	4	63/8	0.125		15/32	15/32	Chord	2/4	1	1	1/32			1/32	1	44						
4	4	6	1.0		0	0	Chord	2/4	2	1	1/4			1/4	1	45						
5	5	8	1.5		0	0	Chord	2/4	1	1	3/8			1/4	3/2	46						
5	5	19/2	0.25		3/8	3/8	Chord	2/4	1	1	1/16			1/16	1	47						
5	5	39/4	0.0625		7/16	7/16	Chord	2/4	1	1	1/64			1/64	1	48						
5	5	157/16	0.0625		29/64	29/64	Chord	2/4	1	1	1/64			1/64	1	49						
5	5	79/8	0.0625		15/32	15/32	Chord	2/4	1	1	1/64			1/64	1	50						
5	5	159/16	0.0625		31/64	31/64	Chord	2/4	1	1	1/64			1/64	1	51						
5	5	17/2	0.5		1/8	1/8	Chord	2/4	2	1	1/8			1/8	1	52						
5	5	9	0.0		1/4	1/4	StaffText	2/4	2	1	0								ten.			
5	5	9	1.0		1/4	1/4	Chord	2/4	2	1	1/4			1/4	1	53						
6	6	10	1.5		0	0	Chord	2/4	1	1	3/8			1/4	3/2	54						
6	6	23/2	0.375		3/8	3/8	Chord	2/4	1	1	3/32			1/16	3/2	55						
6	6	95/8	0.125		15/32	15/32	Chord	2/4	1	1	1/32			1/32	1	56						
6	6	21/2	0.5		1/8	1/8	Chord	2/4	2	1	1/8			1/8	1	57						
6	6	11	0.5		1/4	1/4	Chord	2/4	2	1	1/8			1/8	1	58						
6	6	23/2	0.375		3/8	3/8	Chord	2/4	2	1	3/32			1/16	3/2	59						
6	6	95/8	0.125		15/32	15/32	Chord	2/4	2	1	1/32			1/32	1	60						
7	7	12	0.5		0	0	Chord	2/4	1	1	1/8			1/8	1	61						5
7	7	25/2	0.375		1/8	1/8	Chord	2/4	1	1	3/32			1/16	3/2	62						
7	7	103/8	0.125		7/32	7/32	Chord	2/4	1	1	1/32			1/32	1	63						
7	7	13	0.5		1/4	1/4	Chord	2/4	1	1	1/8			1/8	1	64						6
7	7	27/2	0.375		3/8	3/8	Chord	2/4	1	1	3/32			1/16	3/2	65						
7	7	111/8	0.125		15/32	15/32	Chord	2/4	1	1	1/32			1/32	1	66						
7	7	12	0.875		0	0	Chord	2/4	1	2	7/32			1/8	7/4	67						
7	7	103/8	0.125		7/32	7/32	Chord	2/4	1	2	1/32			1/32	1	68						
7	7	12	0.875		0	0	Chord	2/4	2	1	7/32			1/8	7/4	69						
7	7	103/8	0.125		7/32	7/32	Chord	2/4	2	1	1/32			1/32	1	70						
7	7	13	0.875		1/4	1/4	Chord	2/4	2	1	7/32			1/8	7/4	71						
7	7	111/8	0.125		15/32	15/32	Chord	2/4	2	1	1/32			1/32	1	72						
8	8	14	0.0		0	0	Chord	2/4	1	1	0	grace16		1/16	1	73						
8	8	14	0.5		0	0	Chord	2/4	1	1	1/8			1/8	1	74						
8	8	29/2	0.5		1/8	1/8	Chord	2/4	1	1	1/8			1/8	1	75						
8	8	127/8	0.125		15/32	15/32	Chord	2/4	1	1	1/32			1/32	1	76						
8	8	14	1.0		0	0	Chord	2/4	2	1	1/4			1/4	1	77						
8	8	15	0.0		1/4	1/4	StaffText	2/4	2	1	0								ten.			
8	8	15	1.0		1/4	1/4	Chord	2/4	2	1	1/4			1/4	1	78						
9	9	16	0.75		0	0	Chord	2/4	1	1	3/16			1/8	3/2	79		ornamentTurn				
9	9	67/4	0.125		3/16	3/16	Chord	2/4	1	1	1/32			1/32	1	80						
9	9	135/8	0.125		7/32	7/32	Chord	2/4	1	1	1/32			1/32	1	81						
9	9	17	0.375		1/4	1/4	Chord	2/4	1	1	3/32			1/16	3/2	82						
9	9	139/8	0.125		11/32	11/32	Chord	2/4	1	1	1/32			1/32	1	83						
9	9	35/2	0.375		3/8	3/8	Chord	2/4	1	1	3/32			1/16	3/2	84						
9	9	143/8	0.125		15/32	15/32	Chord	2/4	1	1	1/32			1/32	1	85						
9	9	139/8	0.125		11/32	11/32	Chord	2/4	2	1	1/32			1/32	1	86						
9	9	35/2	0.375		3/8	3/8	Chord	2/4	2	1	3/32			1/16	3/2	87						
9	9	143/8	0.125		15/32	15/32	Chord	2/4	2	1	1/32			1/32	1	88						
10	10	18	1.0		0	0	Chord	2/4	1	1	1/4			1/4	1	89						7
10	10	19	0.5		1/4	1/4	Chord	2/4	1	1	1/8			1/8	1	90		articStaccatissimoBelow				
10	10	159/8	0.0		15/32	15/32	Dynamic	2/4	1	1	0						p					
10	10	159/8	0.125		15/32	15/32	Chord	2/4	1	1	1/32			1/32	1	91						
10	10	18	0.375		0	0	Chord	2/4	2	1	3/32			1/16	3/2	92						
10	10	147/8	0.125		3/32	3/32	Chord	2/4	2	1	1/32			1/32	1	93						
10	10	37/2	0.375		1/8	1/8	Chord	2/4	2	1	3/32			1/16	3/2	94						
10	10	151/8	0.125		7/32	7/32	Chord	2/4	2	1	1/32			1/32	1	95						
10	10	19	1.0		1/4	1/4	Chord	2/4	2	1	1/4			1/4	1	96		articStaccatissimoBelow				
11	11	20	0.5		0	0	Chord	2/4	1	1	1/8			1/8	1	97						8
11	11	41/2	0.375		1/8	1/8	Chord	2/4	1	1	3/32			1/16	3/2	98		ornamentTurn				
11	11	167/8	0.125		7/32	7/32	Chord	2/4	1	1	1/32			1/32	1	99						
11	11	21	0.375		1/4	1/4	Chord	2/4	1	1	3/32			1/16	3/2	100						
11	11	171/8	0.125		11/32	11/32	Chord	2/4	1	1	1/32			1/32	1	101						
11	11	43/2	0.375		3/8	3/8	Chord	2/4	1	1	3/32			1/16	3/2	102						
11	11	175/8	0.125		15/32	15/32	Chord	2/4	1	1	1/32			1/32	1	103						
11	11	171/8	0.125		11/32	11/32	Chord	2/4	2	1	1/32			1/32	1	104						
11	11	43/2	0.375		3/8	3/8	Chord	2/4	2	1	3/32			1/16	3/2	105						
11	11	175/8	0.125		15/32	15/32	Chord	2/4	2	1	1/32			1/32	1	106						
12	12	22	0.375		0	0	Chord	2/4	1	1	3/32			1/16	3/2	107						
12	12	179/8	0.0		3/32	3/32	Dynamic	2/4	1	1	0						f					
12	12	179/8	0.125		3/32	3/32	Chord	2/4	1	1	1/32			1/32	1	108						
12	12	45/2	0.375		1/8	1/8	Chord	2/4	1	1	3/32			1/16	3/2	109						
12	12	183/8	0.125		7/32	7/32	Chord	2/4	1	1	1/32			1/32	1	110						
12	12	23	0.0		1/4	1/4	Chord	2/4	1	1	0	grace16		1/16	1	111						
12	12	23	0.375		1/4	1/4	Chord	2/4	1	1	3/32			1/16	3/2	112		ornamentShortTrill				
12	12	187/8	0.125		11/32	11/32	Chord	2/4	1	1	1/32			1/32	1	113						
12	12	47/2	0.0		3/8	3/8	Chord	2/4	1	1	0	grace16		1/16	1	114						
12	12	47/2	0.375		3/8	3/8	Chord	2/4	1	1	3/32			1/16	3/2	115		ornamentShortTrill				
12	12	191/8	0.125		15/32	15/32	Chord	2/4	1	1	1/32			1/32	1	116						
12	12	22	0.375		0	0	Chord	2/4	2	1	3/32			1/16	3/2	117						
12	12	179/8	0.125		3/32	3/32	Chord	2/4	2	1	1/32			1/32	1	118						
12	12	45/2	0.375		1/8	1/8	Chord	2/4	2	1	3/32			1/16	3/2	119						
12	12	183/8	0.125		7/32	7/32	Chord	2/4	2	1	1/32			1/32	1	120						
12	12	23	0.375		1/4	1/4	Chord	2/4	2	1	3/32			1/16	3/2	121						
12	12	187/8	0.125		11/32	11/32	Chord	2/4	2	1	1/32			1/32	1	122						
12	12	47/2	0.375		3/8	3/8	Chord	2/4	2	1	3/32			1/16	3/2	123						
12	12	191/8	0.125		15/32	15/32	Chord	2/4	2	1	1/32			1/32	1	124						
13	13	24	1.0		0	0	Chord	2/4	1	1	1/4			1/4	1	125						9
13	13	25	0.5		1/4	1/4	Chord	2/4	1	1	1/8			1/8	1	126		ornamentShortTrill				
13	13	24	0.5		0	0	Chord	2/4	2	1	1/8			1/8	1	127						
13	13	49/2	1.0		1/8	1/8	Chord	2/4	2	1	1/4			1/4	1	128						
14	14	26	0.0		0	0	StaffText	2/4	1	1	0											
14	14	26	0.875		0	0	Chord	2/4	1	1	7/32			1/8	7/4	129		ornamentTurn				
14	14	215/8	0.125		7/32	7/32	Chord	2/4	1	1	1/32			1/32	1	130						
14	14	27	0.5		1/4	1/4	Chord	2/4	1	1	1/8			1/8	1	131						10
14	14	55/2	0.25		3/8	3/8	Chord	2/4	1	1	1/16			1/16	1	132		ornamentShortTrill				
14	14	223/8	0.125		15/32	15/32	Chord	2/4	1	1	1/32			1/32	1	133						
14	14	53/2	0.5		1/8	1/8	Chord	2/4	1	2	1/8			1/8	1	134						
14	14	27	0.5		1/4	1/4	Chord	2/4	1	2	1/8			1/8	1	135						
14	14	55/2	0.5		3/8	3/8	Chord	2/4	1	2	1/8			1/8	1	136						
15	15	28	0.5		0	0	Chord	2/4	1	1	1/8			1/8	1	137						11
15	15	57/2	0.375		1/8	1/8	Chord	2/4	1	1	3/32			1/16	3/2	138		ornamentTurn				
15	15	231/8	0.125		7/32	7/32	Chord	2/4	1	1	1/32			1/32	1	139						
15	15	29	0.5		1/4	1/4	Chord	2/4	1	1	1/8			1/8	1	140		articStaccatissimoBelow				
15	15	239/8	0.125		15/32	15/32	Chord	2/4	1	1	1/32			1/32	1	141						
15	15	28	0.5		0	0	Chord	2/4	2	1	1/8			1/8	1	142						
15	15	57/2	0.5		1/8	1/8	Chord	2/4	2	1	1/8			1/8	1	143						
15	15	235/8	0.125		11/32	11/32	Chord	2/4	2	1	1/32			1/32	1	144						
15	15	59/2	0.375		3/8	3/8	Chord	2/4	2	1	3/32			1/16	3/2	145						
15	15	239/8	0.125		15/32	15/32	Chord	2/4	2	1	1/32			1/32	1	146						
16	16	30	0.5		0	0	Chord	2/4	1	1	1/8			1/8	1	147						12
16	16	61/2	0.375		1/8	1/8	Chord	2/4	1	1	3/32			1/16	3/2	148		ornamentMordent				
16	16	247/8	0.125		7/32	7/32	Chord	2/4	1	1	1/32			1/32	1	149						
16	16	31	0.25		1/4	1/4	Chord	2/4	1	1	1/16			1/16	1	150						
16	16	125/4	0.5		5/16	5/16	Chord	2/4	1	1	1/8			1/8	1	151						
16	16	127/4	0.25		7/16	7/16	Chord	2/4	1	1	1/16			1/16	1	152						
16	16	31	1.0		1/4	1/4	Chord	2/4	1	2	1/4			1/4	1	153						
16	16	30	0.75		0	0	Chord	2/4	2	1	3/16			1/8	3/2	154						
16	16	247/8	0.125		7/32	7/32	Chord	2/4	2	1	1/32			1/32	1	155						
16	16	31	0.5		1/4	1/4	Chord	2/4	2	1	1/8			1/8	1	156						
16	16	63/2	0.5		3/8	3/8	Chord	2/4	2	1	1/8			1/8	1	157						
17	17	32	0.5		0	0	Chord	2/4	1	1	1/8			1/8	1	158						
17	17	65/2	0.0625		1/8	1/8	Chord	2/4	1	1	1/64			1/64	1	159						
17	17	521/16	0.0625		9/64	9/64	Chord	2/4	1	1	1/64			1/64	1	160						
17	17	261/8	0.0625		5/32	5/32	Chord	2/4	1	1	1/64			1/64	1	161						
17	17	523/16	0.0625		11/64	11/64	Chord	2/4	1	1	1/64			1/64	1	162						
17	17	131/4	0.0625		3/16	3/16	Chord	2/4	1	1	1/64			1/64	1	163						
17	17	525/16	0.0625		13/64	13/64	Chord	2/4	1	1	1/64			1/64	1	164						
17	17	263/8	0.0625		7/32	7/32	Chord	2/4	1	1	1/64			1/64	1	165						
17	17	527/16	0.0625		15/64	15/64	Chord	2/4	1	1	1/64			1/64	1	166						
17	17	33	0.875		1/4	1/4	Chord	2/4	1	1	7/32			1/8	7/4	167						
17	17	271/8	0.125		15/32	15/32	Chord	2/4	1	1	1/32			1/32	1	168						
17	17	271/8	0.125		15/32	15/32	Chord	2/4	1	3	1/32			1/32	1	169						
17	17	32	0.5		0	0	Chord	2/4	2	1	1/8			1/8	1	170						
17	17	65/2	0.0		1/8	1/8	StaffText	2/4	2	1	0								ten.			
17	17	65/2	1.0		1/8	1/8	Chord	2/4	2	1	1/4			1/4	1	171						
17	17	271/8	0.125		15/32	15/32	Chord	2/4	2	1	1/32			1/32	1	172						
18	18	34	0.5		0	0	Chord	2/4	1	1	1/8			1/8	1	173						13
18	18	69/2	0.375		1/8	1/8	Chord	2/4	1	1	3/32			1/16	3/2	174						
18	18	279/8	0.125		7/32	7/32	Chord	2/4	1	1	1/32			1/32	1	175						
18	18	35	0.5		1/4	1/4	Chord	2/4	1	1	1/8			1/8	1	176						14
18	18	71/2	0.375		3/8	3/8	Chord	2/4	1	1	3/32			1/16	3/2	177						
18	18	287/8	0.125		15/32	15/32	Chord	2/4	1	1	1/32			1/32	1	178						
18	18	34	0.875		0	0	Chord	2/4	1	2	7/32			1/8	7/4	179						
18	18	279/8	0.125		7/32	7/32	Chord	2/4	1	2	1/32			1/32	1	180						
18	18	35	0.875		1/4	1/4	Chord	2/4	1	2	7/32			1/8	7/4	181						
18	18	287/8	0.125		15/32	15/32	Chord	2/4	1	2	1/32			1/32	1	182						
18	18	34	0.875		0	0	Chord	2/4	2	1	7/32			1/8	7/4	183						
18	18	279/8	0.125		7/32	7/32	Chord	2/4	2	1	1/32			1/32	1	184						
18	18	35	0.875		1/4	1/4	Chord	2/4	2	1	7/32			1/8	7/4	185						
18	18	287/8	0.125		15/32	15/32	Chord	2/4	2	1	1/32			1/32	1	186						
19	19	36	0.375		0	0	Chord	2/4	1	1	3/32			1/16	3/2	187		ornamentTurn				
19	19	291/8	0.125		3/32	3/32	Chord	2/4	1	1	1/32			1/32	1	188						
19	19	73/2	0.375		1/8	1/8	Chord	2/4	1	1	3/32			1/16	3/2	189		ornamentTurn				
19	19	295/8	0.125		7/32	7/32	Chord	2/4	1	1	1/32			1/32	1	190						
19	19	37	0.5		1/4	1/4	Chord	2/4	1	1	1/8			1/8	1	191						
19	19	75/2	0.125		3/8	3/8	Chord	2/4	1	1	1/32			1/32	1	192						
19	19	301/8	0.0625		13/32	13/32	Chord	2/4	1	1	1/64			1/64	1	193						15
19	19	603/16	0.0625		27/64	27/64	Chord	2/4	1	1	1/64			1/64	1	194						15
19	19	151/4	0.125		7/16	7/16	Chord	2/4	1	1	1/32			1/32	1	195						15
19	19	303/8	0.125		15/32	15/32	Chord	2/4	1	1	1/32			1/32	1	196						
19	19	36	0.5		0	0	Chord	2/4	1	2	1/8			1/8	1	197						
19	19	36	1.0		0	0	Chord	2/4	2	1	1/4			1/4	1	198						
19	19	299/8	0.125		11/32	11/32	Chord	2/4	2	1	1/32			1/32	1	199						
19	19	75/2	0.375		3/8	3/8	Chord	2/4	2	1	3/32			1/16	3/2	200						
19	19	303/8	0.125		15/32	15/32	Chord	2/4	2	1	1/32			1/32	1	201						
20	20	38	0.125		0	0	Chord	2/4	1	1	1/32			1/32	1	202						
20	20	305/8	0.0625		1/32	1/32	Chord	2/4	1	1	1/64			1/64	1	203						16
20	20	611/16	0.0625		3/64	3/64	Chord	2/4	1	1	1/64			1/64	1	204						16
20	20	153/4	0.125		1/16	1/16	Chord	2/4	1	1	1/32			1/32	1	205						16
20	20	307/8	0.125		3/32	3/32	Chord	2/4	1	1	1/32			1/32	1	206						
20	20	77/2	0.125		1/8	1/8	Chord	2/4	1	1	1/32			1/32	1	207						17
20	20	309/8	0.125		5/32	5/32	Chord	2/4	1	1	1/32			1/32	1	208						
20	20	311/8	0.125		7/32	7/32	Chord	2/4	1	1	1/32			1/32	1	209						
20	20	39	0.5		1/4	1/4	Chord	2/4	1	1	1/8			1/8	1	210						18
20	20	79/2	0.5		3/8	3/8	Chord	2/4	1	1	1/8			1/8	1	211		ornamentTremblement				
20	20	38	0.375		0	0	Chord	2/4	2	1	3/32			1/16	3/2	212						
20	20	307/8	0.125		3/32	3/32	Chord	2/4	2	1	1/32			1/32	1	213						
20	20	77/2	0.375		1/8	1/8	Chord	2/4	2	1	3/32			1/16	3/2	214						
20	20	311/8	0.125		7/32	7/32	Chord	2/4	2	1	1/32			1/32	1	215						
20	20	39	0.5		1/4	1/4	Chord	2/4	2	1	1/8			1/8	1	216						
20	20	79/2	0.5		3/8	3/8	Chord	2/4	2	1	1/8			1/8	1	217						
21	21	40	0.875		0	0	Chord	2/4	1	1	7/32			1/8	7/4	218						
21	21	327/8	0.125		7/32	7/32	Chord	2/4	1	1	1/32			1/32	1	219						
21	21	41	1.0		1/4	1/4	Chord	2/4	1	1	1/4			1/4	1	220						19
21	21	41	0.16666666666666666		1/4	1/4	Chord	2/4	1	2	1/24			1/16	2/3	221		articStaccatoAbove				
21	21	247/6	0.16666666666666666		7/24	7/24	Chord	2/4	1	2	1/24			1/16	2/3	222		articStaccatoAbove				
21	21	124/3	0.16666666666666666		1/3	1/3	Chord	2/4	1	2	1/24			1/16	2/3	223		articStaccatoAbove				
21	21	83/2	0.16666666666666666		3/8	3/8	Chord	2/4	1	2	1/24			1/16	2/3	224		articStaccatoAbove				
21	21	125/3	0.16666666666666666		5/12	5/12	Chord	2/4	1	2	1/24			1/16	2/3	225		articStaccatoAbove				
21	21	251/6	0.16666666666666666		11/24	11/24	Chord	2/4	1	2	1/24			1/16	2/3	226		articStaccatoAbove				
21	21	40	0.0		0	0	StaffText	2/4	2	1	0								ten.			
21	21	40	1.0		0	0	Chord	2/4	2	1	1/4			1/4	1	227						
21	21	331/8	0.125		11/32	11/32	Chord	2/4	2	1	1/32			1/32	1	228						
21	21	83/2	0.375		3/8	3/8	Chord	2/4	2	1	3/32			1/16	3/2	229						
21	21	335/8	0.125		15/32	15/32	Chord	2/4	2	1	1/32			1/32	1	230						
22	22	42	0.875		0	0	Chord	2/4	1	1	7/32			1/8	7/4	231						19
22	22	343/8	0.125		7/32	7/32	Chord	2/4	1	1	1/32			1/32	1	232						
22	22	43	1.0		1/4	1/4	Chord	2/4	1	1	1/4			1/4	1	233						20
22	22	42	0.25		0	0	Chord	2/4	1	2	1/16			1/16	1	234		articStaccatoAbove				
22	22	169/4	0.25		1/16	1/16	Chord	2/4	1	2	1/16			1/16	1	235		articStaccatoAbove				
22	22	85/2	0.25		1/8	1/8	Chord	2/4	1	2	1/16			1/16	1	236		articStaccatoAbove				
22	22	171/4	0.25		3/16	3/16	Chord	2/4	1	2	1/16			1/16	1	237		articStaccatoAbove				
22	22	43	0.16666666666666666		1/4	1/4	Chord	2/4	1	2	1/24			1/16	2/3	238		articStaccatoAbove				
22	22	259/6	0.16666666666666666		7/24	7/24	Chord	2/4	1	2	1/24			1/16	2/3	239		articStaccatoAbove				
22	22	130/3	0.16666666666666666		1/3	1/3	Chord	2/4	1	2	1/24			1/16	2/3	240		articStaccatoAbove				
22	22	87/2	0.16666666666666666		3/8	3/8	Chord	2/4	1	2	1/24			1/16	2/3	241		articStaccatoAbove				
22	22	131/3	0.16666666666666666		5/12	5/12	Chord	2/4	1	2	1/24			1/16	2/3	242		articStaccatoAbove				
22	22	263/6	0.16666666666666666		11/24	11/24	Chord	2/4	1	2	1/24			1/16	2/3	243		articStaccatoAbove				
22	22	42	1.0		0	0	Chord	2/4	2	1	1/4			1/4	1	244						
22	22	347/8	0.125		11/32	11/32	Chord	2/4	2	1	1/32			1/32	1	245						
22	22	87/2	0.375		3/8	3/8	Chord	2/4	2	1	3/32			1/16	3/2	246						
22	22	351/8	0.125		15/32	15/32	Chord	2/4	2	1	1/32			1/32	1	247						
22	22	42	0.25		0	0	Chord	2/4	2	2	1/16			1/16	1	248		articStaccatoAbove				21
22	22	169/4	0.25		1/16	1/16	Chord	2/4	2	2	1/16			1/16	1	249		articStaccatoAbove				21
22	22	85/2	0.25		1/8	1/8	Chord	2/4	2	2	1/16			1/16	1	250		articStaccatoAbove				21
22	22	171/4	0.25		3/16	3/16	Chord	2/4	2	2	1/16			1/16	1	251		articStaccatoAbove				
23	23	44	0.875		0	0	Chord	2/4	1	1	7/32			1/8	7/4	252						20
23	23	359/8	0.125		7/32	7/32	Chord	2/4	1	1	1/32			1/32	1	253						
23	23	45	1.0		1/4	1/4	Chord	2/4	1	1	1/4			1/4	1	254						22
23	23	44	0.25		0	0	Chord	2/4	1	2	1/16			1/16	1	255		articStaccatoAbove				
23	23	177/4	0.25		1/16	1/16	Chord	2/4	1	2	1/16			1/16	1	256		articStaccatoAbove				
23	23	89/2	0.25		1/8	1/8	Chord	2/4	1	2	1/16			1/16	1	257		articStaccatoAbove				
23	23	179/4	0.25		3/16	3/16	Chord	2/4	1	2	1/16			1/16	1	258		articStaccatoAbove				
23	23	45	0.16666666666666666		1/4	1/4	Chord	2/4	1	2	1/24			1/16	2/3	259		articStaccatoAbove				
23	23	271/6	0.16666666666666666		7/24	7/24	Chord	2/4	1	2	1/24			1/16	2/3	260		articStaccatoAbove				
23	23	136/3	0.16666666666666666		1/3	1/3	Chord	2/4	1	2	1/24			1/16	2/3	261		articStaccatoAbove				
23	23	91/2	0.16666666666666666		3/8	3/8	Chord	2/4	1	2	1/24			1/16	2/3	262		articStaccatoAbove				
23	23	137/3	0.16666666666666666		5/12	5/12	Chord	2/4	1	2	1/24			1/16	2/3	263		articStaccatoAbove				
23	23	275/6	0.16666666666666666		11/24	11/24	Chord	2/4	1	2	1/24			1/16	2/3	264		articStaccatoAbove				
23	23	44	1.0		0	0	Chord	2/4	2	1	1/4			1/4	1	265						23
23	23	363/8	0.125		11/32	11/32	Chord	2/4	2	1	1/32			1/32	1	266						
23	23	91/2	0.375		3/8	3/8	Chord	2/4	2	1	3/32			1/16	3/2	267						
23	23	367/8	0.125		15/32	15/32	Chord	2/4	2	1	1/32			1/32	1	268						
23	23	44	0.25		0	0	Chord	2/4	2	2	1/16			1/16	1	269		articStaccatoAbove				
23	23	177/4	0.25		1/16	1/16	Chord	2/4	2	2	1/16			1/16	1	270		articStaccatoAbove				
23	23	89/2	0.25		1/8	1/8	Chord	2/4	2	2	1/16			1/16	1	271		articStaccatoAbove				
23	23	179/4	0.25		3/16	3/16	Chord	2/4	2	2	1/16			1/16	1	272		articStaccatoAbove				
24	24	46	0.5		0	0	Chord	2/4	1	1	1/8			1/8	1	273						
24	24	93/2	1.0		1/8	1/8	Chord	2/4	1	1	1/4			1/4	1	274		ornamentMordent				24
24	24	95/2	0.0		3/8	3/8	Dynamic	2/4	1	1	0						p					
24	24	95/2	0.5		3/8	3/8	Chord	2/4	1	1	1/8			1/8	1	275		ornamentMordent				25
24	24	46	0.25		0	0	Chord	2/4	1	2	1/16			1/16	1	276		articStaccatoAbove				
24	24	185/4	0.25		1/16	1/16	Chord	2/4	1	2	1/16			1/16	1	277		articStaccatoAbove				
24	24	93/2	0.25		1/8	1/8	Chord	2/4	1	2	1/16			1/16	1	278		articStaccatoAbove				
24	24	187/4	0.25		3/16	3/16	Chord	2/4	1	2	1/16			1/16	1	279		articStaccatoAbove				
24	24	47	0.25		1/4	1/4	Chord	2/4	1	2	1/16			1/16	1	280		articStaccatoAbove				
24	24	189/4	0.25		5/16	5/16	Chord	2/4	1	2	1/16			1/16	1	281		articStaccatoAbove				
24	24	95/2	0.25		3/8	3/8	Chord	2/4	1	2	1/16			1/16	1	282		articStaccatoAbove				
24	24	191/4	0.25		7/16	7/16	Chord	2/4	1	2	1/16			1/16	1	283		articStaccatoBelow				
24	24	46	0.375		0	0	Chord	2/4	2	1	3/32			1/16	3/2	284						
24	24	371/8	0.125		3/32	3/32	Chord	2/4	2	1	1/32			1/32	1	285						
24	24	93/2	0.375		1/8	1/8	Chord	2/4	2	1	3/32			1/16	3/2	286						
24	24	375/8	0.125		7/32	7/32	Chord	2/4	2	1	1/32			1/32	1	287						
24	24	47	0.375		1/4	1/4	Chord	2/4	2	1	3/32			1/16	3/2	288						
24	24	379/8	0.125		11/32	11/32	Chord	2/4	2	1	1/32			1/32	1	289						
24	24	95/2	0.375		3/8	3/8	Chord	2/4	2	1	3/32			1/16	3/2	290						
24	24	383/8	0.125		15/32	15/32	Chord	2/4	2	1	1/32			1/32	1	291						
25	25	48	0.5		0	0	Chord	2/4	1	1	1/8			1/8	1	292						
25	25	97/2	0.5		1/8	1/8	Chord	2/4	1	1	1/8			1/8	1	293		ornamentMordent				
25	25	49	0.375		1/4	1/4	Chord	2/4	1	1	3/32			1/16	3/2	294						
25	25	395/8	0.0		11/32	11/32	Dynamic	2/4	1	1	0						f					
25	25	395/8	0.125		11/32	11/32	Chord	2/4	1	1	1/32			1/32	1	295						
25	25	99/2	0.375		3/8	3/8	Chord	2/4	1	1	3/32			1/16	3/2	296						
25	25	399/8	0.125		15/32	15/32	Chord	2/4	1	1	1/32			1/32	1	297						
25	25	48	0.25		0	0	Chord	2/4	1	2	1/16			1/16	1	298		articStaccatoBelow				
25	25	193/4	0.25		1/16	1/16	Chord	2/4	1	2	1/16			1/16	1	299		articStaccatoBelow				26
25	25	97/2	0.25		1/8	1/8	Chord	2/4	1	2	1/16			1/16	1	300		articStaccatoBelow				
25	25	195/4	0.25		3/16	3/16	Chord	2/4	1	2	1/16			1/16	1	301		articStaccatoBelow				
25	25	48	0.375		0	0	Chord	2/4	2	1	3/32			1/16	3/2	302						
25	25	387/8	0.125		3/32	3/32	Chord	2/4	2	1	1/32			1/32	1	303						
25	25	97/2	0.375		1/8	1/8	Chord	2/4	2	1	3/32			1/16	3/2	304						
25	25	391/8	0.125		7/32	7/32	Chord	2/4	2	1	1/32			1/32	1	305						
25	25	49	0.375		1/4	1/4	Chord	2/4	2	1	3/32			1/16	3/2	306						
25	25	395/8	0.125		11/32	11/32	Chord	2/4	2	1	1/32			1/32	1	307						
25	25	99/2	0.375		3/8	3/8	Chord	2/4	2	1	3/32			1/16	3/2	308						
25	25	399/8	0.125		15/32	15/32	Chord	2/4	2	1	1/32			1/32	1	309						
26	26	50	0.16666666666666666		0	0	Chord	2/4	1	1	1/24			1/16	2/3	310						27
26	26	301/6	0.16666666666666666		1/24	1/24	Chord	2/4	1	1	1/24			1/16	2/3	311						27
26	26	151/3	0.16666666666666666		1/12	1/12	Chord	2/4	1	1	1/24			1/16	2/3	312						
26	26	101/2	0.5		1/8	1/8	Chord	2/4	1	1	1/8			1/8	1	313						28
26	26	51	0.0		1/4	1/4	StaffText	2/4	1	1	0											
26	26	51	0.375		1/4	1/4	Chord	2/4	1	1	3/32			1/16	3/2	314		ornamentMordent				
26	26	411/8	0.0		11/32	11/32	Dynamic	2/4	1	1	0						p					
26	26	411/8	0.125		11/32	11/32	Chord	2/4	1	1	1/32			1/32	1	315						
26	26	103/2	0.375		3/8	3/8	Chord	2/4	1	1	3/32			1/16	3/2	316						
26	26	415/8	0.125		15/32	15/32	Chord	2/4	1	1	1/32			1/32	1	317						
26	26	50	0.375		0	0	Chord	2/4	2	1	3/32			1/16	3/2	318						
26	26	403/8	0.125		3/32	3/32	Chord	2/4	2	1	1/32			1/32	1	319						
26	26	101/2	0.5		1/8	1/8	Chord	2/4	2	1	1/8			1/8	1	320						
26	26	51	0.375		1/4	1/4	Chord	2/4	2	1	3/32			1/16	3/2	321						
26	26	411/8	0.125		11/32	11/32	Chord	2/4	2	1	1/32			1/32	1	322						
26	26	103/2	0.375		3/8	3/8	Chord	2/4	2	1	3/32			1/16	3/2	323						
26	26	415/8	0.125		15/32	15/32	Chord	2/4	2	1	1/32			1/32	1	324						
27	27	52	0.16666666666666666		0	0	Chord	2/4	1	1	1/24			1/16	2/3	325						29
27	27	313/6	0.16666666666666666		1/24	1/24	Chord	2/4	1	1	1/24			1/16	2/3	326						29
27	27	157/3	0.16666666666666666		1/12	1/12	Chord	2/4	1	1	1/24			1/16	2/3	327						
27	27	105/2	0.5		1/8	1/8	Chord	2/4	1	1	1/8			1/8	1	328						30
27	27	53	0.5		1/4	1/4	Chord	2/4	1	1	1/8			1/8	1	329		ornamentMordent				
27	27	431/8	0.0		15/32	15/32	Dynamic	2/4	1	1	0						f					
27	27	431/8	0.125		15/32	15/32	Chord	2/4	1	1	1/32			1/32	1	330						
27	27	52	0.375		0	0	Chord	2/4	2	1	3/32			1/16	3/2	331						
27	27	419/8	0.125		3/32	3/32	Chord	2/4	2	1	1/32			1/32	1	332						
27	27	105/2	0.0		1/8	1/8	StaffText	2/4	2	1	0								ten.			
27	27	105/2	1.0		1/8	1/8	Chord	2/4	2	1	1/4			1/4	1	333						
27	27	431/8	0.125		15/32	15/32	Chord	2/4	2	1	1/32			1/32	1	334						
28	28	54	0.75		0	0	Chord	2/4	1	1	3/16			1/8	3/2	335						
28	28	219/4	0.0625		3/16	3/16	Chord	2/4	1	1	1/64			1/64	1	336						
28	28	877/16	0.0625		13/64	13/64	Chord	2/4	1	1	1/64			1/64	1	337						
28	28	439/8	0.0625		7/32	7/32	Chord	2/4	1	1	1/64			1/64	1	338						
28	28	879/16	0.0625		15/64	15/64	Chord	2/4	1	1	1/64			1/64	1	339						
28	28	55	0.5		1/4	1/4	Chord	2/4	1	1	1/8			1/8	1	340						31
28	28	111/2	0.0		3/8	3/8	Chord	2/4	1	1	0	grace16		1/16	1	341						31
28	28	111/2	0.125		3/8	3/8	Chord	2/4	1	1	1/32			1/32	1	342						31
28	28	445/8	0.125		13/32	13/32	Chord	2/4	1	1	1/32			1/32	1	343						31
28	28	223/4	0.25		7/16	7/16	Chord	2/4	1	1	1/16			1/16	1	344						
28	28	54	0.5		0	0	Chord	2/4	2	1	1/8			1/8	1	345						
28	28	109/2	0.5		1/8	1/8	Chord	2/4	2	1	1/8			1/8	1	346						
28	28	55	0.5		1/4	1/4	Chord	2/4	2	1	1/8			1/8	1	347						
28	28	111/2	0.5		3/8	3/8	Chord	2/4	2	1	1/8			1/8	1	348						
28	28	111/2	0.5		3/8	3/8	Chord	2/4	2	3	1/8			1/8	1	349						
29	29		2.0	1	0	0	Chord	2/4	1	1	1/2			1/2	1	350						
29	29		1.5	1	0	0	Chord	2/4	2	1	3/8			1/4	3/2	351						
29	29		0.0	1	1/8	1/8	Dynamic	2/4	2	1	0						p					
29	29		0.5	1	3/8	3/8	Chord	2/4	2	1	1/8			1/8	1	352						
29	29		0.5	1	0	0	Chord	2/4	2	3	1/8			1/8	1	353						
29	29		0.5	1	1/8	1/8	Chord	2/4	2	3	1/8			1/8	1	354						32
29	29		0.5	1	1/4	1/4	Chord	2/4	2	3	1/8			1/8	1	355						32
29	29		0.5	1	3/8	3/8	Chord	2/4	2	3	1/8			1/8	1	356						
30	30		0.5	1	0	0	Chord	2/4	1	1	1/8			1/8	1	357						
30	30		0.5	1	1/8	1/8	Chord	2/4	1	1	1/8			1/8	1	358						33
30	30		0.5	1	1/4	1/4	Chord	2/4	1	1	1/8			1/8	1	359						33
30	30		0.5	1	3/8	3/8	Chord	2/4	1	1	1/8			1/8	1	360						
30	30		1.5	1	1/8	1/8	Chord	2/4	1	2	3/8			1/4	3/2	361						
30	30		0.5	1	0	0	Chord	2/4	2	1	1/8			1/8	1	362						
30	30		0.5	1	1/8	1/8	Chord	2/4	2	1	1/8			1/8	1	363						34
30	30		0.5	1	1/4	1/4	Chord	2/4	2	1	1/8			1/8	1	364						34
30	30		0.5	1	3/8	3/8	Chord	2/4	2	1	1/8			1/8	1	365						
30	30		0.5	1	0	0	Chord	2/4	2	2	1/8			1/8	1	366						
30	30		0.5	1	1/8	1/8	Chord	2/4	2	2	1/8			1/8	1	367						35
30	30		1.0	1	1/4	1/4	Chord	2/4	2	2	1/4			1/4	1	368						
31	31		0.5	1	0	0	Chord	2/4	1	1	1/8			1/8	1	369						36
31	31		0.375	1	1/8	1/8	Chord	2/4	1	1	3/32			1/16	3/2	370		ornamentMordent				
31	31		0.0	1	7/32	7/32	Dynamic	2/4	1	1	0						f					
31	31		0.125	1	7/32	7/32	Chord	2/4	1	1	1/32			1/32	1	371						
31	31		0.5	1	1/4	1/4	Chord	2/4	1	1	1/8			1/8	1	372						37
31	31		0.375	1	3/8	3/8	Chord	2/4	1	1	3/32			1/16	3/2	373		ornamentTurn				
31	31		0.125	1	15/32	15/32	Chord	2/4	1	1	1/32			1/32	1	374						
31	31		0.5	1	0	0	Chord	2/4	2	1	1/8			1/8	1	375						38
31	31		0.5	1	1/8	1/8	Chord	2/4	2	1	1/8			1/8	1	376						
31	31		0.875	1	0	0	Chord	2/4	2	2	7/32			1/8	7/4	377						
31	31		0.125	1	7/32	7/32	Chord	2/4	2	2	1/32			1/32	1	378						
31	31		0.875	1	1/4	1/4	Chord	2/4	2	2	7/32			1/8	7/4	379						
31	31		0.125	1	15/32	15/32	Chord	2/4	2	2	1/32			1/32	1	380						
32	29	56	1.0	2	0	0	Chord	2/4	1	1	1/4			1/4	1	381						
32	29	56	0.5	2	0	0	Chord	2/4	2	1	1/8			1/8	1	382						
32	29	57	0.0	2	1/4	1/4	StaffText	2/4	2	1	0								ten.			
32	29	56	0.75	2	0	0	Chord	2/4	2	2	3/16			1/8	3/2	383						
32	29	227/4	0.25	2	3/16	3/16	Chord	2/4	2	2	1/16			1/16	1	384						
32	29	57	1.0	2	1/4	1/4	Chord	2/4	2	2	1/4			1/4	1	385						
33	30	58	0.875		0	0	Chord	2/4	1	1	7/32			1/8	7/4	386		ornamentTurn				
33	30	471/8	0.125		7/32	7/32	Chord	2/4	1	1	1/32			1/32	1	387						
33	30	59	0.125		1/4	1/4	Chord	2/4	1	1	1/32			1/32	1	388						39
33	30	473/8	0.375		9/32	9/32	Chord	2/4	1	1	3/32			1/16	3/2	389						
33	30	119/2	0.125		3/8	3/8	Chord	2/4	1	1	1/32			1/32	1	390						40
33	30	477/8	0.375		13/32	13/32	Chord	2/4	1	1	3/32			1/16	3/2	391						
33	30	119/2	0.5		3/8	3/8	Chord	2/4	1	3	1/8			1/8	1	392						
33	30	58	0.875		0	0	Chord	2/4	2	1	7/32			1/8	7/4	393						
33	30	471/8	0.125		7/32	7/32	Chord	2/4	2	1	1/32			1/32	1	394						
33	30	59	0.5		1/4	1/4	Chord	2/4	2	1	1/8			1/8	1	395						
33	30	119/2	0.5		3/8	3/8	Chord	2/4	2	1	1/8			1/8	1	396						
34	31	60	1.0		0	0	Chord	2/4	1	1	1/4			1/4	1	397						41
34	31	61	0.5		1/4	1/4	Chord	2/4	1	1	1/8			1/8	1	398		ornamentTurn				
34	31	123/2	0.25		3/8	3/8	Chord	2/4	1	1	1/16			1/16	1	399						
34	31	495/8	0.125		15/32	15/32	Chord	2/4	1	1	1/32			1/32	1	400						
34	31	60	1.0		0	0	Chord	2/4	1	2	1/4			1/4	1	401						42
34	31	61	0.75		1/4	1/4	Chord	2/4	1	2	3/16			1/8	3/2	402						
34	31	495/8	0.125		15/32	15/32	Chord	2/4	1	2	1/32			1/32	1	403						
35	32	62	0.25		0	0	Chord	2/4	1	1	1/16			1/16	1	404						43
35	32	249/4	0.25		1/16	1/16	Chord	2/4	1	1	1/16			1/16	1	405						
35	32	125/2	0.25		1/8	1/8	Chord	2/4	1	1	1/16			1/16	1	406						
35	32	251/4	0.0625		3/16	3/16	Chord	2/4	1	1	1/64			1/64	1	407						
35	32	1005/16	0.0625		13/64	13/64	Chord	2/4	1	1	1/64			1/64	1	408						
35	32	503/8	0.0625		7/32	7/32	Chord	2/4	1	1	1/64			1/64	1	409						
35	32	1007/16	0.0625		15/64	15/64	Chord	2/4	1	1	1/64			1/64	1	410						
35	32	63	0.5		1/4	1/4	Chord	2/4	1	1	1/8			1/8	1	411						44
35	32	127/2	0.25		3/8	3/8	Chord	2/4	1	1	1/16			1/16	1	412		ornamentShortTrill				
35	32	511/8	0.125		15/32	15/32	Chord	2/4	1	1	1/32			1/32	1	413						
35	32	62	0.5		0	0	Chord	2/4	1	3	1/8			1/8	1	414						
35	32	62	0.5		0	0	Chord	2/4	2	1	1/8			1/8	1	415						
35	32	125/2	0.5		1/8	1/8	Chord	2/4	2	1	1/8			1/8	1	416						
35	32	63	0.5		1/4	1/4	Chord	2/4	2	1	1/8			1/8	1	417						
35	32	127/2	0.5		3/8	3/8	Chord	2/4	2	1	1/8			1/8	1	418						
36	33	64	0.125		0	0	Chord	2/4	1	1	1/32			1/32	1	419						45
36	33	513/8	0.125		1/32	1/32	Chord	2/4	1	1	1/32			1/32	1	420						45
36	33	257/4	0.5		1/16	1/16	Chord	2/4	1	1	1/8			1/8	1	421						
36	33	519/8	0.125		7/32	7/32	Chord	2/4	1	1	1/32			1/32	1	422						
36	33	65	1.0		1/4	1/4	Chord	2/4	1	1	1/4			1/4	1	423						46
36	33	65	0.16666666666666666		1/4	1/4	Chord	2/4	1	2	1/24			1/16	2/3	424		articStaccatoAbove				
36	33	391/6	0.16666666666666666		7/24	7/24	Chord	2/4	1	2	1/24			1/16	2/3	425		articStaccatoAbove				
36	33	196/3	0.16666666666666666		1/3	1/3	Chord	2/4	1	2	1/24			1/16	2/3	426		articStaccatoAbove				
36	33	131/2	0.16666666666666666		3/8	3/8	Chord	2/4	1	2	1/24			1/16	2/3	427		articStaccatoAbove				
36	33	197/3	0.16666666666666666		5/12	5/12	Chord	2/4	1	2	1/24			1/16	2/3	428		articStaccatoAbove				
36	33	395/6	0.16666666666666666		11/24	11/24	Chord	2/4	1	2	1/24			1/16	2/3	429		articStaccatoAbove				
36	33	64	0.0		0	0	StaffText	2/4	2	1	0								ten.			
36	33	64	1.0		0	0	Chord	2/4	2	1	1/4			1/4	1	430						
36	33	523/8	0.125		11/32	11/32	Chord	2/4	2	1	1/32			1/32	1	431						
36	33	131/2	0.375		3/8	3/8	Chord	2/4	2	1	3/32			1/16	3/2	432						
36	33	527/8	0.125		15/32	15/32	Chord	2/4	2	1	1/32			1/32	1	433						
37	34	66	0.875		0	0	Chord	2/4	1	1	7/32			1/8	7/4	434						46
37	34	535/8	0.125		7/32	7/32	Chord	2/4	1	1	1/32			1/32	1	435						
37	34	67	1.0		1/4	1/4	Chord	2/4	1	1	1/4			1/4	1	436						47
37	34	66	0.25		0	0	Chord	2/4	1	2	1/16			1/16	1	437		articStaccatoAbove				
37	34	265/4	0.25		1/16	1/16	Chord	2/4	1	2	1/16			1/16	1	438		articStaccatoAbove				
37	34	133/2	0.25		1/8	1/8	Chord	2/4	1	2	1/16			1/16	1	439		articStaccatoAbove				
37	34	267/4	0.25		3/16	3/16	Chord	2/4	1	2	1/16			1/16	1	440		articStaccatoAbove				
37	34	67	0.16666666666666666		1/4	1/4	Chord	2/4	1	2	1/24			1/16	2/3	441		articStaccatoAbove				
37	34	403/6	0.16666666666666666		7/24	7/24	Chord	2/4	1	2	1/24			1/16	2/3	442		articStaccatoAbove				
37	34	202/3	0.16666666666666666		1/3	1/3	Chord	2/4	1	2	1/24			1/16	2/3	443		articStaccatoAbove				
37	34	135/2	0.16666666666666666		3/8	3/8	Chord	2/4	1	2	1/24			1/16	2/3	444		articStaccatoAbove				
37	34	203/3	0.16666666666666666		5/12	5/12	Chord	2/4	1	2	1/24			1/16	2/3	445		articStaccatoAbove				
37	34	407/6	0.16666666666666666		11/24	11/24	Chord	2/4	1	2	1/24			1/16	2/3	446		articStaccatoAbove				
37	34	66	1.0		0	0	Chord	2/4	2	1	1/4			1/4	1	447						48
37	34	539/8	0.125		11/32	11/32	Chord	2/4	2	1	1/32			1/32	1	448						
37	34	135/2	0.375		3/8	3/8	Chord	2/4	2	1	3/32			1/16	3/2	449						
37	34	543/8	0.125		15/32	15/32	Chord	2/4	2	1	1/32			1/32	1	450						
37	34	529/8	0.125		1/32	1/32	Chord	2/4	2	2	1/32			1/32	1	451		articStaccatoBelow				
37	34	265/4	0.125		1/16	1/16	Chord	2/4	2	2	1/32			1/32	1	452		articStaccatoBelow				
37	34	531/8	0.125		3/32	3/32	Chord	2/4	2	2	1/32			1/32	1	453		articStaccatoBelow				
37	34	133/2	0.125		1/8	1/8	Chord	2/4	2	2	1/32			1/32	1	454		articStaccatoBelow				
38	35	68	0.875		0	0	Chord	2/4	1	1	7/32			1/8	7/4	455						47
38	35	551/8	0.125		7/32	7/32	Chord	2/4	1	1	1/32			1/32	1	456						
38	35	69	1.0		1/4	1/4	Chord	2/4	1	1	1/4			1/4	1	457						49
38	35	68	0.25		0	0	Chord	2/4	1	2	1/16			1/16	1	458		articStaccatoAbove				
38	35	273/4	0.25		1/16	1/16	Chord	2/4	1	2	1/16			1/16	1	459		articStaccatoAbove				
38	35	137/2	0.25		1/8	1/8	Chord	2/4	1	2	1/16			1/16	1	460		articStaccatoAbove				
38	35	275/4	0.25		3/16	3/16	Chord	2/4	1	2	1/16			1/16	1	461		articStaccatoAbove				
38	35	553/8	0.125		9/32	9/32	Chord	2/4	1	2	1/32			1/32	1	462		articStaccatoAbove				
38	35	277/4	0.125		5/16	5/16	Chord	2/4	1	2	1/32			1/32	1	463		articStaccatoAbove				
38	35	555/8	0.125		11/32	11/32	Chord	2/4	1	2	1/32			1/32	1	464		articStaccatoAbove				
38	35	139/2	0.125		3/8	3/8	Chord	2/4	1	2	1/32			1/32	1	465		articStaccatoAbove				
38	35	557/8	0.125		13/32	13/32	Chord	2/4	1	2	1/32			1/32	1	466		articStaccatoAbove				
38	35	279/4	0.125		7/16	7/16	Chord	2/4	1	2	1/32			1/32	1	467		articStaccatoAbove				
38	35	559/8	0.125		15/32	15/32	Chord	2/4	1	2	1/32			1/32	1	468		articStaccatoAbove				
38	35	68	1.0		0	0	Chord	2/4	2	1	1/4			1/4	1	469						
38	35	555/8	0.125		11/32	11/32	Chord	2/4	2	1	1/32			1/32	1	470						
38	35	139/2	0.375		3/8	3/8	Chord	2/4	2	1	3/32			1/16	3/2	471						
38	35	559/8	0.125		15/32	15/32	Chord	2/4	2	1	1/32			1/32	1	472						
38	35	545/8	0.125		1/32	1/32	Chord	2/4	2	2	1/32			1/32	1	473		articStaccatoBelow				50
38	35	273/4	0.125		1/16	1/16	Chord	2/4	2	2	1/32			1/32	1	474		articStaccatoBelow				50
38	35	547/8	0.125		3/32	3/32	Chord	2/4	2	2	1/32			1/32	1	475		articStaccatoBelow				50
38	35	137/2	0.125		1/8	1/8	Chord	2/4	2	2	1/32			1/32	1	476		articStaccatoBelow				
39	36	70	0.5		0	0	Chord	2/4	1	1	1/8			1/8	1	477						
39	36	141/2	1.0		1/8	1/8	Chord	2/4	1	1	1/4			1/4	1	478		ornamentMordent				
39	36	143/2	0.0		3/8	3/8	Dynamic	2/4	1	1	0						p					
39	36	143/2	0.5		3/8	3/8	Chord	2/4	1	1	1/8			1/8	1	479		ornamentMordent				
39	36	70	0.125		0	0	Chord	2/4	1	2	1/32			1/32	1	480		articStaccatoAbove				
39	36	561/8	0.125		1/32	1/32	Chord	2/4	1	2	1/32			1/32	1	481		articStaccatoAbove				
39	36	281/4	0.125		1/16	1/16	Chord	2/4	1	2	1/32			1/32	1	482		articStaccatoAbove				
39	36	563/8	0.125		3/32	3/32	Chord	2/4	1	2	1/32			1/32	1	483		articStaccatoAbove				
39	36	141/2	0.25		1/8	1/8	Chord	2/4	1	2	1/16			1/16	1	484		articStaccatoAbove				51
39	36	283/4	0.25		3/16	3/16	Chord	2/4	1	2	1/16			1/16	1	485		articStaccatoAbove				
39	36	71	0.25		1/4	1/4	Chord	2/4	1	2	1/16			1/16	1	486		articStaccatoAbove				
39	36	285/4	0.25		5/16	5/16	Chord	2/4	1	2	1/16			1/16	1	487		articStaccatoAbove				
39	36	143/2	0.25		3/8	3/8	Chord	2/4	1	2	1/16			1/16	1	488		articStaccatoAbove				52
39	36	287/4	0.25		7/16	7/16	Chord	2/4	1	2	1/16			1/16	1	489		articStaccatoAbove				52
39	36	70	0.375		0	0	Chord	2/4	2	1	3/32			1/16	3/2	490						
39	36	563/8	0.125		3/32	3/32	Chord	2/4	2	1	1/32			1/32	1	491						
39	36	141/2	0.375		1/8	1/8	Chord	2/4	2	1	3/32			1/16	3/2	492						
39	36	567/8	0.125		7/32	7/32	Chord	2/4	2	1	1/32			1/32	1	493						
39	36	71	0.375		1/4	1/4	Chord	2/4	2	1	3/32			1/16	3/2	494						
39	36	571/8	0.125		11/32	11/32	Chord	2/4	2	1	1/32			1/32	1	495						
39	36	143/2	0.375		3/8	3/8	Chord	2/4	2	1	3/32			1/16	3/2	496						
39	36	575/8	0.125		15/32	15/32	Chord	2/4	2	1	1/32			1/32	1	497						
40	37	72	0.5		0	0	Chord	2/4	1	1	1/8			1/8	1	498						
40	37	145/2	1.0		1/8	1/8	Chord	2/4	1	1	1/4			1/4	1	499		ornamentMordent				53
40	37	147/2	0.0		3/8	3/8	Dynamic	2/4	1	1	0						f					
40	37	147/2	0.5		3/8	3/8	Chord	2/4	1	1	1/8			1/8	1	500						
40	37	72	0.25		0	0	Chord	2/4	1	2	1/16			1/16	1	501		articStaccatoAbove				
40	37	289/4	0.25		1/16	1/16	Chord	2/4	1	2	1/16			1/16	1	502		articStaccatoAbove				
40	37	145/2	0.25		1/8	1/8	Chord	2/4	1	2	1/16			1/16	1	503		articStaccatoAbove				
40	37	291/4	0.25		3/16	3/16	Chord	2/4	1	2	1/16			1/16	1	504		articStaccatoAbove				
40	37	73	0.25		1/4	1/4	Chord	2/4	1	2	1/16			1/16	1	505		articStaccatoAbove				
40	37	293/4	0.25		5/16	5/16	Chord	2/4	1	2	1/16			1/16	1	506		articStaccatoAbove				
40	37	72	0.375		0	0	Chord	2/4	2	1	3/32			1/16	3/2	507						
40	37	579/8	0.125		3/32	3/32	Chord	2/4	2	1	1/32			1/32	1	508						
40	37	145/2	0.375		1/8	1/8	Chord	2/4	2	1	3/32			1/16	3/2	509						
40	37	583/8	0.125		7/32	7/32	Chord	2/4	2	1	1/32			1/32	1	510						
40	37	73	0.375		1/4	1/4	Chord	2/4	2	1	3/32			1/16	3/2	511						
40	37	587/8	0.125		11/32	11/32	Chord	2/4	2	1	1/32			1/32	1	512						
40	37	147/2	0.375		3/8	3/8	Chord	2/4	2	1	3/32			1/16	3/2	513						
40	37	591/8	0.125		15/32	15/32	Chord	2/4	2	1	1/32			1/32	1	514						
41	38	74	0.5		0	0	Chord	2/4	1	1	1/8			1/8	1	515						54
41	38	149/2	1.0		1/8	1/8	Chord	2/4	1	1	1/4			1/4	1	516						
41	38	151/2	0.5		3/8	3/8	Chord	2/4	1	1	1/8			1/8	1	517						
41	38	74	0.375		0	0	Chord	2/4	2	1	3/32			1/16	3/2	518						
41	38	595/8	0.125		3/32	3/32	Chord	2/4	2	1	1/32			1/32	1	519						
41	38	149/2	0.375		1/8	1/8	Chord	2/4	2	1	3/32			1/16	3/2	520						
41	38	599/8	0.125		7/32	7/32	Chord	2/4	2	1	1/32			1/32	1	521						
41	38	75	0.375		1/4	1/4	Chord	2/4	2	1	3/32			1/16	3/2	522						
41	38	603/8	0.125		11/32	11/32	Chord	2/4	2	1	1/32			1/32	1	523						
41	38	151/2	0.375		3/8	3/8	Chord	2/4	2	1	3/32			1/16	3/2	524						
41	38	607/8	0.125		15/32	15/32	Chord	2/4	2	1	1/32			1/32	1	525						
42	39	76	0.5		0	0	Chord	2/4	1	1	1/8			1/8	1	526						55
42	39	153/2	1.0		1/8	1/8	Chord	2/4	1	1	1/4			1/4	1	527						
42	39	155/2	0.5		3/8	3/8	Chord	2/4	1	1	1/8			1/8	1	528						
42	39	76	0.375		0	0	Chord	2/4	2	1	3/32			1/16	3/2	529						
42	39	611/8	0.125		3/32	3/32	Chord	2/4	2	1	1/32			1/32	1	530						
42	39	153/2	0.375		1/8	1/8	Chord	2/4	2	1	3/32			1/16	3/2	531						
42	39	615/8	0.125		7/32	7/32	Chord	2/4	2	1	1/32			1/32	1	532						
42	39	77	0.375		1/4	1/4	Chord	2/4	2	1	3/32			1/16	3/2	533						
42	39	619/8	0.125		11/32	11/32	Chord	2/4	2	1	1/32			1/32	1	534						
42	39	155/2	0.375		3/8	3/8	Chord	2/4	2	1	3/32			1/16	3/2	535						
42	39	623/8	0.125		15/32	15/32	Chord	2/4	2	1	1/32			1/32	1	536						
43	40	78	0.5		0	0	Chord	2/4	1	1	1/8			1/8	1	537						56
43	40	157/2	0.5		1/8	1/8	Chord	2/4	1	1	1/8			1/8	1	538						
43	40	79	0.375		1/4	1/4	Chord	2/4	1	1	3/32			1/16	3/2	539						
43	40	635/8	0.125		11/32	11/32	Chord	2/4	1	1	1/32			1/32	1	540						
43	40	159/2	0.375		3/8	3/8	Chord	2/4	1	1	3/32			1/16	3/2	541						
43	40	639/8	0.125		15/32	15/32	Chord	2/4	1	1	1/32			1/32	1	542						
43	40	78	0.375		0	0	Chord	2/4	2	1	3/32			1/16	3/2	543						
43	40	627/8	0.125		3/32	3/32	Chord	2/4	2	1	1/32			1/32	1	544						
43	40	157/2	0.375		1/8	1/8	Chord	2/4	2	1	3/32			1/16	3/2	545						
43	40	631/8	0.125		7/32	7/32	Chord	2/4	2	1	1/32			1/32	1	546						
43	40	79	0.375		1/4	1/4	Chord	2/4	2	1	3/32			1/16	3/2	547						
43	40	635/8	0.125		11/32	11/32	Chord	2/4	2	1	1/32			1/32	1	548						
43	40	159/2	0.375		3/8	3/8	Chord	2/4	2	1	3/32			1/16	3/2	549						
43	40	639/8	0.125		15/32	15/32	Chord	2/4	2	1	1/32			1/32	1	550						
44	41	80	0.375		0	0	Chord	2/4	1	1	3/32			1/16	3/2	551		ornamentTurn				
44	41	643/8	0.125		3/32	3/32	Chord	2/4	1	1	1/32			1/32	1	552						
44	41	161/2	0.5		1/8	1/8	Chord	2/4	1	1	1/8			1/8	1	553						57
44	41	81	0.375		1/4	1/4	Chord	2/4	1	1	3/32			1/16	3/2	554						
44	41	651/8	0.125		11/32	11/32	Chord	2/4	1	1	1/32			1/32	1	555						
44	41	163/2	0.5		3/8	3/8	Chord	2/4	1	1	1/8			1/8	1	556						58
44	41	1289/16	0.0625		9/64	9/64	Chord	2/4	1	2	1/64			1/64	1	557		articStaccatoAbove				
44	41	645/8	0.0625		5/32	5/32	Chord	2/4	1	2	1/64			1/64	1	558		articStaccatoAbove				
44	41	1291/16	0.0625		11/64	11/64	Chord	2/4	1	2	1/64			1/64	1	559		articStaccatoAbove				
44	41	323/4	0.0625		3/16	3/16	Chord	2/4	1	2	1/64			1/64	1	560		articStaccatoAbove				
44	41	1305/16	0.0625		25/64	25/64	Chord	2/4	1	2	1/64			1/64	1	561		articStaccatoAbove				
44	41	653/8	0.0625		13/32	13/32	Chord	2/4	1	2	1/64			1/64	1	562		articStaccatoAbove				
44	41	1307/16	0.0625		27/64	27/64	Chord	2/4	1	2	1/64			1/64	1	563		articStaccatoAbove				
44	41	327/4	0.0625		7/16	7/16	Chord	2/4	1	2	1/64			1/64	1	564		articStaccatoAbove				
44	41	1289/16	0.0625		9/64	9/64	Chord	2/4	1	3	1/64			1/64	1	565		articStaccatoBelow				
44	41	645/8	0.0625		5/32	5/32	Chord	2/4	1	3	1/64			1/64	1	566		articStaccatoBelow				
44	41	1291/16	0.0625		11/64	11/64	Chord	2/4	1	3	1/64			1/64	1	567		articStaccatoBelow				
44	41	323/4	0.0625		3/16	3/16	Chord	2/4	1	3	1/64			1/64	1	568		articStaccatoBelow				
44	41	1305/16	0.0625		25/64	25/64	Chord	2/4	1	3	1/64			1/64	1	569		articStaccatoBelow				
44	41	653/8	0.0625		13/32	13/32	Chord	2/4	1	3	1/64			1/64	1	570		articStaccatoBelow				
44	41	1307/16	0.0625		27/64	27/64	Chord	2/4	1	3	1/64			1/64	1	571		articStaccatoBelow				
44	41	327/4	0.0625		7/16	7/16	Chord	2/4	1	3	1/64			1/64	1	572		articStaccatoBelow				
44	41	80	0.5		0	0	Chord	2/4	2	1	1/8			1/8	1	573						
44	41	647/8	0.125		7/32	7/32	Chord	2/4	2	1	1/32			1/32	1	574						
44	41	81	0.5		1/4	1/4	Chord	2/4	2	1	1/8			1/8	1	575						
44	41	655/8	0.125		15/32	15/32	Chord	2/4	2	1	1/32			1/32	1	576						
45	42	82	0.375		0	0	Chord	2/4	1	1	3/32			1/16	3/2	577						
45	42	659/8	0.125		3/32	3/32	Chord	2/4	1	1	1/32			1/32	1	578						
45	42	165/2	0.5		1/8	1/8	Chord	2/4	1	1	1/8			1/8	1	579						59
45	42	83	0.375		1/4	1/4	Chord	2/4	1	1	3/32			1/16	3/2	580						
45	42	667/8	0.125		11/32	11/32	Chord	2/4	1	1	1/32			1/32	1	581						
45	42	167/2	0.375		3/8	3/8	Chord	2/4	1	1	3/32			1/16	3/2	582						
45	42	671/8	0.125		15/32	15/32	Chord	2/4	1	1	1/32			1/32	1	583						
45	42	1321/16	0.0625		9/64	9/64	Chord	2/4	1	2	1/64			1/64	1	584		articStaccatoAbove				
45	42	661/8	0.0625		5/32	5/32	Chord	2/4	1	2	1/64			1/64	1	585		articStaccatoAbove				
45	42	1323/16	0.0625		11/64	11/64	Chord	2/4	1	2	1/64			1/64	1	586		articStaccatoAbove				
45	42	331/4	0.0625		3/16	3/16	Chord	2/4	1	2	1/64			1/64	1	587		articStaccatoAbove				
45	42	1321/16	0.0625		9/64	9/64	Chord	2/4	1	3	1/64			1/64	1	588		articStaccatoBelow				
45	42	661/8	0.0625		5/32	5/32	Chord	2/4	1	3	1/64			1/64	1	589		articStaccatoBelow				
45	42	1323/16	0.0625		11/64	11/64	Chord	2/4	1	3	1/64			1/64	1	590		articStaccatoBelow				
45	42	331/4	0.0625		3/16	3/16	Chord	2/4	1	3	1/64			1/64	1	591		articStaccatoBelow				
45	42	82	0.5		0	0	Chord	2/4	2	1	1/8			1/8	1	592						
45	42	663/8	0.125		7/32	7/32	Chord	2/4	2	1	1/32			1/32	1	593						
45	42	83	0.5		1/4	1/4	Chord	2/4	2	1	1/8			1/8	1	594						
45	42	671/8	0.125		15/32	15/32	Chord	2/4	2	1	1/32			1/32	1	595						
46	43	84	0.5		0	0	Chord	2/4	1	1	1/8			1/8	1	596						60
46	43	169/2	0.5		1/8	1/8	Chord	2/4	1	1	1/8			1/8	1	597						
46	43	683/8	0.125		11/32	11/32	Chord	2/4	1	1	1/32			1/32	1	598						
46	43	171/2	0.5		3/8	3/8	Chord	2/4	1	1	1/8			1/8	1	599						61
46	43	171/2	0.0625		3/8	3/8	Chord	2/4	1	2	1/64			1/64	1	600						
46	43	1369/16	0.0625		25/64	25/64	Chord	2/4	1	2	1/64			1/64	1	601		articStaccatoAbove				
46	43	685/8	0.0625		13/32	13/32	Chord	2/4	1	2	1/64			1/64	1	602		articStaccatoAbove				
46	43	1371/16	0.0625		27/64	27/64	Chord	2/4	1	2	1/64			1/64	1	603		articStaccatoAbove				
46	43	343/4	0.0625		7/16	7/16	Chord	2/4	1	2	1/64			1/64	1	604		articStaccatoAbove				
46	43	84	0.875		0	0	Chord	2/4	2	1	7/32			1/8	7/4	605						
46	43	679/8	0.0		7/32	7/32	Dynamic	2/4	2	1	0						ff					
46	43	679/8	0.125		7/32	7/32	Chord	2/4	2	1	1/32			1/32	1	606						
46	43	85	0.875		1/4	1/4	Chord	2/4	2	1	7/32			1/8	7/4	607						62
46	43	687/8	0.125		15/32	15/32	Chord	2/4	2	1	1/32			1/32	1	608						
46	43	341/4	0.125		5/16	5/16	Chord	2/4	2	2	1/32			1/32	1	609		articStaccatoBelow				
46	43	683/8	0.125		11/32	11/32	Chord	2/4	2	2	1/32			1/32	1	610		articStaccatoBelow				
46	43	171/2	0.125		3/8	3/8	Chord	2/4	2	2	1/32			1/32	1	611		articStaccatoBelow				
46	43	685/8	0.125		13/32	13/32	Chord	2/4	2	2	1/32			1/32	1	612		articStaccatoBelow				
46	43	343/4	0.125		7/16	7/16	Chord	2/4	2	2	1/32			1/32	1	613		articStaccatoBelow				
46	43	341/4	0.125		5/16	5/16	Chord	2/4	2	3	1/32			1/32	1	614		articStaccatoAbove				
46	43	683/8	0.125		11/32	11/32	Chord	2/4	2	3	1/32			1/32	1	615		articStaccatoAbove				
46	43	171/2	0.125		3/8	3/8	Chord	2/4	2	3	1/32			1/32	1	616		articStaccatoAbove				
46	43	685/8	0.125		13/32	13/32	Chord	2/4	2	3	1/32			1/32	1	617		articStaccatoAbove				
46	43	343/4	0.125		7/16	7/16	Chord	2/4	2	3	1/32			1/32	1	618		articStaccatoAbove				
47	44	86	0.375		0	0	Chord	2/4	1	1	3/32			1/16	3/2	619						
47	44	691/8	0.125		3/32	3/32	Chord	2/4	1	1	1/32			1/32	1	620						
47	44	173/2	0.5		1/8	1/8	Chord	2/4	1	1	1/8			1/8	1	621						
47	44	87	0.375		1/4	1/4	Chord	2/4	1	1	3/32			1/16	3/2	622						
47	44	699/8	0.125		11/32	11/32	Chord	2/4	1	1	1/32			1/32	1	623						
47	44	175/2	0.375		3/8	3/8	Chord	2/4	1	1	3/32			1/16	3/2	624						
47	44	703/8	0.0		15/32	15/32	Dynamic	2/4	1	1	0						pp					
47	44	703/8	0.125		15/32	15/32	Chord	2/4	1	1	1/32			1/32	1	625						
47	44	86	0.875		0	0	Chord	2/4	2	1	7/32			1/8	7/4	626						63
47	44	695/8	0.125		7/32	7/32	Chord	2/4	2	1	1/32			1/32	1	627						
47	44	87	0.875		1/4	1/4	Chord	2/4	2	1	7/32			1/8	7/4	628						64
47	44	703/8	0.125		15/32	15/32	Chord	2/4	2	1	1/32			1/32	1	629						
47	44	345/4	0.125		1/16	1/16	Chord	2/4	2	2	1/32			1/32	1	630		articStaccatoBelow				
47	44	691/8	0.125		3/32	3/32	Chord	2/4	2	2	1/32			1/32	1	631		articStaccatoBelow				
47	44	173/2	0.125		1/8	1/8	Chord	2/4	2	2	1/32			1/32	1	632		articStaccatoBelow				
47	44	693/8	0.125		5/32	5/32	Chord	2/4	2	2	1/32			1/32	1	633		articStaccatoBelow				
47	44	347/4	0.125		3/16	3/16	Chord	2/4	2	2	1/32			1/32	1	634		articStaccatoBelow				
47	44	349/4	0.125		5/16	5/16	Chord	2/4	2	2	1/32			1/32	1	635		articStaccatoBelow				
47	44	699/8	0.125		11/32	11/32	Chord	2/4	2	2	1/32			1/32	1	636		articStaccatoBelow				
47	44	175/2	0.125		3/8	3/8	Chord	2/4	2	2	1/32			1/32	1	637		articStaccatoBelow				
47	44	701/8	0.125		13/32	13/32	Chord	2/4	2	2	1/32			1/32	1	638		articStaccatoBelow				
47	44	351/4	0.125		7/16	7/16	Chord	2/4	2	2	1/32			1/32	1	639		articStaccatoBelow				
47	44	345/4	0.125		1/16	1/16	Chord	2/4	2	3	1/32			1/32	1	640		articStaccatoAbove				
47	44	691/8	0.125		3/32	3/32	Chord	2/4	2	3	1/32			1/32	1	641		articStaccatoAbove				
47	44	173/2	0.125		1/8	1/8	Chord	2/4	2	3	1/32			1/32	1	642		articStaccatoAbove				
47	44	693/8	0.125		5/32	5/32	Chord	2/4	2	3	1/32			1/32	1	643		articStaccatoAbove				
47	44	347/4	0.125		3/16	3/16	Chord	2/4	2	3	1/32			1/32	1	644		articStaccatoAbove				
47	44	349/4	0.125		5/16	5/16	Chord	2/4	2	3	1/32			1/32	1	645		articStaccatoAbove				
47	44	699/8	0.125		11/32	11/32	Chord	2/4	2	3	1/32			1/32	1	646		articStaccatoAbove				
47	44	175/2	0.125		3/8	3/8	Chord	2/4	2	3	1/32			1/32	1	647		articStaccatoAbove				
47	44	701/8	0.125		13/32	13/32	Chord	2/4	2	3	1/32			1/32	1	648		articStaccatoAbove				
47	44	351/4	0.125		7/16	7/16	Chord	2/4	2	3	1/32			1/32	1	649		articStaccatoAbove				
48	45	88	1.0		0	0	Chord	2/4	1	1	1/4			1/4	1	650						65
48	45	89	0.5		1/4	1/4	Chord	2/4	1	1	1/8			1/8	1	651						
48	45	719/8	0.0		15/32	15/32	Dynamic	2/4	1	1	0						f					
48	45	719/8	0.125		15/32	15/32	Chord	2/4	1	1	1/32			1/32	1	652						
48	45	88	1.5		0	0	Chord	2/4	1	2	3/8			1/4	3/2	653						
48	45	88	1.5		0	0	Chord	2/4	2	1	3/8			1/4	3/2	654						
48	45	719/8	0.125		15/32	15/32	Chord	2/4	2	1	1/32			1/32	1	655						
49	46	90	0.75		0	0	Chord	2/4	1	1	3/16			1/8	3/2	656						
49	46	363/4	0.125		3/16	3/16	Chord	2/4	1	1	1/32			1/32	1	657						
49	46	727/8	0.125		7/32	7/32	Chord	2/4	1	1	1/32			1/32	1	658						
49	46	91	0.5		1/4	1/4	Chord	2/4	1	1	1/8			1/8	1	659						66
49	46	183/2	0.125		3/8	3/8	Chord	2/4	1	1	1/32			1/32	1	660		ornamentShortTrill				
49	46	733/8	0.125		13/32	13/32	Chord	2/4	1	1	1/32			1/32	1	661						
49	46	367/4	0.25		7/16	7/16	Chord	2/4	1	1	1/16			1/16	1	662						
49	46	90	0.5		0	0	Chord	2/4	2	1	1/8			1/8	1	663						
49	46	181/2	0.5		1/8	1/8	Chord	2/4	2	1	1/8			1/8	1	664						
49	46	183/2	0.5		3/8	3/8	Chord	2/4	2	1	1/8			1/8	1	665						
50	47	92	0.375		0	0	Chord	2/4	1	1	3/32			1/16	3/2	666						
50	47	739/8	0.125		3/32	3/32	Chord	2/4	1	1	1/32			1/32	1	667						
50	47	185/2	0.375		1/8	1/8	Chord	2/4	1	1	3/32			1/16	3/2	668						
50	47	743/8	0.125		7/32	7/32	Chord	2/4	1	1	1/32			1/32	1	669						
50	47	93	0.5		1/4	1/4	Chord	2/4	1	1	1/8			1/8	1	670						67
50	47	187/2	0.125		3/8	3/8	Chord	2/4	1	1	1/32			1/32	1	671						
50	47	749/8	0.125		13/32	13/32	Chord	2/4	1	1	1/32			1/32	1	672						
50	47	375/4	0.125		7/16	7/16	Chord	2/4	1	1	1/32			1/32	1	673						
50	47	751/8	0.125		15/32	15/32	Chord	2/4	1	1	1/32			1/32	1	674						
50	47	92	1.0		0	0	Chord	2/4	2	1	1/4			1/4	1	675						
50	47	187/2	0.5		3/8	3/8	Chord	2/4	2	1	1/8			1/8	1	676						
51	48	94	0.375		0	0	Chord	2/4	1	1	3/32			1/16	3/2	677						
51	48	755/8	0.125		3/32	3/32	Chord	2/4	1	1	1/32			1/32	1	678						
51	48	189/2	0.375		1/8	1/8	Chord	2/4	1	1	3/32			1/16	3/2	679						
51	48	759/8	0.125		7/32	7/32	Chord	2/4	1	1	1/32			1/32	1	680						
51	48	95	0.5		1/4	1/4	Chord	2/4	1	1	1/8			1/8	1	681						68
51	48	191/2	0.0		3/8	3/8	Chord	2/4	1	1	0	grace16		1/16	1	682						
51	48	191/2	0.125		3/8	3/8	Chord	2/4	1	1	1/32			1/32	1	683						
51	48	765/8	0.125		13/32	13/32	Chord	2/4	1	1	1/32			1/32	1	684						
51	48	383/4	0.25		7/16	7/16	Chord	2/4	1	1	1/16			1/16	1	685						
51	48	94	1.0		0	0	Chord	2/4	2	1	1/4			1/4	1	686						
51	48	191/2	0.5		3/8	3/8	Chord	2/4	2	1	1/8			1/8	1	687						
52	49	96	0.375		0	0	Chord	2/4	1	1	3/32			1/16	3/2	688						
52	49	771/8	0.0		3/32	3/32	Dynamic	2/4	1	1	0						p					
52	49	771/8	0.125		3/32	3/32	Chord	2/4	1	1	1/32			1/32	1	689						
52	49	193/2	0.375		1/8	1/8	Chord	2/4	1	1	3/32			1/16	3/2	690						
52	49	775/8	0.125		7/32	7/32	Chord	2/4	1	1	1/32			1/32	1	691						
52	49	97	0.5		1/4	1/4	Chord	2/4	1	1	1/8			1/8	1	692						69
52	49	195/2	0.125		3/8	3/8	Chord	2/4	1	1	1/32			1/32	1	693						
52	49	781/8	0.125		13/32	13/32	Chord	2/4	1	1	1/32			1/32	1	694						
52	49	391/4	0.125		7/16	7/16	Chord	2/4	1	1	1/32			1/32	1	695						
52	49	783/8	0.125		15/32	15/32	Chord	2/4	1	1	1/32			1/32	1	696						
52	49	96	1.0		0	0	Chord	2/4	2	1	1/4			1/4	1	697						
52	49	195/2	0.5		3/8	3/8	Chord	2/4	2	1	1/8			1/8	1	698						
53	50	98	0.375		0	0	Chord	2/4	1	1	3/32			1/16	3/2	699						
53	50	787/8	0.125		3/32	3/32	Chord	2/4	1	1	1/32			1/32	1	700						
53	50	197/2	0.375		1/8	1/8	Chord	2/4	1	1	3/32			1/16	3/2	701						
53	50	791/8	0.125		7/32	7/32	Chord	2/4	1	1	1/32			1/32	1	702						
53	50	99	0.5		1/4	1/4	Chord	2/4	1	1	1/8			1/8	1	703						
53	50	199/2	0.0		3/8	3/8	Chord	2/4	1	1	0	grace16		1/16	1	704						
53	50	199/2	0.125		3/8	3/8	Chord	2/4	1	1	1/32			1/32	1	705						
53	50	797/8	0.125		13/32	13/32	Chord	2/4	1	1	1/32			1/32	1	706						
53	50	399/4	0.25		7/16	7/16	Chord	2/4	1	1	1/16			1/16	1	707						
53	50	98	1.0		0	0	Chord	2/4	2	1	1/4			1/4	1	708						
53	50	199/2	0.5		3/8	3/8	Chord	2/4	2	1	1/8			1/8	1	709						
54	51	100	0.75		0	0	Chord	2/4	1	1	3/16			1/8	3/2	710						
54	51	403/4	0.0625		3/16	3/16	Chord	2/4	1	1	1/64			1/64	1	711						
54	51	1613/16	0.0625		13/64	13/64	Chord	2/4	1	1	1/64			1/64	1	712						
54	51	807/8	0.0625		7/32	7/32	Chord	2/4	1	1	1/64			1/64	1	713						
54	51	1615/16	0.0625		15/64	15/64	Chord	2/4	1	1	1/64			1/64	1	714						
54	51	101	0.5		1/4	1/4	Chord	2/4	1	1	1/8			1/8	1	715						
54	51	203/2	0.16666666666666666		3/8	3/8	Chord	2/4	1	1	1/24			1/16	2/3	716		ornamentShortTrill				70
54	51	305/3	0.16666666666666666		5/12	5/12	Chord	2/4	1	1	1/24			1/16	2/3	717						70
54	51	611/6	0.16666666666666666		11/24	11/24	Chord	2/4	1	1	1/24			1/16	2/3	718						
54	51	100	0.5		0	0	Chord	2/4	2	1	1/8			1/8	1	719						
54	51	201/2	0.5		1/8	1/8	Chord	2/4	2	1	1/8			1/8	1	720						
54	51	811/8	0.125		11/32	11/32	Chord	2/4	2	1	1/32			1/32	1	721						
54	51	203/2	0.375		3/8	3/8	Chord	2/4	2	1	3/32			1/16	3/2	722						
54	51	815/8	0.125		15/32	15/32	Chord	2/4	2	1	1/32			1/32	1	723						
55	52	102	0.875		0	0	Chord	2/4	1	1	7/32			1/8	7/4	724		ornamentTurn				
55	52	823/8	0.125		7/32	7/32	Chord	2/4	1	1	1/32			1/32	1	725						
55	52	103	0.5		1/4	1/4	Chord	2/4	1	1	1/8			1/8	1	726						71
55	52	207/2	0.25		3/8	3/8	Chord	2/4	1	1	1/16			1/16	1	727		ornamentShortTrill				
55	52	831/8	0.125		15/32	15/32	Chord	2/4	1	1	1/32			1/32	1	728						
55	52	102	0.0		0	0	Dynamic	2/4	2	1	0						f					
55	52	102	0.875		0	0	Chord	2/4	2	1	7/32			1/8	7/4	729						
55	52	823/8	0.125		7/32	7/32	Chord	2/4	2	1	1/32			1/32	1	730						
55	52	103	0.75		1/4	1/4	Chord	2/4	2	1	3/16			1/8	3/2	731						
55	52	831/8	0.125		15/32	15/32	Chord	2/4	2	1	1/32			1/32	1	732						
56	53	104	0.5		0	0	Chord	2/4	1	1	1/8			1/8	1	733						72
56	53	209/2	0.375		1/8	1/8	Chord	2/4	1	1	3/32			1/16	3/2	734		ornamentTurn				
56	53	839/8	0.125		7/32	7/32	Chord	2/4	1	1	1/32			1/32	1	735						
56	53	105	0.5		1/4	1/4	Chord	2/4	1	1	1/8			1/8	1	736		articStaccatissimoAbove				
56	53	847/8	0.125		15/32	15/32	Chord	2/4	1	1	1/32			1/32	1	737						
56	53	104	1.0		0	0	Chord	2/4	2	1	1/4			1/4	1	738						
56	53	847/8	0.125		15/32	15/32	Chord	2/4	2	1	1/32			1/32	1	739						
57	54	106	0.25		0	0	Chord	2/4	1	1	1/16			1/16	1	740						73
57	54	425/4	0.5		1/16	1/16	Chord	2/4	1	1	1/8			1/8	1	741						
57	54	427/4	0.25		3/16	3/16	Chord	2/4	1	1	1/16			1/16	1	742						
57	54	107	0.375		1/4	1/4	Chord	2/4	1	1	3/32			1/16	3/2	743						
57	54	859/8	0.125		11/32	11/32	Chord	2/4	1	1	1/32			1/32	1	744						
57	54	215/2	0.125		3/8	3/8	Chord	2/4	1	1	1/32			1/32	1	745						
57	54	861/8	0.125		13/32	13/32	Chord	2/4	1	1	1/32			1/32	1	746						
57	54	431/4	0.125		7/16	7/16	Chord	2/4	1	1	1/32			1/32	1	747		ornamentShortTrill				
57	54	863/8	0.125		15/32	15/32	Chord	2/4	1	1	1/32			1/32	1	748						
57	54	106	0.75		0	0	Chord	2/4	1	2	3/16			1/8	3/2	749						
57	54	427/4	0.25		3/16	3/16	Chord	2/4	1	2	1/16			1/16	1	750						
57	54	107	0.25		1/4	1/4	Chord	2/4	1	2	1/16			1/16	1	751						
57	54	429/4	0.75		5/16	5/16	Chord	2/4	1	2	3/16			1/8	3/2	752						
57	54	106	0.5		0	0	Chord	2/4	2	1	1/8			1/8	1	753						
57	54	213/2	0.5		1/8	1/8	Chord	2/4	2	1	1/8			1/8	1	754						
57	54	107	0.5		1/4	1/4	Chord	2/4	2	1	1/8			1/8	1	755		ornamentMordent				
57	54	215/2	0.5		3/8	3/8	Chord	2/4	2	1	1/8			1/8	1	756						
58	55	108	0.5		0	0	Chord	2/4	1	1	1/8			1/8	1	757						74
58	55	217/2	0.0		1/8	1/8	Chord	2/4	1	1	0	grace16		1/16	1	758						
58	55	217/2	0.125		1/8	1/8	Chord	2/4	1	1	1/32			1/32	1	759						
58	55	869/8	0.125		5/32	5/32	Chord	2/4	1	1	1/32			1/32	1	760						
58	55	435/4	0.125		3/16	3/16	Chord	2/4	1	1	1/32			1/32	1	761						
58	55	871/8	0.125		7/32	7/32	Chord	2/4	1	1	1/32			1/32	1	762						
58	55	109	0.25		1/4	1/4	Chord	2/4	1	1	1/16			1/16	1	763						75
58	55	437/4	0.25		5/16	5/16	Chord	2/4	1	1	1/16			1/16	1	764						
58	55	219/2	0.125		3/8	3/8	Chord	2/4	1	1	1/32			1/32	1	765						
58	55	877/8	0.125		13/32	13/32	Chord	2/4	1	1	1/32			1/32	1	766						
58	55	439/4	0.125		7/16	7/16	Chord	2/4	1	1	1/32			1/32	1	767		ornamentShortTrill				
58	55	879/8	0.125		15/32	15/32	Chord	2/4	1	1	1/32			1/32	1	768						
58	55	108	1.0		0	0	Chord	2/4	2	1	1/4			1/4	1	769						
59	56	110	1.5		0	0	Chord	2/4	1	1	3/8			1/4	3/2	770						
59	56	111	0.0		1/4	1/4	StaffText	2/4	1	1	0								ten.			
59	56	223/2	0.25		3/8	3/8	Chord	2/4	1	1	1/16			1/16	1	771						
59	56	447/4	0.0625		7/16	7/16	Chord	2/4	1	1	1/64			1/64	1	772						
59	56	1789/16	0.0625		29/64	29/64	Chord	2/4	1	1	1/64			1/64	1	773						
59	56	895/8	0.0625		15/32	15/32	Chord	2/4	1	1	1/64			1/64	1	774						
59	56	1791/16	0.0625		31/64	31/64	Chord	2/4	1	1	1/64			1/64	1	775						
59	56	221/2	0.5		1/8	1/8	Chord	2/4	1	2	1/8			1/8	1	776						
59	56	111	1.0		1/4	1/4	Chord	2/4	1	2	1/4			1/4	1	777						
60	57	112	1.5		0	0	Chord	2/4	1	1	3/8			1/4	3/2	778						
60	57	113	0.0		1/4	1/4	StaffText	2/4	1	1	0								ten.			
60	57	227/2	0.25		3/8	3/8	Chord	2/4	1	1	1/16			1/16	1	779						
60	57	455/4	0.0625		7/16	7/16	Chord	2/4	1	1	1/64			1/64	1	780						
60	57	1821/16	0.0625		29/64	29/64	Chord	2/4	1	1	1/64			1/64	1	781						
60	57	911/8	0.0625		15/32	15/32	Chord	2/4	1	1	1/64			1/64	1	782						
60	57	1823/16	0.0625		31/64	31/64	Chord	2/4	1	1	1/64			1/64	1	783						
60	57	225/2	0.5		1/8	1/8	Chord	2/4	1	2	1/8			1/8	1	784						
60	57	113	1.0		1/4	1/4	Chord	2/4	1	2	1/4			1/4	1	785						
61	58	114	0.75		0	0	Chord	2/4	1	1	3/16			1/8	3/2	786						
61	58	459/4	0.0625		3/16	3/16	Chord	2/4	1	1	1/64			1/64	1	787						
61	58	1837/16	0.0625		13/64	13/64	Chord	2/4	1	1	1/64			1/64	1	788						
61	58	919/8	0.0625		7/32	7/32	Chord	2/4	1	1	1/64			1/64	1	789						
61	58	1839/16	0.0625		15/64	15/64	Chord	2/4	1	1	1/64			1/64	1	790						
61	58	115	0.0		1/4	1/4	Chord	2/4	1	1	0	grace32		1/32	1	791						
61	58	115	0.75		1/4	1/4	Chord	2/4	1	1	3/16			1/8	3/2	792						
61	58	463/4	0.0625		7/16	7/16	Chord	2/4	1	1	1/64			1/64	1	793						
61	58	1853/16	0.0625		29/64	29/64	Chord	2/4	1	1	1/64			1/64	1	794						
61	58	927/8	0.0625		15/32	15/32	Chord	2/4	1	1	1/64			1/64	1	795						
61	58	1855/16	0.0625		31/64	31/64	Chord	2/4	1	1	1/64			1/64	1	796						
61	58	114	1.0		0	0	Chord	2/4	1	2	1/4			1/4	1	797						
61	58	115	1.0		1/4	1/4	Chord	2/4	1	2	1/4			1/4	1	798						
61	58	229/2	0.5		1/8	1/8	Chord	2/4	1	4	1/8			1/8	1	799						
61	58	231/2	0.0		3/8	3/8	Chord	2/4	1	4	0	grace16		1/16	1	800						
61	58	231/2	0.5		3/8	3/8	Chord	2/4	1	4	1/8			1/8	1	801						
62	59	116	0.0		0	0	Chord	2/4	1	1	0	grace32		1/32	1	802						
62	59	116	0.75		0	0	Chord	2/4	1	1	3/16			1/8	3/2	803						
62	59	467/4	0.0625		3/16	3/16	Chord	2/4	1	1	1/64			1/64	1	804						
62	59	1869/16	0.0625		13/64	13/64	Chord	2/4	1	1	1/64			1/64	1	805						
62	59	935/8	0.0625		7/32	7/32	Chord	2/4	1	1	1/64			1/64	1	806						
62	59	1871/16	0.0625		15/64	15/64	Chord	2/4	1	1	1/64			1/64	1	807						
62	59	117	0.0		1/4	1/4	Chord	2/4	1	1	0	grace32		1/32	1	808						
62	59	117	0.75		1/4	1/4	Chord	2/4	1	1	3/16			1/8	3/2	809						
62	59	471/4	0.0625		7/16	7/16	Chord	2/4	1	1	1/64			1/64	1	810						
62	59	1885/16	0.0625		29/64	29/64	Chord	2/4	1	1	1/64			1/64	1	811						
62	59	943/8	0.0625		15/32	15/32	Chord	2/4	1	1	1/64			1/64	1	812						
62	59	1887/16	0.0625		31/64	31/64	Chord	2/4	1	1	1/64			1/64	1	813						
62	59	233/2	0.0		1/8	1/8	Chord	2/4	1	2	0	grace32		1/32	1	814						
62	59	233/2	0.5		1/8	1/8	Chord	2/4	1	2	1/8			1/8	1	815						
62	59	235/2	0.0		3/8	3/8	Chord	2/4	1	2	0	grace32		1/32	1	816						
62	59	235/2	0.5		3/8	3/8	Chord	2/4	1	2	1/8			1/8	1	817						
62	59	116	1.0		0	0	Chord	2/4	1	4	1/4			1/4	1	818						
62	59	117	1.0		1/4	1/4	Chord	2/4	1	4	1/4			1/4	1	819						
63	60	118	0.75		0	0	Chord	2/4	1	1	3/16			1/8	3/2	820		ornamentTurn				
63	60	475/4	0.125		3/16	3/16	Chord	2/4	1	1	1/32			1/32	1	821						
63	60	951/8	0.125		7/32	7/32	Chord	2/4	1	1	1/32			1/32	1	822						
63	60	119	0.0		1/4	1/4	Chord	2/4	1	1	0	grace16		1/16	1	823						
63	60	119	0.75		1/4	1/4	Chord	2/4	1	1	3/16			1/8	3/2	824						
63	60	479/4	0.0625		7/16	7/16	Chord	2/4	1	1	1/64			1/64	1	825						
63	60	1917/16	0.0625		29/64	29/64	Chord	2/4	1	1	1/64			1/64	1	826						
63	60	959/8	0.0625		15/32	15/32	Chord	2/4	1	1	1/64			1/64	1	827						
63	60	1919/16	0.0625		31/64	31/64	Chord	2/4	1	1	1/64			1/64	1	828						
63	60	237/2	0.5		1/8	1/8	Chord	2/4	1	2	1/8			1/8	1	829						
63	60	119	0.5		1/4	1/4	Chord	2/4	1	2	1/8			1/8	1	830						
63	60	239/2	0.5		3/8	3/8	Chord	2/4	1	2	1/8			1/8	1	831						
63	60	118	1.0		0	0	Chord	2/4	1	4	1/4			1/4	1	832						
64	61	120	0.5		0	0	Chord	2/4	1	1	1/8			1/8	1	833						
64	61	241/2	0.08333333333333333		1/8	1/8	Chord	2/4	1	1	1/48			1/32	2/3	834						
64	61	1447/12	0.0		7/48	7/48	Dynamic	2/4	1	1	0						p					
64	61	1447/12	0.08333333333333333		7/48	7/48	Chord	2/4	1	1	1/48			1/32	2/3	835		ornamentShortTrill				
64	61	362/3	0.08333333333333333		1/6	1/6	Chord	2/4	1	1	1/48			1/32	2/3	836						
64	61	483/4	0.08333333333333333		3/16	3/16	Chord	2/4	1	1	1/48			1/32	2/3	837						
64	61	725/6	0.08333333333333333		5/24	5/24	Chord	2/4	1	1	1/48			1/32	2/3	838						
64	61	1451/12	0.08333333333333333		11/48	11/48	Chord	2/4	1	1	1/48			1/32	2/3	839						
64	61	121	0.875		1/4	1/4	Chord	2/4	1	1	7/32			1/8	7/4	840						
64	61	975/8	0.0		15/32	15/32	Dynamic	2/4	1	1	0						f					
64	61	975/8	0.125		15/32	15/32	Chord	2/4	1	1	1/32			1/32	1	841						
64	61	120	0.5		0	0	Chord	2/4	2	1	1/8			1/8	1	842						
64	61	241/2	0.5		1/8	1/8	Chord	2/4	2	1	1/8			1/8	1	843						
64	61	975/8	0.125		15/32	15/32	Chord	2/4	2	1	1/32			1/32	1	844						
65	62	122	0.16666666666666666		0	0	Chord	2/4	1	1	1/24			1/16	2/3	845						
65	62	733/6	0.16666666666666666		1/24	1/24	Chord	2/4	1	1	1/24			1/16	2/3	846						
65	62	367/3	0.16666666666666666		1/12	1/12	Chord	2/4	1	1	1/24			1/16	2/3	847						
65	62	245/2	0.5		1/8	1/8	Chord	2/4	1	1	1/8			1/8	1	848						76
65	62	123	0.375		1/4	1/4	Chord	2/4	1	1	3/32			1/16	3/2	849		articStaccatoAbove				76
65	62	987/8	0.125		11/32	11/32	Chord	2/4	1	1	1/32			1/32	1	850						
65	62	247/2	0.375		3/8	3/8	Chord	2/4	1	1	3/32			1/16	3/2	851						
65	62	991/8	0.125		15/32	15/32	Chord	2/4	1	1	1/32			1/32	1	852						
65	62	122	1.0		0	0	Chord	2/4	1	2	1/4			1/4	1	853						
65	62	245/2	0.25		1/8	1/8	Chord	2/4	1	3	1/16			1/16	1	854						
65	62	491/4	0.25		3/16	3/16	Chord	2/4	1	3	1/16			1/16	1	855		articStaccatoAbove				
65	62	123	0.25		1/4	1/4	Chord	2/4	1	3	1/16			1/16	1	856						
65	62	493/4	0.25		5/16	5/16	Chord	2/4	1	3	1/16			1/16	1	857		articStaccatoAbove				
65	62	122	1.0		0	0	Chord	2/4	2	1	1/4			1/4	1	858						
65	62	123	1.0		1/4	1/4	Chord	2/4	2	1	1/4			1/4	1	859						
66	63	124	0.5		0	0	Chord	2/4	1	1	1/8			1/8	1	860						77
66	63	249/2	0.0		1/8	1/8	Dynamic	2/4	1	1	0						p					
66	63	249/2	0.125		1/8	1/8	Chord	2/4	1	1	1/32			1/32	1	861						
66	63	997/8	0.125		5/32	5/32	Chord	2/4	1	1	1/32			1/32	1	862						
66	63	499/4	0.125		3/16	3/16	Chord	2/4	1	1	1/32			1/32	1	863						
66	63	999/8	0.125		7/32	7/32	Chord	2/4	1	1	1/32			1/32	1	864						
66	63	125	0.25		1/4	1/4	Chord	2/4	1	1	1/16			1/16	1	865						78
66	63	501/4	0.25		5/16	5/16	Chord	2/4	1	1	1/16			1/16	1	866						
66	63	1007/8	0.125		15/32	15/32	Chord	2/4	1	1	1/32			1/32	1	867						
66	63	124	0.5		0	0	Chord	2/4	2	1	1/8			1/8	1	868						
66	63	249/2	0.5		1/8	1/8	Chord	2/4	2	1	1/8			1/8	1	869						
66	63	1007/8	0.125		15/32	15/32	Chord	2/4	2	1	1/32			1/32	1	870						
67	64	126	0.25		0	0	Chord	2/4	1	1	1/16			1/16	1	871						79
67	64	505/4	0.0625		1/16	1/16	Chord	2/4	1	1	1/64			1/64	1	872						
67	64	2021/16	0.0625		5/64	5/64	Chord	2/4	1	1	1/64			1/64	1	873						
67	64	1011/8	0.0625		3/32	3/32	Chord	2/4	1	1	1/64			1/64	1	874						
67	64	2023/16	0.0625		7/64	7/64	Chord	2/4	1	1	1/64			1/64	1	875						
67	64	253/2	0.5		1/8	1/8	Chord	2/4	1	1	1/8			1/8	1	876						
67	64	127	0.25		1/4	1/4	Chord	2/4	1	1	1/16			1/16	1	877						
67	64	509/4	0.0625		5/16	5/16	Chord	2/4	1	1	1/64			1/64	1	878						
67	64	2037/16	0.1875		21/64	21/64	Chord	2/4	1	1	3/64			1/32	3/2	879						
67	64	255/2	0.0625		3/8	3/8	Chord	2/4	1	1	1/64			1/64	1	880						
67	64	2041/16	0.1875		25/64	25/64	Chord	2/4	1	1	3/64			1/32	3/2	881						
67	64	511/4	0.0625		7/16	7/16	Chord	2/4	1	1	1/64			1/64	1	882						
67	64	2045/16	0.1875		29/64	29/64	Chord	2/4	1	1	3/64			1/32	3/2	883						
67	64	126	0.875		0	0	Chord	2/4	2	1	7/32			1/8	7/4	884						
67	64	1015/8	0.125		7/32	7/32	Chord	2/4	2	1	1/32			1/32	1	885						
67	64	255/2	0.5		3/8	3/8	Chord	2/4	2	1	1/8			1/8	1	886						
67	64	127	1.0		1/4	1/4	Chord	2/4	2	3	1/4			1/4	1	887						
68	65	128	0.5		0	0	Chord	2/4	1	1	1/8			1/8	1	888						80
68	65	257/2	0.0		1/8	1/8	Dynamic	2/4	1	1	0						p					
68	65	257/2	0.25		1/8	1/8	Chord	2/4	1	1	1/16			1/16	1	889						
68	65	515/4	0.25		3/16	3/16	Chord	2/4	1	1	1/16			1/16	1	890		ornamentTurn				
68	65	129	0.5		1/4	1/4	Chord	2/4	1	1	1/8			1/8	1	891						
68	65	1039/8	0.0		15/32	15/32	Dynamic	2/4	1	1	0						f					
68	65	1039/8	0.125		15/32	15/32	Chord	2/4	1	1	1/32			1/32	1	892						
68	65	128	0.5		0	0	Chord	2/4	2	1	1/8			1/8	1	893						
68	65	257/2	0.5		1/8	1/8	Chord	2/4	2	1	1/8			1/8	1	894						
68	65	1039/8	0.125		15/32	15/32	Chord	2/4	2	1	1/32			1/32	1	895						
69	66	130	0.5		0	0	Chord	2/4	1	1	1/8			1/8	1	896						81
69	66	261/2	0.375		1/8	1/8	Chord	2/4	1	1	3/32			1/16	3/2	897						
69	66	1047/8	0.125		7/32	7/32	Chord	2/4	1	1	1/32			1/32	1	898						
69	66	131	0.5		1/4	1/4	Chord	2/4	1	1	1/8			1/8	1	899						82
69	66	263/2	0.375		3/8	3/8	Chord	2/4	1	1	3/32			1/16	3/2	900						
69	66	1055/8	0.125		15/32	15/32	Chord	2/4	1	1	1/32			1/32	1	901						
69	66	130	0.875		0	0	Chord	2/4	1	2	7/32			1/8	7/4	902						
69	66	1047/8	0.125		7/32	7/32	Chord	2/4	1	2	1/32			1/32	1	903						
69	66	131	0.875		1/4	1/4	Chord	2/4	1	2	7/32			1/8	7/4	904						
69	66	1055/8	0.125		15/32	15/32	Chord	2/4	1	2	1/32			1/32	1	905						
69	66	130	0.875		0	0	Chord	2/4	2	1	7/32			1/8	7/4	906						
69	66	1047/8	0.125		7/32	7/32	Chord	2/4	2	1	1/32			1/32	1	907						
69	66	131	0.875		1/4	1/4	Chord	2/4	2	1	7/32			1/8	7/4	908						
69	66	1055/8	0.125		15/32	15/32	Chord	2/4	2	1	1/32			1/32	1	909						
70	67	132	0.375		0	0	Chord	2/4	1	1	3/32			1/16	3/2	910		ornamentTurn				
70	67	1059/8	0.125		3/32	3/32	Chord	2/4	1	1	1/32			1/32	1	911						
70	67	265/2	0.375		1/8	1/8	Chord	2/4	1	1	3/32			1/16	3/2	912		ornamentTurn				
70	67	1063/8	0.125		7/32	7/32	Chord	2/4	1	1	1/32			1/32	1	913						
70	67	133	0.5		1/4	1/4	Chord	2/4	1	1	1/8			1/8	1	914						
70	67	267/2	0.125		3/8	3/8	Chord	2/4	1	1	1/32			1/32	1	915						
70	67	1069/8	0.0625		13/32	13/32	Chord	2/4	1	1	1/64			1/64	1	916						83
70	67	2139/16	0.0625		27/64	27/64	Chord	2/4	1	1	1/64			1/64	1	917						83
70	67	535/4	0.125		7/16	7/16	Chord	2/4	1	1	1/32			1/32	1	918						83
70	67	1071/8	0.125		15/32	15/32	Chord	2/4	1	1	1/32			1/32	1	919						
70	67	132	0.25		0	0	Chord	2/4	1	3	1/16			1/16	1	920						
70	67	132	1.0		0	0	Chord	2/4	2	1	1/4			1/4	1	921						
70	67	1067/8	0.125		11/32	11/32	Chord	2/4	2	1	1/32			1/32	1	922						
70	67	267/2	0.375		3/8	3/8	Chord	2/4	2	1	3/32			1/16	3/2	923						
70	67	1071/8	0.125		15/32	15/32	Chord	2/4	2	1	1/32			1/32	1	924						
71	68	134	0.125		0	0	Chord	2/4	1	1	1/32			1/32	1	925						84
71	68	1073/8	0.0625		1/32	1/32	Chord	2/4	1	1	1/64			1/64	1	926						84
71	68	2147/16	0.0625		3/64	3/64	Chord	2/4	1	1	1/64			1/64	1	927						84
71	68	537/4	0.125		1/16	1/16	Chord	2/4	1	1	1/32			1/32	1	928						84
71	68	1075/8	0.125		3/32	3/32	Chord	2/4	1	1	1/32			1/32	1	929						
71	68	269/2	0.125		1/8	1/8	Chord	2/4	1	1	1/32			1/32	1	930						85
71	68	1077/8	0.125		5/32	5/32	Chord	2/4	1	1	1/32			1/32	1	931						
71	68	1079/8	0.125		7/32	7/32	Chord	2/4	1	1	1/32			1/32	1	932						
71	68	135	0.5		1/4	1/4	Chord	2/4	1	1	1/8			1/8	1	933						86
71	68	271/2	0.5		3/8	3/8	Chord	2/4	1	1	1/8			1/8	1	934		ornamentTremblement				
71	68	134	0.375		0	0	Chord	2/4	2	1	3/32			1/16	3/2	935						
71	68	1075/8	0.125		3/32	3/32	Chord	2/4	2	1	1/32			1/32	1	936						
71	68	269/2	0.375		1/8	1/8	Chord	2/4	2	1	3/32			1/16	3/2	937						
71	68	1079/8	0.125		7/32	7/32	Chord	2/4	2	1	1/32			1/32	1	938						
71	68	135	0.5		1/4	1/4	Chord	2/4	2	1	1/8			1/8	1	939						
71	68	271/2	0.5		3/8	3/8	Chord	2/4	2	1	1/8			1/8	1	940						
72	69	136	0.75		0	0	Chord	2/4	1	1	3/16			1/8	3/2	941						
72	69	547/4	0.25		3/16	3/16	Chord	2/4	1	1	1/16			1/16	1	942						
72	69	137	1.0		1/4	1/4	Chord	2/4	1	1	1/4			1/4	1	943						
72	69	1097/8	0.125		9/32	9/32	Chord	2/4	1	2	1/32			1/32	1	944		articStaccatoAbove				87
72	69	549/4	0.125		5/16	5/16	Chord	2/4	1	2	1/32			1/32	1	945		articStaccatoAbove				87
72	69	1099/8	0.125		11/32	11/32	Chord	2/4	1	2	1/32			1/32	1	946		articStaccatoAbove				87
72	69	275/2	0.125		3/8	3/8	Chord	2/4	1	2	1/32			1/32	1	947		articStaccatoAbove				87
72	69	1101/8	0.125		13/32	13/32	Chord	2/4	1	2	1/32			1/32	1	948		articStaccatoAbove				87
72	69	551/4	0.125		7/16	7/16	Chord	2/4	1	2	1/32			1/32	1	949		articStaccatoAbove				87
72	69	1103/8	0.125		15/32	15/32	Chord	2/4	1	2	1/32			1/32	1	950		articStaccatoAbove				87
72	69	136	0.0		0	0	StaffText	2/4	2	1	0								ten.			
72	69	136	1.0		0	0	Chord	2/4	2	1	1/4			1/4	1	951						
72	69	1099/8	0.125		11/32	11/32	Chord	2/4	2	1	1/32			1/32	1	952						
72	69	275/2	0.375		3/8	3/8	Chord	2/4	2	1	3/32			1/16	3/2	953						
72	69	1103/8	0.125		15/32	15/32	Chord	2/4	2	1	1/32			1/32	1	954						
73	70	138	0.75		0	0	Chord	2/4	1	1	3/16			1/8	3/2	955		articStaccatoAbove				
73	70	555/4	0.25		3/16	3/16	Chord	2/4	1	1	1/16			1/16	1	956						
73	70	139	1.0		1/4	1/4	Chord	2/4	1	1	1/4			1/4	1	957						
73	70	1105/8	0.125		1/32	1/32	Chord	2/4	1	2	1/32			1/32	1	958		articStaccatoAbove				87
73	70	553/4	0.125		1/16	1/16	Chord	2/4	1	2	1/32			1/32	1	959		articStaccatoAbove				87
73	70	1107/8	0.125		3/32	3/32	Chord	2/4	1	2	1/32			1/32	1	960		articStaccatoAbove				87
73	70	277/2	0.125		1/8	1/8	Chord	2/4	1	2	1/32			1/32	1	961		articStaccatoAbove				
73	70	1113/8	0.125		9/32	9/32	Chord	2/4	1	2	1/32			1/32	1	962		articStaccatoAbove				88
73	70	557/4	0.125		5/16	5/16	Chord	2/4	1	2	1/32			1/32	1	963		articStaccatoAbove				88
73	70	1115/8	0.125		11/32	11/32	Chord	2/4	1	2	1/32			1/32	1	964		articStaccatoAbove				88
73	70	279/2	0.125		3/8	3/8	Chord	2/4	1	2	1/32			1/32	1	965		articStaccatoAbove				88
73	70	1117/8	0.125		13/32	13/32	Chord	2/4	1	2	1/32			1/32	1	966		articStaccatoAbove				88
73	70	559/4	0.125		7/16	7/16	Chord	2/4	1	2	1/32			1/32	1	967		articStaccatoAbove				88
73	70	1119/8	0.125		15/32	15/32	Chord	2/4	1	2	1/32			1/32	1	968		articStaccatoAbove				88
73	70	138	1.0		0	0	Chord	2/4	2	1	1/4			1/4	1	969						
73	70	1115/8	0.125		11/32	11/32	Chord	2/4	2	1	1/32			1/32	1	970						
73	70	279/2	0.375		3/8	3/8	Chord	2/4	2	1	3/32			1/16	3/2	971						
73	70	1119/8	0.125		15/32	15/32	Chord	2/4	2	1	1/32			1/32	1	972						
73	70	138	0.25		0	0	Chord	2/4	2	2	1/16			1/16	1	973		articStaccatoAbove				89
73	70	553/4	0.25		1/16	1/16	Chord	2/4	2	2	1/16			1/16	1	974		articStaccatoAbove				89
73	70	277/2	0.25		1/8	1/8	Chord	2/4	2	2	1/16			1/16	1	975		articStaccatoAbove				89
73	70	555/4	0.25		3/16	3/16	Chord	2/4	2	2	1/16			1/16	1	976		articStaccatoAbove				
74	71	140	0.75		0	0	Chord	2/4	1	1	3/16			1/8	3/2	977		articStaccatoAbove				
74	71	563/4	0.25		3/16	3/16	Chord	2/4	1	1	1/16			1/16	1	978						
74	71	141	1.0		1/4	1/4	Chord	2/4	1	1	1/4			1/4	1	979						
74	71	1121/8	0.125		1/32	1/32	Chord	2/4	1	2	1/32			1/32	1	980		articStaccatoAbove				88
74	71	561/4	0.125		1/16	1/16	Chord	2/4	1	2	1/32			1/32	1	981		articStaccatoAbove				88
74	71	1123/8	0.125		3/32	3/32	Chord	2/4	1	2	1/32			1/32	1	982		articStaccatoAbove				88
74	71	281/2	0.125		1/8	1/8	Chord	2/4	1	2	1/32			1/32	1	983		articStaccatoAbove				
74	71	1129/8	0.125		9/32	9/32	Chord	2/4	1	2	1/32			1/32	1	984		articStaccatoAbove				90
74	71	565/4	0.125		5/16	5/16	Chord	2/4	1	2	1/32			1/32	1	985		articStaccatoAbove				90
74	71	1131/8	0.125		11/32	11/32	Chord	2/4	1	2	1/32			1/32	1	986		articStaccatoAbove				90
74	71	283/2	0.125		3/8	3/8	Chord	2/4	1	2	1/32			1/32	1	987		articStaccatoAbove				90
74	71	1133/8	0.125		13/32	13/32	Chord	2/4	1	2	1/32			1/32	1	988		articStaccatoAbove				90
74	71	567/4	0.125		7/16	7/16	Chord	2/4	1	2	1/32			1/32	1	989		articStaccatoAbove				90
74	71	1135/8	0.125		15/32	15/32	Chord	2/4	1	2	1/32			1/32	1	990		articStaccatoAbove				90
74	71	140	1.0		0	0	Chord	2/4	2	1	1/4			1/4	1	991						
74	71	1131/8	0.125		11/32	11/32	Chord	2/4	2	1	1/32			1/32	1	992						
74	71	283/2	0.375		3/8	3/8	Chord	2/4	2	1	3/32			1/16	3/2	993						
74	71	1135/8	0.125		15/32	15/32	Chord	2/4	2	1	1/32			1/32	1	994						
74	71	140	0.25		0	0	Chord	2/4	2	2	1/16			1/16	1	995		articStaccatoAbove				91
74	71	561/4	0.25		1/16	1/16	Chord	2/4	2	2	1/16			1/16	1	996		articStaccatoAbove				91
74	71	281/2	0.25		1/8	1/8	Chord	2/4	2	2	1/16			1/16	1	997		articStaccatoAbove				91
74	71	563/4	0.25		3/16	3/16	Chord	2/4	2	2	1/16			1/16	1	998		articStaccatoAbove				
75	72	142	0.5		0	0	Chord	2/4	1	1	1/8			1/8	1	999						
75	72	285/2	1.0		1/8	1/8	Chord	2/4	1	1	1/4			1/4	1	1000		ornamentMordent				
75	72	287/2	0.0		3/8	3/8	Dynamic	2/4	1	1	0						p					
75	72	287/2	0.5		3/8	3/8	Chord	2/4	1	1	1/8			1/8	1	1001		ornamentMordent				
75	72	142	0.125		0	0	Chord	2/4	1	2	1/32			1/32	1	1002		articStaccatoAbove				90
75	72	1137/8	0.125		1/32	1/32	Chord	2/4	1	2	1/32			1/32	1	1003		articStaccatoAbove				
75	72	1141/8	0.125		5/32	5/32	Chord	2/4	1	2	1/32			1/32	1	1004		articStaccatoAbove				92
75	72	571/4	0.125		3/16	3/16	Chord	2/4	1	2	1/32			1/32	1	1005		articStaccatoAbove				92
75	72	1143/8	0.125		7/32	7/32	Chord	2/4	1	2	1/32			1/32	1	1006		articStaccatoAbove				92
75	72	143	0.125		1/4	1/4	Chord	2/4	1	2	1/32			1/32	1	1007		articStaccatoAbove				92
75	72	1145/8	0.125		9/32	9/32	Chord	2/4	1	2	1/32			1/32	1	1008		articStaccatoAbove				92
75	72	573/4	0.125		5/16	5/16	Chord	2/4	1	2	1/32			1/32	1	1009		articStaccatoAbove				
75	72	1149/8	0.125		13/32	13/32	Chord	2/4	1	2	1/32			1/32	1	1010		articStaccatoAbove				93
75	72	575/4	0.125		7/16	7/16	Chord	2/4	1	2	1/32			1/32	1	1011		articStaccatoAbove				93
75	72	142	0.375		0	0	Chord	2/4	2	1	3/32			1/16	3/2	1012						
75	72	1139/8	0.125		3/32	3/32	Chord	2/4	2	1	1/32			1/32	1	1013						
75	72	285/2	0.375		1/8	1/8	Chord	2/4	2	1	3/32			1/16	3/2	1014						
75	72	1143/8	0.125		7/32	7/32	Chord	2/4	2	1	1/32			1/32	1	1015						
75	72	143	0.375		1/4	1/4	Chord	2/4	2	1	3/32			1/16	3/2	1016						
75	72	1147/8	0.125		11/32	11/32	Chord	2/4	2	1	1/32			1/32	1	1017						
75	72	287/2	0.375		3/8	3/8	Chord	2/4	2	1	3/32			1/16	3/2	1018						
75	72	1151/8	0.125		15/32	15/32	Chord	2/4	2	1	1/32			1/32	1	1019						
76	73	144	0.5		0	0	Chord	2/4	1	1	1/8			1/8	1	1020						
76	73	289/2	0.5		1/8	1/8	Chord	2/4	1	1	1/8			1/8	1	1021						
76	73	145	0.375		1/4	1/4	Chord	2/4	1	1	3/32			1/16	3/2	1022						
76	73	1163/8	0.0		11/32	11/32	Dynamic	2/4	1	1	0						f					
76	73	1163/8	0.125		11/32	11/32	Chord	2/4	1	1	1/32			1/32	1	1023						
76	73	291/2	0.375		3/8	3/8	Chord	2/4	1	1	3/32			1/16	3/2	1024						
76	73	1167/8	0.125		15/32	15/32	Chord	2/4	1	1	1/32			1/32	1	1025						
76	73	144	0.125		0	0	Chord	2/4	1	2	1/32			1/32	1	1026						93
76	73	1153/8	0.125		1/32	1/32	Chord	2/4	1	2	1/32			1/32	1	1027		articStaccatoAbove				93
76	73	577/4	0.125		1/16	1/16	Chord	2/4	1	2	1/32			1/32	1	1028		articStaccatoAbove				93
76	73	1155/8	0.125		3/32	3/32	Chord	2/4	1	2	1/32			1/32	1	1029		articStaccatoAbove				93
76	73	289/2	0.125		1/8	1/8	Chord	2/4	1	2	1/32			1/32	1	1030		ornamentMordent				93
76	73	1157/8	0.125		5/32	5/32	Chord	2/4	1	2	1/32			1/32	1	1031		articStaccatoAbove				94
76	73	579/4	0.125		3/16	3/16	Chord	2/4	1	2	1/32			1/32	1	1032		articStaccatoAbove				94
76	73	1159/8	0.125		7/32	7/32	Chord	2/4	1	2	1/32			1/32	1	1033		articStaccatoAbove				94
76	73	145	0.125		1/4	1/4	Chord	2/4	1	2	1/32			1/32	1	1034		articStaccatoAbove				94
76	73	1161/8	0.125		9/32	9/32	Chord	2/4	1	2	1/32			1/32	1	1035		articStaccatoAbove				
76	73	144	0.375		0	0	Chord	2/4	2	1	3/32			1/16	3/2	1036						
76	73	1155/8	0.125		3/32	3/32	Chord	2/4	2	1	1/32			1/32	1	1037						
76	73	289/2	0.375		1/8	1/8	Chord	2/4	2	1	3/32			1/16	3/2	1038						
76	73	1159/8	0.125		7/32	7/32	Chord	2/4	2	1	1/32			1/32	1	1039						
76	73	145	0.375		1/4	1/4	Chord	2/4	2	1	3/32			1/16	3/2	1040						
76	73	1163/8	0.125		11/32	11/32	Chord	2/4	2	1	1/32			1/32	1	1041						
76	73	291/2	0.375		3/8	3/8	Chord	2/4	2	1	3/32			1/16	3/2	1042						
76	73	1167/8	0.125		15/32	15/32	Chord	2/4	2	1	1/32			1/32	1	1043						
77	74	146	0.16666666666666666		0	0	Chord	2/4	1	1	1/24			1/16	2/3	1044						95
77	74	877/6	0.16666666666666666		1/24	1/24	Chord	2/4	1	1	1/24			1/16	2/3	1045						95
77	74	439/3	0.16666666666666666		1/12	1/12	Chord	2/4	1	1	1/24			1/16	2/3	1046						
77	74	293/2	0.5		1/8	1/8	Chord	2/4	1	1	1/8			1/8	1	1047						96
77	74	147	0.375		1/4	1/4	Chord	2/4	1	1	3/32			1/16	3/2	1048		ornamentMordent				
77	74	1179/8	0.0		11/32	11/32	Dynamic	2/4	1	1	0						p					
77	74	1179/8	0.125		11/32	11/32	Chord	2/4	1	1	1/32			1/32	1	1049						
77	74	295/2	0.375		3/8	3/8	Chord	2/4	1	1	3/32			1/16	3/2	1050						
77	74	1183/8	0.125		15/32	15/32	Chord	2/4	1	1	1/32			1/32	1	1051						
77	74	1179/8	0.125		11/32	11/32	Chord	2/4	1	2	1/32			1/32	1	1052						
77	74	295/2	0.375		3/8	3/8	Chord	2/4	1	2	3/32			1/16	3/2	1053						
77	74	1183/8	0.125		15/32	15/32	Chord	2/4	1	2	1/32			1/32	1	1054						
77	74	146	0.375		0	0	Chord	2/4	2	1	3/32			1/16	3/2	1055						
77	74	1171/8	0.125		3/32	3/32	Chord	2/4	2	1	1/32			1/32	1	1056						
77	74	293/2	0.5		1/8	1/8	Chord	2/4	2	1	1/8			1/8	1	1057						
77	74	147	0.375		1/4	1/4	Chord	2/4	2	1	3/32			1/16	3/2	1058						
78	75	148	0.16666666666666666		0	0	Chord	2/4	1	1	1/24			1/16	2/3	1059						
78	75	889/6	0.16666666666666666		1/24	1/24	Chord	2/4	1	1	1/24			1/16	2/3	1060						
78	75	445/3	0.16666666666666666		1/12	1/12	Chord	2/4	1	1	1/24			1/16	2/3	1061						
78	75	297/2	0.0		1/8	1/8	StaffText	2/4	1	1	0								ten.			
78	75	297/2	0.5		1/8	1/8	Chord	2/4	1	1	1/8			1/8	1	1062						97
78	75	149	0.5		1/4	1/4	Chord	2/4	1	1	1/8			1/8	1	1063		ornamentMordent				
78	75	1199/8	0.0		15/32	15/32	Dynamic	2/4	1	1	0						f					
78	75	1199/8	0.125		15/32	15/32	Chord	2/4	1	1	1/32			1/32	1	1064						
78	75	148	0.375		0	0	Chord	2/4	1	2	3/32			1/16	3/2	1065						
78	75	1187/8	0.125		3/32	3/32	Chord	2/4	1	2	1/32			1/32	1	1066						
78	75	297/2	1.0		1/8	1/8	Chord	2/4	1	2	1/4			1/4	1	1067						
78	75	1199/8	0.125		15/32	15/32	Chord	2/4	2	1	1/32			1/32	1	1068						
79	76	150	0.5		0	0	Chord	2/4	1	1	1/8			1/8	1	1069						
79	76	301/2	0.0625		1/8	1/8	Chord	2/4	1	1	1/64			1/64	1	1070						
79	76	2409/16	0.0625		9/64	9/64	Chord	2/4	1	1	1/64			1/64	1	1071						
79	76	1205/8	0.0625		5/32	5/32	Chord	2/4	1	1	1/64			1/64	1	1072						
79	76	2411/16	0.0625		11/64	11/64	Chord	2/4	1	1	1/64			1/64	1	1073						
79	76	603/4	0.0625		3/16	3/16	Chord	2/4	1	1	1/64			1/64	1	1074						
79	76	2413/16	0.0625		13/64	13/64	Chord	2/4	1	1	1/64			1/64	1	1075						
79	76	1207/8	0.0625		7/32	7/32	Chord	2/4	1	1	1/64			1/64	1	1076						
79	76	2415/16	0.0625		15/64	15/64	Chord	2/4	1	1	1/64			1/64	1	1077						
79	76	151	1.0		1/4	1/4	Chord	2/4	1	1	1/4			1/4	1	1078		ornamentUpPrall				
79	76	150	0.5		0	0	Chord	2/4	2	1	1/8			1/8	1	1079						
79	76	301/2	0.5		1/8	1/8	Chord	2/4	2	1	1/8			1/8	1	1080						
79	76	303/2	0.5		3/8	3/8	Chord	2/4	2	1	1/8			1/8	1	1081						
79	76	303/2	0.5		3/8	3/8	Chord	2/4	2	2	1/8			1/8	1	1082						
80	77		1.0	1	0	0	Chord	2/4	1	1	1/4			1/4	1	1083						
80	77		1.0	1	0	0	Chord	2/4	2	1	1/4			1/4	1	1084						
80	77		0.5	1	0	0	Chord	2/4	2	2	1/8			1/8	1	1085						
80	77		0.375	1	1/8	1/8	Chord	2/4	2	2	3/32			1/16	3/2	1086						
80	77		0.125	1	7/32	7/32	Chord	2/4	2	2	1/32			1/32	1	1087						
80	77		0.375	1	1/4	1/4	Chord	2/4	2	2	3/32			1/16	3/2	1088						
80	77		0.125	1	11/32	11/32	Chord	2/4	2	2	1/32			1/32	1	1089						
80	77		0.375	1	3/8	3/8	Chord	2/4	2	2	3/32			1/16	3/2	1090		ornamentShortTrill				
80	77		0.125	1	15/32	15/32	Chord	2/4	2	2	1/32			1/32	1	1091						
81	77	152	0.0	2	0	0	Dynamic	2/4	1	1	0						pp					
81	77	152	0.5	2	0	0	Chord	2/4	1	1	1/8			1/8	1	1092						
81	77	152	0.5	2	0	0	Chord	2/4	2	1	1/8			1/8	1	1093						
81	77	305/2	1.0	2	1/8	1/8	Chord	2/4	2	1	1/4			1/4	1	1094						
81	77	307/2	0.5	2	3/8	3/8	Chord	2/4	2	1	1/8			1/8	1	1095		articStaccatoAbove				98
81	77	152	1.0	2	0	0	Chord	2/4	2	2	1/4			1/4	1	1096						
81	77	153	1.0	2	1/4	1/4	Chord	2/4	2	2	1/4			1/4	1	1097						
81	77	611/4	0.25	2	3/16	3/16	Chord	2/4	2	3	1/16			1/16	1	1098		articStaccatoAbove				99
81	77	153	0.25	2	1/4	1/4	Chord	2/4	2	3	1/16			1/16	1	1099		articStaccatoAbove				99
81	77	613/4	0.25	2	5/16	5/16	Chord	2/4	2	3	1/16			1/16	1	1100		articStaccatoAbove				
81	77	615/4	0.125	2	7/16	7/16	Chord	2/4	2	3	1/32			1/32	1	1101		articStaccatoAbove				
82	77	154	0.5		0	0	Chord	2/4	2	1	1/8			1/8	1	1102		articStaccatoAbove				
82	77	309/2	1.0		1/8	1/8	Chord	2/4	2	1	1/4			1/4	1	1103						
82	77	311/2	0.5		3/8	3/8	Chord	2/4	2	1	1/8			1/8	1	1104						
82	77	154	1.0		0	0	Chord	2/4	2	2	1/4			1/4	1	1105		articStaccatoAbove				
82	77	155	1.0		1/4	1/4	Chord	2/4	2	2	1/4			1/4	1	1106						
82	77	617/4	0.0625		1/16	1/16	Chord	2/4	2	3	1/64			1/64	1	1107		articStaccatoAbove				100
82	77	2469/16	0.0625		5/64	5/64	Chord	2/4	2	3	1/64			1/64	1	1108		articStaccatoAbove				100
82	77	1235/8	0.125		3/32	3/32	Chord	2/4	2	3	1/32			1/32	1	1109		articStaccatoAbove				
82	77	309/2	0.25		1/8	1/8	Chord	2/4	2	3	1/16			1/16	1	1110		articStaccatoBelow				101
82	77	619/4	0.25		3/16	3/16	Chord	2/4	2	3	1/16			1/16	1	1111		articStaccatoBelow				101
82	77	621/4	0.25		5/16	5/16	Chord	2/4	2	3	1/16			1/16	1	1112		articStaccatoBelow				101
82	77	311/2	0.25		3/8	3/8	Chord	2/4	2	3	1/16			1/16	1	1113		articStaccatoBelow				101
82	77	623/4	0.25		7/16	7/16	Chord	2/4	2	3	1/16			1/16	1	1114		articStaccatoBelow				
83	77	156	1.0		0	0	Chord	2/4	2	1	1/4			1/4	1	1115						102
83	77	157	1.0		1/4	1/4	Chord	2/4	2	1	1/4			1/4	1	1116						
83	77	156	0.5		0	0	Chord	2/4	2	2	1/8			1/8	1	1117						
83	77	313/2	1.0		1/8	1/8	Chord	2/4	2	2	1/4			1/4	1	1118						
83	77	315/2	0.5		3/8	3/8	Chord	2/4	2	2	1/8			1/8	1	1119						
83	77	1249/8	0.125		1/32	1/32	Chord	2/4	2	3	1/32			1/32	1	1120		articStaccatoAbove				
83	77	625/4	0.125		1/16	1/16	Chord	2/4	2	3	1/32			1/32	1	1121		articStaccatoAbove				
83	77	1251/8	0.125		3/32	3/32	Chord	2/4	2	3	1/32			1/32	1	1122		articStaccatoAbove				
83	77	313/2	0.125		1/8	1/8	Chord	2/4	2	3	1/32			1/32	1	1123		articStaccatoAbove				
83	77	1253/8	0.125		5/32	5/32	Chord	2/4	2	3	1/32			1/32	1	1124		articStaccatoAbove				
83	77	1257/8	0.125		9/32	9/32	Chord	2/4	2	3	1/32			1/32	1	1125		articStaccatoAbove				
83	77	629/4	0.25		5/16	5/16	Chord	2/4	2	3	1/16			1/16	1	1126		articStaccatoAbove				
83	77	315/2	0.25		3/8	3/8	Chord	2/4	2	3	1/16			1/16	1	1127		articStaccatoAbove				
84	77	158	0.5		0	0	Chord	2/4	2	1	1/8			1/8	1	1128						
84	77	317/2	1.0		1/8	1/8	Chord	2/4	2	1	1/4			1/4	1	1129						
84	77	319/2	0.25		3/8	3/8	Chord	2/4	2	1	1/16			1/16	1	1130		ornamentShortTrill				
84	77	639/4	0.25		7/16	7/16	Chord	2/4	2	1	1/16			1/16	1	1131						
84	77	158	1.0		0	0	Chord	2/4	2	2	1/4			1/4	1	1132						
84	77	159	1.0		1/4	1/4	Chord	2/4	2	2	1/4			1/4	1	1133						
84	77	633/4	0.25		1/16	1/16	Chord	2/4	2	3	1/16			1/16	1	1134		articStaccatoBelow				103
84	77	317/2	0.25		1/8	1/8	Chord	2/4	2	3	1/16			1/16	1	1135		articStaccatoBelow				103
84	77	635/4	0.25		3/16	3/16	Chord	2/4	2	3	1/16			1/16	1	1136		articStaccatoBelow				103
84	77	637/4	0.25		5/16	5/16	Chord	2/4	2	3	1/16			1/16	1	1137		articStaccatoBelow				103
84	77	319/2	0.25		3/8	3/8	Chord	2/4	2	3	1/16			1/16	1	1138		articStaccatoBelow				103
84	77	639/4	0.25		7/16	7/16	Chord	2/4	2	3	1/16			1/16	1	1139		articStaccatoBelow				
