mc	mn	quarterbeats	duration_qb	mc_onset	mn_onset	event	timesig	staff	voice	duration	gracenote	tremolo	nominal_duration	scalar	chord_id	dynamics	articulation	staff_text	tempo	qpm	slur
1	1	0	0.0	0	0	Dynamic	2/4	1	1	0						p					
1	1	0	0.0	0	0	Tempo	2/4	1	1	0									ùÖü = 80	80	
1	1	0	0.25	0	0	Chord	2/4	1	1	1/16			1/16	1	0						0
1	1	1/4	0.25	1/16	1/16	Chord	2/4	1	1	1/16			1/16	1	1						
1	1	1/2	0.5	1/8	1/8	Chord	2/4	1	1	1/8			1/8	1	2						
1	1	1	0.25	1/4	1/4	Chord	2/4	1	1	1/16			1/16	1	3						
1	1	5/4	0.25	5/16	5/16	Chord	2/4	1	1	1/16			1/16	1	4						
1	1	3/2	0.25	3/8	3/8	Chord	2/4	1	1	1/16			1/16	1	5						1
1	1	7/4	0.25	7/16	7/16	Chord	2/4	1	1	1/16			1/16	1	6						
1	1	1/2	0.5	1/8	1/8	Chord	2/4	1	2	1/8			1/8	1	7						
1	1	1	0.5	1/4	1/4	Chord	2/4	1	2	1/8			1/8	1	8						
1	1	3/2	0.5	3/8	3/8	Chord	2/4	1	2	1/8			1/8	1	9						
2	2	2	0.25	0	0	Chord	2/4	1	1	1/16			1/16	1	10						2
2	2	9/4	0.25	1/16	1/16	Chord	2/4	1	1	1/16			1/16	1	11						
2	2	5/2	0.5	1/8	1/8	Chord	2/4	1	1	1/8			1/8	1	12						
2	2	3	0.25	1/4	1/4	Chord	2/4	1	1	1/16			1/16	1	13						3
2	2	13/4	0.25	5/16	5/16	Chord	2/4	1	1	1/16			1/16	1	14						3
2	2	7/2	0.25	3/8	3/8	Chord	2/4	1	1	1/16			1/16	1	15						3
2	2	15/4	0.25	7/16	7/16	Chord	2/4	1	1	1/16			1/16	1	16						
2	2	5/2	0.5	1/8	1/8	Chord	2/4	1	2	1/8			1/8	1	17						
2	2	3	0.5	1/4	1/4	Chord	2/4	1	2	1/8			1/8	1	18						
2	2	7/2	0.5	3/8	3/8	Chord	2/4	1	2	1/8			1/8	1	19						
3	3	4	0.25	0	0	Chord	2/4	1	1	1/16			1/16	1	20						4
3	3	17/4	0.25	1/16	1/16	Chord	2/4	1	1	1/16			1/16	1	21						
3	3	9/2	0.5	1/8	1/8	Chord	2/4	1	1	1/8			1/8	1	22						
3	3	5	0.25	1/4	1/4	Chord	2/4	1	1	1/16			1/16	1	23						
3	3	21/4	0.25	5/16	5/16	Chord	2/4	1	1	1/16			1/16	1	24						
3	3	11/2	0.25	3/8	3/8	Chord	2/4	1	1	1/16			1/16	1	25						5
3	3	23/4	0.25	7/16	7/16	Chord	2/4	1	1	1/16			1/16	1	26						
3	3	9/2	0.5	1/8	1/8	Chord	2/4	1	2	1/8			1/8	1	27						
3	3	5	0.5	1/4	1/4	Chord	2/4	1	2	1/8			1/8	1	28						
3	3	11/2	0.5	3/8	3/8	Chord	2/4	1	2	1/8			1/8	1	29						
4	4	6	0.25	0	0	Chord	2/4	1	1	1/16			1/16	1	30						6
4	4	25/4	0.25	1/16	1/16	Chord	2/4	1	1	1/16			1/16	1	31						
4	4	13/2	0.5	1/8	1/8	Chord	2/4	1	1	1/8			1/8	1	32						
4	4	7	0.0	1/4	1/4	Dynamic	2/4	1	1	0						f					
4	4	7	0.25	1/4	1/4	Chord	2/4	1	1	1/16			1/16	1	33						
4	4	29/4	0.25	5/16	5/16	Chord	2/4	1	1	1/16			1/16	1	34						7
4	4	15/2	0.25	3/8	3/8	Chord	2/4	1	1	1/16			1/16	1	35						7
4	4	31/4	0.25	7/16	7/16	Chord	2/4	1	1	1/16			1/16	1	36						
4	4	13/2	0.5	1/8	1/8	Chord	2/4	1	2	1/8			1/8	1	37						
4	4	7	0.5	1/4	1/4	Chord	2/4	1	2	1/8			1/8	1	38						
4	4	15/2	0.5	3/8	3/8	Chord	2/4	1	2	1/8			1/8	1	39						
5	5	8	0.25	0	0	Chord	2/4	1	1	1/16			1/16	1	40						8
5	5	33/4	0.25	1/16	1/16	Chord	2/4	1	1	1/16			1/16	1	41						
5	5	35/4	0.25	3/16	3/16	Chord	2/4	1	1	1/16			1/16	1	42						
5	5	9	0.5	1/4	1/4	Chord	2/4	1	1	1/8			1/8	1	43						9
5	5	19/2	0.5	3/8	3/8	Chord	2/4	1	1	1/8			1/8	1	44		ornamentShortTrill				
5	5	17/2	0.5	1/8	1/8	Chord	2/4	1	2	1/8			1/8	1	45						
5	5	19/2	0.5	3/8	3/8	Chord	2/4	1	2	1/8			1/8	1	46						
6	6	10	0.25	0	0	Chord	2/4	1	1	1/16			1/16	1	47						
6	6	41/4	0.125	1/16	1/16	Chord	2/4	1	1	1/32			1/32	1	48						
6	6	83/8	0.125	3/32	3/32	Chord	2/4	1	1	1/32			1/32	1	49						
6	6	21/2	0.125	1/8	1/8	Chord	2/4	1	1	1/32			1/32	1	50						
6	6	85/8	0.125	5/32	5/32	Chord	2/4	1	1	1/32			1/32	1	51						
6	6	43/4	0.125	3/16	3/16	Chord	2/4	1	1	1/32			1/32	1	52						
6	6	87/8	0.125	7/32	7/32	Chord	2/4	1	1	1/32			1/32	1	53						
6	6	11	0.125	1/4	1/4	Chord	2/4	1	1	1/32			1/32	1	54						
6	6	89/8	0.125	9/32	9/32	Chord	2/4	1	1	1/32			1/32	1	55						
6	6	45/4	0.125	5/16	5/16	Chord	2/4	1	1	1/32			1/32	1	56						
6	6	91/8	0.125	11/32	11/32	Chord	2/4	1	1	1/32			1/32	1	57						
6	6	23/2	0.125	3/8	3/8	Chord	2/4	1	1	1/32			1/32	1	58						
6	6	93/8	0.125	13/32	13/32	Chord	2/4	1	1	1/32			1/32	1	59						
6	6	47/4	0.125	7/16	7/16	Chord	2/4	1	1	1/32			1/32	1	60						
6	6	95/8	0.125	15/32	15/32	Chord	2/4	1	1	1/32			1/32	1	61						
6	6	10	1.0	0	0	Chord	2/4	1	2	1/4			1/4	1	62		articStaccatissimoBelow				
7	7	49/4	0.125	1/16	1/16	Chord	2/4	1	1	1/32			1/32	1	63						
7	7	99/8	0.125	3/32	3/32	Chord	2/4	1	1	1/32			1/32	1	64						
7	7	25/2	0.25	1/8	1/8	Chord	2/4	1	1	1/16			1/16	1	65		articStaccatissimoAbove				
7	7	51/4	0.25	3/16	3/16	Chord	2/4	1	1	1/16			1/16	1	66		articStaccatissimoAbove				
7	7	53/4	0.25	5/16	5/16	Chord	2/4	1	1	1/16			1/16	1	67						
7	7	55/4	0.25	7/16	7/16	Chord	2/4	1	1	1/16			1/16	1	68						
7	7	12	1.0	0	0	Chord	2/4	1	2	1/4			1/4	1	69						
7	7	13	0.5	1/4	1/4	Chord	2/4	1	2	1/8			1/8	1	70						
7	7	27/2	0.5	3/8	3/8	Chord	2/4	1	2	1/8			1/8	1	71						
7	7	13	0.5	1/4	1/4	Chord	2/4	2	1	1/8			1/8	1	72						
7	7	27/2	0.5	3/8	3/8	Chord	2/4	2	1	1/8			1/8	1	73						
8	8	14	1.0	0	0	Chord	2/4	1	1	1/4			1/4	1	74						10
8	8	15	1.0	1/4	1/4	Chord	2/4	1	1	1/4			1/4	1	75		ornamentTurn				
8	8	14	1.0	0	0	Chord	2/4	1	2	1/4			1/4	1	76						11
8	8	15	1.0	1/4	1/4	Chord	2/4	1	2	1/4			1/4	1	77						
8	8	14	2.0	0	0	Chord	2/4	2	1	1/2			1/2	1	78						
9	9	16	0.0	0	0	Dynamic	2/4	1	1	0						p					
9	9	129/8	0.125	1/32	1/32	Chord	2/4	1	1	1/32			1/32	1	79						
9	9	65/4	0.125	1/16	1/16	Chord	2/4	1	1	1/32			1/32	1	80						
9	9	131/8	0.125	3/32	3/32	Chord	2/4	1	1	1/32			1/32	1	81						
9	9	133/8	0.125	5/32	5/32	Chord	2/4	1	1	1/32			1/32	1	82						
9	9	67/4	0.125	3/16	3/16	Chord	2/4	1	1	1/32			1/32	1	83						
9	9	135/8	0.125	7/32	7/32	Chord	2/4	1	1	1/32			1/32	1	84						
9	9	137/8	0.125	9/32	9/32	Chord	2/4	1	1	1/32			1/32	1	85						
9	9	69/4	0.125	5/16	5/16	Chord	2/4	1	1	1/32			1/32	1	86						
9	9	139/8	0.125	11/32	11/32	Chord	2/4	1	1	1/32			1/32	1	87						
9	9	141/8	0.125	13/32	13/32	Chord	2/4	1	1	1/32			1/32	1	88						
9	9	71/4	0.125	7/16	7/16	Chord	2/4	1	1	1/32			1/32	1	89						
9	9	143/8	0.125	15/32	15/32	Chord	2/4	1	1	1/32			1/32	1	90						
9	9	16	0.5	0	0	Chord	2/4	2	1	1/8			1/8	1	91						
9	9	33/2	0.5	1/8	1/8	Chord	2/4	2	1	1/8			1/8	1	92						
9	9	17	0.5	1/4	1/4	Chord	2/4	2	1	1/8			1/8	1	93						
9	9	35/2	0.5	3/8	3/8	Chord	2/4	2	1	1/8			1/8	1	94						
10	10	145/8	0.125	1/32	1/32	Chord	2/4	1	1	1/32			1/32	1	95						
10	10	73/4	0.125	1/16	1/16	Chord	2/4	1	1	1/32			1/32	1	96						
10	10	147/8	0.125	3/32	3/32	Chord	2/4	1	1	1/32			1/32	1	97						
10	10	149/8	0.125	5/32	5/32	Chord	2/4	1	1	1/32			1/32	1	98						
10	10	75/4	0.125	3/16	3/16	Chord	2/4	1	1	1/32			1/32	1	99						
10	10	151/8	0.125	7/32	7/32	Chord	2/4	1	1	1/32			1/32	1	100						
10	10	19	0.0	1/4	1/4	Dynamic	2/4	1	1	0						f					
10	10	153/8	0.125	9/32	9/32	Chord	2/4	1	1	1/32			1/32	1	101						
10	10	77/4	0.125	5/16	5/16	Chord	2/4	1	1	1/32			1/32	1	102						
10	10	155/8	0.125	11/32	11/32	Chord	2/4	1	1	1/32			1/32	1	103						
10	10	157/8	0.125	13/32	13/32	Chord	2/4	1	1	1/32			1/32	1	104						
10	10	79/4	0.125	7/16	7/16	Chord	2/4	1	1	1/32			1/32	1	105						
10	10	159/8	0.125	15/32	15/32	Chord	2/4	1	1	1/32			1/32	1	106						
10	10	18	0.5	0	0	Chord	2/4	2	1	1/8			1/8	1	107						
10	10	37/2	0.5	1/8	1/8	Chord	2/4	2	1	1/8			1/8	1	108						
10	10	19	0.5	1/4	1/4	Chord	2/4	2	1	1/8			1/8	1	109						
10	10	39/2	0.5	3/8	3/8	Chord	2/4	2	1	1/8			1/8	1	110						
11	11	161/8	0.125	1/32	1/32	Chord	2/4	1	1	1/32			1/32	1	111						
11	11	81/4	0.125	1/16	1/16	Chord	2/4	1	1	1/32			1/32	1	112						
11	11	163/8	0.125	3/32	3/32	Chord	2/4	1	1	1/32			1/32	1	113						
11	11	165/8	0.125	5/32	5/32	Chord	2/4	1	1	1/32			1/32	1	114						
11	11	83/4	0.125	3/16	3/16	Chord	2/4	1	1	1/32			1/32	1	115						
11	11	167/8	0.125	7/32	7/32	Chord	2/4	1	1	1/32			1/32	1	116						
11	11	169/8	0.125	9/32	9/32	Chord	2/4	1	1	1/32			1/32	1	117						
11	11	85/4	0.125	5/16	5/16	Chord	2/4	1	1	1/32			1/32	1	118						
11	11	171/8	0.125	11/32	11/32	Chord	2/4	1	1	1/32			1/32	1	119						
11	11	173/8	0.125	13/32	13/32	Chord	2/4	1	1	1/32			1/32	1	120						
11	11	87/4	0.125	7/16	7/16	Chord	2/4	1	1	1/32			1/32	1	121						
11	11	175/8	0.125	15/32	15/32	Chord	2/4	1	1	1/32			1/32	1	122						
11	11	20	0.5	0	0	Chord	2/4	2	1	1/8			1/8	1	123						
11	11	41/2	0.5	1/8	1/8	Chord	2/4	2	1	1/8			1/8	1	124						
11	11	21	0.5	1/4	1/4	Chord	2/4	2	1	1/8			1/8	1	125						
11	11	43/2	0.5	3/8	3/8	Chord	2/4	2	1	1/8			1/8	1	126						
12	12	177/8	0.125	1/32	1/32	Chord	2/4	1	1	1/32			1/32	1	127						
12	12	89/4	0.125	1/16	1/16	Chord	2/4	1	1	1/32			1/32	1	128						
12	12	179/8	0.125	3/32	3/32	Chord	2/4	1	1	1/32			1/32	1	129						
12	12	181/8	0.125	5/32	5/32	Chord	2/4	1	1	1/32			1/32	1	130						
12	12	91/4	0.125	3/16	3/16	Chord	2/4	1	1	1/32			1/32	1	131						
12	12	183/8	0.125	7/32	7/32	Chord	2/4	1	1	1/32			1/32	1	132						
12	12	185/8	0.125	9/32	9/32	Chord	2/4	1	1	1/32			1/32	1	133						
12	12	93/4	0.125	5/16	5/16	Chord	2/4	1	1	1/32			1/32	1	134						
12	12	187/8	0.125	11/32	11/32	Chord	2/4	1	1	1/32			1/32	1	135						
12	12	189/8	0.125	13/32	13/32	Chord	2/4	1	1	1/32			1/32	1	136						
12	12	95/4	0.125	7/16	7/16	Chord	2/4	1	1	1/32			1/32	1	137						
12	12	191/8	0.125	15/32	15/32	Chord	2/4	1	1	1/32			1/32	1	138						
12	12	22	0.5	0	0	Chord	2/4	2	1	1/8			1/8	1	139						
12	12	45/2	0.5	1/8	1/8	Chord	2/4	2	1	1/8			1/8	1	140						
12	12	23	0.0	1/4	1/4	Dynamic	2/4	2	1	0						p					
12	12	23	0.5	1/4	1/4	Chord	2/4	2	1	1/8			1/8	1	141						
12	12	47/2	0.5	3/8	3/8	Chord	2/4	2	1	1/8			1/8	1	142						
13	13	193/8	0.125	1/32	1/32	Chord	2/4	1	1	1/32			1/32	1	143						
13	13	97/4	0.125	1/16	1/16	Chord	2/4	1	1	1/32			1/32	1	144						
13	13	195/8	0.125	3/32	3/32	Chord	2/4	1	1	1/32			1/32	1	145						
13	13	197/8	0.125	5/32	5/32	Chord	2/4	1	1	1/32			1/32	1	146						
13	13	99/4	0.125	3/16	3/16	Chord	2/4	1	1	1/32			1/32	1	147						
13	13	199/8	0.125	7/32	7/32	Chord	2/4	1	1	1/32			1/32	1	148						
13	13	201/8	0.125	9/32	9/32	Chord	2/4	1	1	1/32			1/32	1	149						
13	13	101/4	0.125	5/16	5/16	Chord	2/4	1	1	1/32			1/32	1	150						
13	13	203/8	0.125	11/32	11/32	Chord	2/4	1	1	1/32			1/32	1	151						
13	13	205/8	0.125	13/32	13/32	Chord	2/4	1	1	1/32			1/32	1	152						
13	13	103/4	0.125	7/16	7/16	Chord	2/4	1	1	1/32			1/32	1	153						
13	13	207/8	0.125	15/32	15/32	Chord	2/4	1	1	1/32			1/32	1	154						
13	13	24	0.5	0	0	Chord	2/4	2	1	1/8			1/8	1	155						
13	13	49/2	0.5	1/8	1/8	Chord	2/4	2	1	1/8			1/8	1	156						
13	13	25	0.5	1/4	1/4	Chord	2/4	2	1	1/8			1/8	1	157						
13	13	51/2	0.5	3/8	3/8	Chord	2/4	2	1	1/8			1/8	1	158						
14	14	209/8	0.125	1/32	1/32	Chord	2/4	1	1	1/32			1/32	1	159						
14	14	105/4	0.125	1/16	1/16	Chord	2/4	1	1	1/32			1/32	1	160						
14	14	211/8	0.125	3/32	3/32	Chord	2/4	1	1	1/32			1/32	1	161						
14	14	213/8	0.125	5/32	5/32	Chord	2/4	1	1	1/32			1/32	1	162						
14	14	107/4	0.125	3/16	3/16	Chord	2/4	1	1	1/32			1/32	1	163						
14	14	215/8	0.125	7/32	7/32	Chord	2/4	1	1	1/32			1/32	1	164						
14	14	217/8	0.125	9/32	9/32	Chord	2/4	1	1	1/32			1/32	1	165						
14	14	109/4	0.125	5/16	5/16	Chord	2/4	1	1	1/32			1/32	1	166						
14	14	219/8	0.125	11/32	11/32	Chord	2/4	1	1	1/32			1/32	1	167						
14	14	221/8	0.125	13/32	13/32	Chord	2/4	1	1	1/32			1/32	1	168						
14	14	111/4	0.125	7/16	7/16	Chord	2/4	1	1	1/32			1/32	1	169						
14	14	223/8	0.125	15/32	15/32	Chord	2/4	1	1	1/32			1/32	1	170						
14	14	26	0.5	0	0	Chord	2/4	2	1	1/8			1/8	1	171						
14	14	53/2	0.5	1/8	1/8	Chord	2/4	2	1	1/8			1/8	1	172						
14	14	27	0.5	1/4	1/4	Chord	2/4	2	1	1/8			1/8	1	173						
14	14	55/2	0.5	3/8	3/8	Chord	2/4	2	1	1/8			1/8	1	174						
15	15	28	0.0	0	0	Dynamic	2/4	1	1	0						f					
15	15	225/8	0.125	1/32	1/32	Chord	2/4	1	1	1/32			1/32	1	175						
15	15	113/4	0.125	1/16	1/16	Chord	2/4	1	1	1/32			1/32	1	176						
15	15	227/8	0.125	3/32	3/32	Chord	2/4	1	1	1/32			1/32	1	177						
15	15	229/8	0.125	5/32	5/32	Chord	2/4	1	1	1/32			1/32	1	178						
15	15	115/4	0.125	3/16	3/16	Chord	2/4	1	1	1/32			1/32	1	179						
15	15	231/8	0.125	7/32	7/32	Chord	2/4	1	1	1/32			1/32	1	180						
15	15	233/8	0.125	9/32	9/32	Chord	2/4	1	1	1/32			1/32	1	181						
15	15	117/4	0.125	5/16	5/16	Chord	2/4	1	1	1/32			1/32	1	182						
15	15	235/8	0.125	11/32	11/32	Chord	2/4	1	1	1/32			1/32	1	183						
15	15	237/8	0.125	13/32	13/32	Chord	2/4	1	1	1/32			1/32	1	184						
15	15	119/4	0.125	7/16	7/16	Chord	2/4	1	1	1/32			1/32	1	185						
15	15	239/8	0.125	15/32	15/32	Chord	2/4	1	1	1/32			1/32	1	186						
15	15	28	0.5	0	0	Chord	2/4	2	1	1/8			1/8	1	187						
15	15	57/2	0.5	1/8	1/8	Chord	2/4	2	1	1/8			1/8	1	188						
15	15	29	0.5	1/4	1/4	Chord	2/4	2	1	1/8			1/8	1	189						
15	15	59/2	0.5	3/8	3/8	Chord	2/4	2	1	1/8			1/8	1	190						
16	16	241/8	0.125	1/32	1/32	Chord	2/4	1	1	1/32			1/32	1	191						
16	16	121/4	0.125	1/16	1/16	Chord	2/4	1	1	1/32			1/32	1	192						
16	16	243/8	0.125	3/32	3/32	Chord	2/4	1	1	1/32			1/32	1	193						
16	16	245/8	0.125	5/32	5/32	Chord	2/4	1	1	1/32			1/32	1	194						
16	16	123/4	0.125	3/16	3/16	Chord	2/4	1	1	1/32			1/32	1	195						
16	16	247/8	0.125	7/32	7/32	Chord	2/4	1	1	1/32			1/32	1	196						
16	16	249/8	0.125	9/32	9/32	Chord	2/4	1	1	1/32			1/32	1	197						
16	16	125/4	0.125	5/16	5/16	Chord	2/4	1	1	1/32			1/32	1	198						
16	16	251/8	0.125	11/32	11/32	Chord	2/4	1	1	1/32			1/32	1	199						
16	16	253/8	0.125	13/32	13/32	Chord	2/4	1	1	1/32			1/32	1	200						
16	16	127/4	0.125	7/16	7/16	Chord	2/4	1	1	1/32			1/32	1	201						
16	16	255/8	0.125	15/32	15/32	Chord	2/4	1	1	1/32			1/32	1	202						
16	16	30	0.5	0	0	Chord	2/4	2	1	1/8			1/8	1	203						
16	16	61/2	0.5	1/8	1/8	Chord	2/4	2	1	1/8			1/8	1	204						
16	16	31	0.5	1/4	1/4	Chord	2/4	2	1	1/8			1/8	1	205						
16	16	63/2	0.5	3/8	3/8	Chord	2/4	2	1	1/8			1/8	1	206						
17	17	257/8	0.125	1/32	1/32	Chord	2/4	1	1	1/32			1/32	1	207						
17	17	129/4	0.125	1/16	1/16	Chord	2/4	1	1	1/32			1/32	1	208						
17	17	259/8	0.125	3/32	3/32	Chord	2/4	1	1	1/32			1/32	1	209						
17	17	261/8	0.125	5/32	5/32	Chord	2/4	1	1	1/32			1/32	1	210						
17	17	131/4	0.125	3/16	3/16	Chord	2/4	1	1	1/32			1/32	1	211						
17	17	263/8	0.125	7/32	7/32	Chord	2/4	1	1	1/32			1/32	1	212						
17	17	265/8	0.125	9/32	9/32	Chord	2/4	1	1	1/32			1/32	1	213						
17	17	133/4	0.125	5/16	5/16	Chord	2/4	1	1	1/32			1/32	1	214						
17	17	267/8	0.125	11/32	11/32	Chord	2/4	1	1	1/32			1/32	1	215						
17	17	269/8	0.125	13/32	13/32	Chord	2/4	1	1	1/32			1/32	1	216						
17	17	135/4	0.125	7/16	7/16	Chord	2/4	1	1	1/32			1/32	1	217						
17	17	271/8	0.125	15/32	15/32	Chord	2/4	1	1	1/32			1/32	1	218						
17	17	32	0.5	0	0	Chord	2/4	2	1	1/8			1/8	1	219						
17	17	65/2	0.5	1/8	1/8	Chord	2/4	2	1	1/8			1/8	1	220						
17	17	33	0.5	1/4	1/4	Chord	2/4	2	1	1/8			1/8	1	221						
17	17	67/2	0.5	3/8	3/8	Chord	2/4	2	1	1/8			1/8	1	222						
18	18	137/4	0.125	1/16	1/16	Chord	2/4	1	1	1/32			1/32	1	223						
18	18	275/8	0.125	3/32	3/32	Chord	2/4	1	1	1/32			1/32	1	224						
18	18	69/2	0.25	1/8	1/8	Chord	2/4	1	1	1/16			1/16	1	225		articStaccatissimoAbove				
18	18	139/4	0.25	3/16	3/16	Chord	2/4	1	1	1/16			1/16	1	226		articStaccatissimoAbove				
18	18	35	0.25	1/4	1/4	Chord	2/4	1	1	1/16			1/16	1	227		articStaccatissimoAbove				
18	18	141/4	0.25	5/16	5/16	Chord	2/4	1	1	1/16			1/16	1	228		articStaccatissimoAbove				
18	18	71/2	0.25	3/8	3/8	Chord	2/4	1	1	1/16			1/16	1	229		articStaccatissimoAbove				
18	18	143/4	0.25	7/16	7/16	Chord	2/4	1	1	1/16			1/16	1	230		articStaccatissimoAbove				
18	18	34	1.0	0	0	Chord	2/4	2	1	1/4			1/4	1	231						
18	18	71/2	0.5	3/8	3/8	Chord	2/4	2	1	1/8			1/8	1	232						
19	19	36	0.25	0	0	Chord	2/4	1	1	1/16			1/16	1	233						12
19	19	145/4	0.25	1/16	1/16	Chord	2/4	1	1	1/16			1/16	1	234						
19	19	147/4	0.25	3/16	3/16	Chord	2/4	1	1	1/16			1/16	1	235						
19	19	37	0.25	1/4	1/4	Chord	2/4	1	1	1/16			1/16	1	236						13
19	19	149/4	0.25	5/16	5/16	Chord	2/4	1	1	1/16			1/16	1	237						
19	19	151/4	0.25	7/16	7/16	Chord	2/4	1	1	1/16			1/16	1	238						
19	19	36	0.5	0	0	Chord	2/4	2	1	1/8			1/8	1	239						
19	19	73/2	0.5	1/8	1/8	Chord	2/4	2	1	1/8			1/8	1	240						
19	19	37	0.5	1/4	1/4	Chord	2/4	2	1	1/8			1/8	1	241						
19	19	75/2	0.5	3/8	3/8	Chord	2/4	2	1	1/8			1/8	1	242						
20	20	38	0.5	0	0	Chord	2/4	1	1	1/8			1/8	1	243						
20	20	77/2	0.25	1/8	1/8	Chord	2/4	1	1	1/16			1/16	1	244						14
20	20	155/4	0.25	3/16	3/16	Chord	2/4	1	1	1/16			1/16	1	245						
20	20	39	0.25	1/4	1/4	Chord	2/4	1	1	1/16			1/16	1	246						15
20	20	157/4	0.25	5/16	5/16	Chord	2/4	1	1	1/16			1/16	1	247						
20	20	79/2	0.25	3/8	3/8	Chord	2/4	1	1	1/16			1/16	1	248						16
20	20	159/4	0.25	7/16	7/16	Chord	2/4	1	1	1/16			1/16	1	249						
20	20	38	2.0	0	0	Chord	2/4	2	1	1/2			1/2	1	250						
21	21	40	0.25	0	0	Chord	2/4	1	1	1/16			1/16	1	251						17
21	21	161/4	0.25	1/16	1/16	Chord	2/4	1	1	1/16			1/16	1	252						
21	21	81/2	0.125	1/8	1/8	Chord	2/4	1	1	1/32			1/32	1	253						
21	21	325/8	0.125	5/32	5/32	Chord	2/4	1	1	1/32			1/32	1	254						
21	21	163/4	0.125	3/16	3/16	Chord	2/4	1	1	1/32			1/32	1	255						
21	21	327/8	0.125	7/32	7/32	Chord	2/4	1	1	1/32			1/32	1	256						
21	21	41	0.5	1/4	1/4	Chord	2/4	1	1	1/8			1/8	1	257						18
21	21	83/2	0.5	3/8	3/8	Chord	2/4	1	1	1/8			1/8	1	258		ornamentTrill				
21	21	81/2	0.25	1/8	1/8	Chord	2/4	2	1	1/16			1/16	1	259						
21	21	163/4	0.25	3/16	3/16	Chord	2/4	2	1	1/16			1/16	1	260						
21	21	41	0.5	1/4	1/4	Chord	2/4	2	1	1/8			1/8	1	261						
21	21	83/2	0.5	3/8	3/8	Chord	2/4	2	1	1/8			1/8	1	262						
22	22	42	1.0	0	0	Chord	2/4	1	1	1/4			1/4	1	263						
22	22	42	0.5	0	0	Chord	2/4	2	1	1/8			1/8	1	264						
22	22	85/2	0.375	1/8	1/8	Chord	2/4	2	1	3/32			1/16	3/2	265						
22	22	343/8	0.125	7/32	7/32	Chord	2/4	2	1	1/32			1/32	1	266						
22	22	43	1.0	1/4	1/4	Chord	2/4	2	1	1/4			1/4	1	267						
23	23	44	0.25	0	0	Chord	2/4	1	1	1/16			1/16	1	268						19
23	23	177/4	0.0	1/16	1/16	Dynamic	2/4	1	1	0						p					
23	23	177/4	0.25	1/16	1/16	Chord	2/4	1	1	1/16			1/16	1	269						
23	23	89/2	0.5	1/8	1/8	Chord	2/4	1	1	1/8			1/8	1	270						
23	23	45	0.25	1/4	1/4	Chord	2/4	1	1	1/16			1/16	1	271						
23	23	181/4	0.25	5/16	5/16	Chord	2/4	1	1	1/16			1/16	1	272						
23	23	91/2	0.25	3/8	3/8	Chord	2/4	1	1	1/16			1/16	1	273						20
23	23	183/4	0.25	7/16	7/16	Chord	2/4	1	1	1/16			1/16	1	274						
23	23	89/2	0.5	1/8	1/8	Chord	2/4	2	1	1/8			1/8	1	275						
23	23	45	0.5	1/4	1/4	Chord	2/4	2	1	1/8			1/8	1	276						
23	23	91/2	0.5	3/8	3/8	Chord	2/4	2	1	1/8			1/8	1	277						
24	24	46	0.25	0	0	Chord	2/4	1	1	1/16			1/16	1	278						21
24	24	185/4	0.25	1/16	1/16	Chord	2/4	1	1	1/16			1/16	1	279						21
24	24	93/2	0.25	1/8	1/8	Chord	2/4	1	1	1/16			1/16	1	280						21
24	24	187/4	0.25	3/16	3/16	Chord	2/4	1	1	1/16			1/16	1	281						
24	24	47	1.0	1/4	1/4	Chord	2/4	1	1	1/4			1/4	1	282						
24	24	93/2	0.5	1/8	1/8	Chord	2/4	2	1	1/8			1/8	1	283						
24	24	47	0.5	1/4	1/4	Chord	2/4	2	1	1/8			1/8	1	284						
24	24	95/2	0.5	3/8	3/8	Chord	2/4	2	1	1/8			1/8	1	285						
25	25	48	0.25	0	0	Chord	2/4	1	1	1/16			1/16	1	286						22
25	25	193/4	0.25	1/16	1/16	Chord	2/4	1	1	1/16			1/16	1	287						
25	25	97/2	0.25	1/8	1/8	Chord	2/4	1	1	1/16			1/16	1	288						23
25	25	195/4	0.25	3/16	3/16	Chord	2/4	1	1	1/16			1/16	1	289						
25	25	49	0.25	1/4	1/4	Chord	2/4	1	1	1/16			1/16	1	290						24
25	25	197/4	0.25	5/16	5/16	Chord	2/4	1	1	1/16			1/16	1	291						
25	25	99/2	0.25	3/8	3/8	Chord	2/4	1	1	1/16			1/16	1	292						25
25	25	199/4	0.25	7/16	7/16	Chord	2/4	1	1	1/16			1/16	1	293						
25	25	48	2.0	0	0	Chord	2/4	2	1	1/2			1/2	1	294						
26	26	50	0.25	0	0	Chord	2/4	1	1	1/16			1/16	1	295						26
26	26	201/4	0.25	1/16	1/16	Chord	2/4	1	1	1/16			1/16	1	296						
26	26	101/2	0.25	1/8	1/8	Chord	2/4	1	1	1/16			1/16	1	297						27
26	26	203/4	0.25	3/16	3/16	Chord	2/4	1	1	1/16			1/16	1	298						
26	26	51	0.0	1/4	1/4	StaffText	2/4	1	1	0								ten.			
26	26	51	1.0	1/4	1/4	Chord	2/4	1	1	1/4			1/4	1	299						
26	26	101/2	0.5	1/8	1/8	Chord	2/4	2	1	1/8			1/8	1	300						
26	26	51	0.5	1/4	1/4	Chord	2/4	2	1	1/8			1/8	1	301						
26	26	103/2	0.5	3/8	3/8	Chord	2/4	2	1	1/8			1/8	1	302						
27	27	52	0.0	0	0	Dynamic	2/4	1	1	0						f					
27	27	209/4	0.125	1/16	1/16	Chord	2/4	1	1	1/32			1/32	1	303						
27	27	419/8	0.125	3/32	3/32	Chord	2/4	1	1	1/32			1/32	1	304						
27	27	105/2	0.25	1/8	1/8	Chord	2/4	1	1	1/16			1/16	1	305		articStaccatissimoAbove				
27	27	211/4	0.25	3/16	3/16	Chord	2/4	1	1	1/16			1/16	1	306		articStaccatissimoAbove				
27	27	213/4	0.25	5/16	5/16	Chord	2/4	1	1	1/16			1/16	1	307		articStaccatissimoAbove				
27	27	107/2	0.25	3/8	3/8	Chord	2/4	1	1	1/16			1/16	1	308		articStaccatissimoAbove				
27	27	215/4	0.25	7/16	7/16	Chord	2/4	1	1	1/16			1/16	1	309		articStaccatissimoAbove				
27	27	52	1.0	0	0	Chord	2/4	2	1	1/4			1/4	1	310						28
27	27	53	1.0	1/4	1/4	Chord	2/4	2	1	1/4			1/4	1	311						
28	28	54	0.5	0	0	Chord	2/4	1	1	1/8			1/8	1	312		articStaccatissimoAbove				
28	28	219/4	0.0	3/16	3/16	Dynamic	2/4	1	1	0						p					
28	28	219/4	0.25	3/16	3/16	Chord	2/4	1	1	1/16			1/16	1	313						
28	28	55	0.5	1/4	1/4	Chord	2/4	1	1	1/8			1/8	1	314						29
28	28	111/2	0.5	3/8	3/8	Chord	2/4	1	1	1/8			1/8	1	315		ornamentTurn				
28	28	54	0.5	0	0	Chord	2/4	1	2	1/8			1/8	1	316						
28	28	55	1.0	1/4	1/4	Chord	2/4	1	2	1/4			1/4	1	317						
28	28	54	0.5	0	0	Chord	2/4	2	1	1/8			1/8	1	318		articStaccatissimoBelow				
29	29	56	0.0	0	0	Dynamic	2/4	1	1	0						f					
29	29	225/4	0.125	1/16	1/16	Chord	2/4	1	1	1/32			1/32	1	319						
29	29	451/8	0.125	3/32	3/32	Chord	2/4	1	1	1/32			1/32	1	320						
29	29	113/2	0.25	1/8	1/8	Chord	2/4	1	1	1/16			1/16	1	321		articStaccatissimoBelow				
29	29	227/4	0.25	3/16	3/16	Chord	2/4	1	1	1/16			1/16	1	322		articStaccatissimoBelow				
29	29	229/4	0.25	5/16	5/16	Chord	2/4	1	1	1/16			1/16	1	323		articStaccatissimoAbove				
29	29	115/2	0.25	3/8	3/8	Chord	2/4	1	1	1/16			1/16	1	324		articStaccatissimoAbove				
29	29	231/4	0.25	7/16	7/16	Chord	2/4	1	1	1/16			1/16	1	325		articStaccatissimoAbove				
29	29	56	1.0	0	0	Chord	2/4	2	1	1/4			1/4	1	326						30
29	29	57	1.0	1/4	1/4	Chord	2/4	2	1	1/4			1/4	1	327						
30	30	58	0.5	0	0	Chord	2/4	1	1	1/8			1/8	1	328		articStaccatissimoAbove				
30	30	117/2	0.0	1/8	1/8	Dynamic	2/4	1	1	0						p					
30	30	117/2	0.25	1/8	1/8	Chord	2/4	1	1	1/16			1/16	1	329						31
30	30	235/4	0.25	3/16	3/16	Chord	2/4	1	1	1/16			1/16	1	330						
30	30	59	0.25	1/4	1/4	Chord	2/4	1	1	1/16			1/16	1	331						32
30	30	237/4	0.25	5/16	5/16	Chord	2/4	1	1	1/16			1/16	1	332						
30	30	119/2	0.25	3/8	3/8	Chord	2/4	1	1	1/16			1/16	1	333						33
30	30	239/4	0.25	7/16	7/16	Chord	2/4	1	1	1/16			1/16	1	334						
30	30	58	0.5	0	0	Chord	2/4	1	3	1/8			1/8	1	335						
30	30	58	0.5	0	0	Chord	2/4	2	1	1/8			1/8	1	336		articStaccatissimoBelow				
31	31	60	0.25	0	0	Chord	2/4	1	1	1/16			1/16	1	337						34
31	31	241/4	0.25	1/16	1/16	Chord	2/4	1	1	1/16			1/16	1	338						
31	31	121/2	1.0	1/8	1/8	Chord	2/4	1	1	1/4			1/4	1	339						35
31	31	123/2	0.5	3/8	3/8	Chord	2/4	1	1	1/8			1/8	1	340		ornamentTurn				
31	31	121/2	0.5	1/8	1/8	Chord	2/4	2	1	1/8			1/8	1	341						
31	31	61	0.5	1/4	1/4	Chord	2/4	2	1	1/8			1/8	1	342						
31	31	123/2	0.5	3/8	3/8	Chord	2/4	2	1	1/8			1/8	1	343						
32	32	62	0.5	0	0	Chord	2/4	1	1	1/8			1/8	1	344		articStaccatissimoAbove				
32	32	125/2	0.25	1/8	1/8	Chord	2/4	1	1	1/16			1/16	1	345						36
32	32	251/4	0.25	3/16	3/16	Chord	2/4	1	1	1/16			1/16	1	346						
32	32	63	0.25	1/4	1/4	Chord	2/4	1	1	1/16			1/16	1	347						37
32	32	253/4	0.25	5/16	5/16	Chord	2/4	1	1	1/16			1/16	1	348						
32	32	127/2	0.25	3/8	3/8	Chord	2/4	1	1	1/16			1/16	1	349						38
32	32	255/4	0.25	7/16	7/16	Chord	2/4	1	1	1/16			1/16	1	350						
32	32	62	1.0	0	0	Chord	2/4	2	1	1/4			1/4	1	351						
33	33	64	0.25	0	0	Chord	2/4	1	1	1/16			1/16	1	352						39
33	33	257/4	0.25	1/16	1/16	Chord	2/4	1	1	1/16			1/16	1	353						
33	33	129/2	1.0	1/8	1/8	Chord	2/4	1	1	1/4			1/4	1	354						40
33	33	131/2	0.5	3/8	3/8	Chord	2/4	1	1	1/8			1/8	1	355		ornamentTurn				
33	33	129/2	0.5	1/8	1/8	Chord	2/4	2	1	1/8			1/8	1	356						
33	33	65	0.5	1/4	1/4	Chord	2/4	2	1	1/8			1/8	1	357						
33	33	131/2	0.5	3/8	3/8	Chord	2/4	2	1	1/8			1/8	1	358						
34	34	66	0.5	0	0	Chord	2/4	1	1	1/8			1/8	1	359		articStaccatissimoBelow				
34	34	267/4	0.25	3/16	3/16	Chord	2/4	1	1	1/16			1/16	1	360						
34	34	67	0.25	1/4	1/4	Chord	2/4	1	1	1/16			1/16	1	361						41
34	34	269/4	0.25	5/16	5/16	Chord	2/4	1	1	1/16			1/16	1	362						
34	34	271/4	0.25	7/16	7/16	Chord	2/4	1	1	1/16			1/16	1	363						
34	34	135/2	0.5	3/8	3/8	Chord	2/4	1	2	1/8			1/8	1	364						
34	34	66	0.5	0	0	Chord	2/4	2	1	1/8			1/8	1	365						
34	34	133/2	0.5	1/8	1/8	Chord	2/4	2	1	1/8			1/8	1	366						
35	35	68	0.25	0	0	Chord	2/4	1	1	1/16			1/16	1	367						42
35	35	273/4	0.25	1/16	1/16	Chord	2/4	1	1	1/16			1/16	1	368						
35	35	275/4	0.25	3/16	3/16	Chord	2/4	1	1	1/16			1/16	1	369						
35	35	69	0.5	1/4	1/4	Chord	2/4	1	1	1/8			1/8	1	370						43
35	35	139/2	0.5	3/8	3/8	Chord	2/4	1	1	1/8			1/8	1	371		ornamentTurn				
35	35	137/2	0.5	1/8	1/8	Chord	2/4	1	2	1/8			1/8	1	372						
35	35	69	0.5	1/4	1/4	Chord	2/4	1	2	1/8			1/8	1	373						
35	35	139/2	0.5	3/8	3/8	Chord	2/4	1	2	1/8			1/8	1	374						
36	36	70	0.25	0	0	Chord	2/4	1	1	1/16			1/16	1	375		articStaccatissimoAbove				
36	36	281/4	0.25	1/16	1/16	Chord	2/4	1	1	1/16			1/16	1	376						44
36	36	141/2	0.25	1/8	1/8	Chord	2/4	1	1	1/16			1/16	1	377						44
36	36	283/4	0.25	3/16	3/16	Chord	2/4	1	1	1/16			1/16	1	378						
36	36	71	0.25	1/4	1/4	Chord	2/4	1	1	1/16			1/16	1	379						45
36	36	285/4	0.25	5/16	5/16	Chord	2/4	1	1	1/16			1/16	1	380						
36	36	143/2	0.25	3/8	3/8	Chord	2/4	1	1	1/16			1/16	1	381						46
36	36	287/4	0.25	7/16	7/16	Chord	2/4	1	1	1/16			1/16	1	382						
36	36	70	1.0	0	0	Chord	2/4	1	2	1/4			1/4	1	383						
37	37	72	0.25	0	0	Chord	2/4	1	1	1/16			1/16	1	384						47
37	37	289/4	0.25	1/16	1/16	Chord	2/4	1	1	1/16			1/16	1	385						
37	37	145/2	0.25	1/8	1/8	Chord	2/4	1	1	1/16			1/16	1	386						48
37	37	291/4	0.25	3/16	3/16	Chord	2/4	1	1	1/16			1/16	1	387						
37	37	73	0.5	1/4	1/4	Chord	2/4	1	1	1/8			1/8	1	388						49
37	37	147/2	0.375	3/8	3/8	Chord	2/4	1	1	3/32			1/16	3/2	389						
37	37	591/8	0.125	15/32	15/32	Chord	2/4	1	1	1/32			1/32	1	390						
37	37	145/2	0.5	1/8	1/8	Chord	2/4	1	2	1/8			1/8	1	391						
37	37	73	0.5	1/4	1/4	Chord	2/4	1	2	1/8			1/8	1	392						
37	37	147/2	0.5	3/8	3/8	Chord	2/4	1	2	1/8			1/8	1	393						
38	38	74	1.0	0	0	Chord	2/4	1	1	1/4			1/4	1	394						50
38	38	75	1.0	1/4	1/4	Chord	2/4	1	1	1/4			1/4	1	395		ornamentTurn				
38	38	74	0.5	0	0	Chord	2/4	1	2	1/8			1/8	1	396						
38	38	149/2	1.5	1/8	1/8	Chord	2/4	2	1	3/8			1/4	3/2	397						
39	39	76	0.0	0	0	Dynamic	2/4	1	1	0						f					
39	39	609/8	0.125	1/32	1/32	Chord	2/4	1	1	1/32			1/32	1	398						
39	39	305/4	0.125	1/16	1/16	Chord	2/4	1	1	1/32			1/32	1	399						
39	39	611/8	0.125	3/32	3/32	Chord	2/4	1	1	1/32			1/32	1	400						
39	39	613/8	0.125	5/32	5/32	Chord	2/4	1	1	1/32			1/32	1	401						
39	39	307/4	0.125	3/16	3/16	Chord	2/4	1	1	1/32			1/32	1	402						
39	39	615/8	0.125	7/32	7/32	Chord	2/4	1	1	1/32			1/32	1	403						
39	39	617/8	0.125	9/32	9/32	Chord	2/4	1	1	1/32			1/32	1	404						
39	39	309/4	0.125	5/16	5/16	Chord	2/4	1	1	1/32			1/32	1	405						
39	39	619/8	0.125	11/32	11/32	Chord	2/4	1	1	1/32			1/32	1	406						
39	39	621/8	0.125	13/32	13/32	Chord	2/4	1	1	1/32			1/32	1	407						
39	39	311/4	0.125	7/16	7/16	Chord	2/4	1	1	1/32			1/32	1	408						
39	39	623/8	0.125	15/32	15/32	Chord	2/4	1	1	1/32			1/32	1	409						
39	39	76	0.5	0	0	Chord	2/4	2	1	1/8			1/8	1	410						
39	39	153/2	0.5	1/8	1/8	Chord	2/4	2	1	1/8			1/8	1	411						
39	39	77	0.5	1/4	1/4	Chord	2/4	2	1	1/8			1/8	1	412						
39	39	155/2	0.5	3/8	3/8	Chord	2/4	2	1	1/8			1/8	1	413						
40	40	625/8	0.125	1/32	1/32	Chord	2/4	1	1	1/32			1/32	1	414						
40	40	313/4	0.125	1/16	1/16	Chord	2/4	1	1	1/32			1/32	1	415						
40	40	627/8	0.125	3/32	3/32	Chord	2/4	1	1	1/32			1/32	1	416						
40	40	629/8	0.125	5/32	5/32	Chord	2/4	1	1	1/32			1/32	1	417						
40	40	315/4	0.125	3/16	3/16	Chord	2/4	1	1	1/32			1/32	1	418						
40	40	631/8	0.125	7/32	7/32	Chord	2/4	1	1	1/32			1/32	1	419						
40	40	79	0.0	1/4	1/4	Dynamic	2/4	1	1	0						ff					
40	40	633/8	0.125	9/32	9/32	Chord	2/4	1	1	1/32			1/32	1	420						
40	40	317/4	0.125	5/16	5/16	Chord	2/4	1	1	1/32			1/32	1	421						
40	40	635/8	0.125	11/32	11/32	Chord	2/4	1	1	1/32			1/32	1	422						
40	40	637/8	0.125	13/32	13/32	Chord	2/4	1	1	1/32			1/32	1	423						
40	40	319/4	0.125	7/16	7/16	Chord	2/4	1	1	1/32			1/32	1	424						
40	40	639/8	0.125	15/32	15/32	Chord	2/4	1	1	1/32			1/32	1	425						
40	40	78	0.5	0	0	Chord	2/4	2	1	1/8			1/8	1	426						
40	40	157/2	0.5	1/8	1/8	Chord	2/4	2	1	1/8			1/8	1	427						
40	40	79	0.5	1/4	1/4	Chord	2/4	2	1	1/8			1/8	1	428						
40	40	159/2	0.5	3/8	3/8	Chord	2/4	2	1	1/8			1/8	1	429						
41	41	641/8	0.125	1/32	1/32	Chord	2/4	1	1	1/32			1/32	1	430						
41	41	321/4	0.125	1/16	1/16	Chord	2/4	1	1	1/32			1/32	1	431						
41	41	643/8	0.125	3/32	3/32	Chord	2/4	1	1	1/32			1/32	1	432						
41	41	645/8	0.125	5/32	5/32	Chord	2/4	1	1	1/32			1/32	1	433						
41	41	323/4	0.125	3/16	3/16	Chord	2/4	1	1	1/32			1/32	1	434						
41	41	647/8	0.125	7/32	7/32	Chord	2/4	1	1	1/32			1/32	1	435						
41	41	649/8	0.125	9/32	9/32	Chord	2/4	1	1	1/32			1/32	1	436						
41	41	325/4	0.125	5/16	5/16	Chord	2/4	1	1	1/32			1/32	1	437						
41	41	651/8	0.125	11/32	11/32	Chord	2/4	1	1	1/32			1/32	1	438						
41	41	653/8	0.125	13/32	13/32	Chord	2/4	1	1	1/32			1/32	1	439						
41	41	327/4	0.125	7/16	7/16	Chord	2/4	1	1	1/32			1/32	1	440						
41	41	655/8	0.125	15/32	15/32	Chord	2/4	1	1	1/32			1/32	1	441						
41	41	80	0.5	0	0	Chord	2/4	2	1	1/8			1/8	1	442						
41	41	161/2	0.5	1/8	1/8	Chord	2/4	2	1	1/8			1/8	1	443						
41	41	81	0.5	1/4	1/4	Chord	2/4	2	1	1/8			1/8	1	444						
41	41	163/2	0.5	3/8	3/8	Chord	2/4	2	1	1/8			1/8	1	445						
42	42	657/8	0.125	1/32	1/32	Chord	2/4	1	1	1/32			1/32	1	446						
42	42	329/4	0.125	1/16	1/16	Chord	2/4	1	1	1/32			1/32	1	447						
42	42	659/8	0.125	3/32	3/32	Chord	2/4	1	1	1/32			1/32	1	448						
42	42	661/8	0.125	5/32	5/32	Chord	2/4	1	1	1/32			1/32	1	449						
42	42	331/4	0.125	3/16	3/16	Chord	2/4	1	1	1/32			1/32	1	450						
42	42	663/8	0.125	7/32	7/32	Chord	2/4	1	1	1/32			1/32	1	451						
42	42	83	0.0	1/4	1/4	Dynamic	2/4	1	1	0						p					
42	42	665/8	0.125	9/32	9/32	Chord	2/4	1	1	1/32			1/32	1	452						
42	42	333/4	0.125	5/16	5/16	Chord	2/4	1	1	1/32			1/32	1	453						
42	42	667/8	0.125	11/32	11/32	Chord	2/4	1	1	1/32			1/32	1	454						
42	42	669/8	0.125	13/32	13/32	Chord	2/4	1	1	1/32			1/32	1	455						
42	42	335/4	0.125	7/16	7/16	Chord	2/4	1	1	1/32			1/32	1	456						
42	42	671/8	0.125	15/32	15/32	Chord	2/4	1	1	1/32			1/32	1	457						
42	42	82	0.5	0	0	Chord	2/4	2	1	1/8			1/8	1	458						
42	42	165/2	0.5	1/8	1/8	Chord	2/4	2	1	1/8			1/8	1	459						
42	42	83	0.5	1/4	1/4	Chord	2/4	2	1	1/8			1/8	1	460						
42	42	167/2	0.5	3/8	3/8	Chord	2/4	2	1	1/8			1/8	1	461						
43	43	673/8	0.125	1/32	1/32	Chord	2/4	1	1	1/32			1/32	1	462						
43	43	337/4	0.125	1/16	1/16	Chord	2/4	1	1	1/32			1/32	1	463						
43	43	675/8	0.125	3/32	3/32	Chord	2/4	1	1	1/32			1/32	1	464						
43	43	677/8	0.125	5/32	5/32	Chord	2/4	1	1	1/32			1/32	1	465						
43	43	339/4	0.125	3/16	3/16	Chord	2/4	1	1	1/32			1/32	1	466						
43	43	679/8	0.125	7/32	7/32	Chord	2/4	1	1	1/32			1/32	1	467						
43	43	681/8	0.125	9/32	9/32	Chord	2/4	1	1	1/32			1/32	1	468						
43	43	341/4	0.125	5/16	5/16	Chord	2/4	1	1	1/32			1/32	1	469						
43	43	683/8	0.125	11/32	11/32	Chord	2/4	1	1	1/32			1/32	1	470						
43	43	685/8	0.125	13/32	13/32	Chord	2/4	1	1	1/32			1/32	1	471						
43	43	343/4	0.125	7/16	7/16	Chord	2/4	1	1	1/32			1/32	1	472						
43	43	687/8	0.125	15/32	15/32	Chord	2/4	1	1	1/32			1/32	1	473						
43	43	84	0.5	0	0	Chord	2/4	2	1	1/8			1/8	1	474						
43	43	169/2	0.5	1/8	1/8	Chord	2/4	2	1	1/8			1/8	1	475						
43	43	85	0.5	1/4	1/4	Chord	2/4	2	1	1/8			1/8	1	476						
43	43	171/2	0.5	3/8	3/8	Chord	2/4	2	1	1/8			1/8	1	477						
44	44	689/8	0.125	1/32	1/32	Chord	2/4	1	1	1/32			1/32	1	478						
44	44	345/4	0.125	1/16	1/16	Chord	2/4	1	1	1/32			1/32	1	479						
44	44	691/8	0.125	3/32	3/32	Chord	2/4	1	1	1/32			1/32	1	480						
44	44	693/8	0.125	5/32	5/32	Chord	2/4	1	1	1/32			1/32	1	481						
44	44	347/4	0.125	3/16	3/16	Chord	2/4	1	1	1/32			1/32	1	482						
44	44	695/8	0.125	7/32	7/32	Chord	2/4	1	1	1/32			1/32	1	483						
44	44	697/8	0.125	9/32	9/32	Chord	2/4	1	1	1/32			1/32	1	484						
44	44	349/4	0.125	5/16	5/16	Chord	2/4	1	1	1/32			1/32	1	485						
44	44	699/8	0.125	11/32	11/32	Chord	2/4	1	1	1/32			1/32	1	486						
44	44	701/8	0.125	13/32	13/32	Chord	2/4	1	1	1/32			1/32	1	487						
44	44	351/4	0.125	7/16	7/16	Chord	2/4	1	1	1/32			1/32	1	488						
44	44	703/8	0.125	15/32	15/32	Chord	2/4	1	1	1/32			1/32	1	489						
44	44	86	0.5	0	0	Chord	2/4	2	1	1/8			1/8	1	490						
44	44	173/2	0.5	1/8	1/8	Chord	2/4	2	1	1/8			1/8	1	491						
44	44	87	0.5	1/4	1/4	Chord	2/4	2	1	1/8			1/8	1	492						
44	44	175/2	0.5	3/8	3/8	Chord	2/4	2	1	1/8			1/8	1	493						
45	45	705/8	0.125	1/32	1/32	Chord	2/4	1	1	1/32			1/32	1	494						
45	45	353/4	0.125	1/16	1/16	Chord	2/4	1	1	1/32			1/32	1	495						
45	45	707/8	0.125	3/32	3/32	Chord	2/4	1	1	1/32			1/32	1	496						
45	45	709/8	0.125	5/32	5/32	Chord	2/4	1	1	1/32			1/32	1	497						
45	45	355/4	0.125	3/16	3/16	Chord	2/4	1	1	1/32			1/32	1	498						
45	45	711/8	0.125	7/32	7/32	Chord	2/4	1	1	1/32			1/32	1	499						
45	45	713/8	0.125	9/32	9/32	Chord	2/4	1	1	1/32			1/32	1	500						
45	45	357/4	0.125	5/16	5/16	Chord	2/4	1	1	1/32			1/32	1	501						
45	45	715/8	0.125	11/32	11/32	Chord	2/4	1	1	1/32			1/32	1	502						
45	45	717/8	0.125	13/32	13/32	Chord	2/4	1	1	1/32			1/32	1	503						
45	45	359/4	0.125	7/16	7/16	Chord	2/4	1	1	1/32			1/32	1	504						
45	45	719/8	0.125	15/32	15/32	Chord	2/4	1	1	1/32			1/32	1	505						
45	45	88	0.5	0	0	Chord	2/4	2	1	1/8			1/8	1	506						
45	45	177/2	0.5	1/8	1/8	Chord	2/4	2	1	1/8			1/8	1	507						
45	45	89	0.5	1/4	1/4	Chord	2/4	2	1	1/8			1/8	1	508						
45	45	179/2	0.5	3/8	3/8	Chord	2/4	2	1	1/8			1/8	1	509						
46	46	721/8	0.125	1/32	1/32	Chord	2/4	1	1	1/32			1/32	1	510						
46	46	361/4	0.125	1/16	1/16	Chord	2/4	1	1	1/32			1/32	1	511						
46	46	723/8	0.125	3/32	3/32	Chord	2/4	1	1	1/32			1/32	1	512						
46	46	725/8	0.125	5/32	5/32	Chord	2/4	1	1	1/32			1/32	1	513						
46	46	363/4	0.125	3/16	3/16	Chord	2/4	1	1	1/32			1/32	1	514						
46	46	727/8	0.125	7/32	7/32	Chord	2/4	1	1	1/32			1/32	1	515						
46	46	729/8	0.125	9/32	9/32	Chord	2/4	1	1	1/32			1/32	1	516						
46	46	365/4	0.125	5/16	5/16	Chord	2/4	1	1	1/32			1/32	1	517						
46	46	731/8	0.125	11/32	11/32	Chord	2/4	1	1	1/32			1/32	1	518						
46	46	733/8	0.125	13/32	13/32	Chord	2/4	1	1	1/32			1/32	1	519						
46	46	367/4	0.125	7/16	7/16	Chord	2/4	1	1	1/32			1/32	1	520						
46	46	735/8	0.125	15/32	15/32	Chord	2/4	1	1	1/32			1/32	1	521						
46	46	90	0.5	0	0	Chord	2/4	2	1	1/8			1/8	1	522						
46	46	181/2	0.5	1/8	1/8	Chord	2/4	2	1	1/8			1/8	1	523						
46	46	91	0.5	1/4	1/4	Chord	2/4	2	1	1/8			1/8	1	524						
46	46	183/2	0.5	3/8	3/8	Chord	2/4	2	1	1/8			1/8	1	525						
47	47	737/8	0.125	1/32	1/32	Chord	2/4	1	1	1/32			1/32	1	526						
47	47	369/4	0.125	1/16	1/16	Chord	2/4	1	1	1/32			1/32	1	527						
47	47	739/8	0.125	3/32	3/32	Chord	2/4	1	1	1/32			1/32	1	528						
47	47	741/8	0.125	5/32	5/32	Chord	2/4	1	1	1/32			1/32	1	529						
47	47	371/4	0.125	3/16	3/16	Chord	2/4	1	1	1/32			1/32	1	530						
47	47	743/8	0.125	7/32	7/32	Chord	2/4	1	1	1/32			1/32	1	531						
47	47	745/8	0.125	9/32	9/32	Chord	2/4	1	1	1/32			1/32	1	532						
47	47	373/4	0.125	5/16	5/16	Chord	2/4	1	1	1/32			1/32	1	533						
47	47	747/8	0.125	11/32	11/32	Chord	2/4	1	1	1/32			1/32	1	534						
47	47	749/8	0.125	13/32	13/32	Chord	2/4	1	1	1/32			1/32	1	535						
47	47	375/4	0.125	7/16	7/16	Chord	2/4	1	1	1/32			1/32	1	536						
47	47	751/8	0.125	15/32	15/32	Chord	2/4	1	1	1/32			1/32	1	537						
47	47	92	0.5	0	0	Chord	2/4	2	1	1/8			1/8	1	538						
47	47	185/2	0.5	1/8	1/8	Chord	2/4	2	1	1/8			1/8	1	539						
47	47	93	0.5	1/4	1/4	Chord	2/4	2	1	1/8			1/8	1	540						
47	47	187/2	0.5	3/8	3/8	Chord	2/4	2	1	1/8			1/8	1	541						
48	48	377/4	0.125	1/16	1/16	Chord	2/4	1	1	1/32			1/32	1	542						
48	48	755/8	0.125	3/32	3/32	Chord	2/4	1	1	1/32			1/32	1	543						
48	48	189/2	0.25	1/8	1/8	Chord	2/4	1	1	1/16			1/16	1	544		articStaccatissimoAbove				
48	48	379/4	0.25	3/16	3/16	Chord	2/4	1	1	1/16			1/16	1	545		articStaccatissimoAbove				
48	48	95	0.25	1/4	1/4	Chord	2/4	1	1	1/16			1/16	1	546		articStaccatissimoAbove				
48	48	383/4	0.25	7/16	7/16	Chord	2/4	1	1	1/16			1/16	1	547						
48	48	94	1.0	0	0	Chord	2/4	2	1	1/4			1/4	1	548						
48	48	381/4	0.25	5/16	5/16	Chord	2/4	2	1	1/16			1/16	1	549		articStaccatissimoAbove				
48	48	191/2	0.25	3/8	3/8	Chord	2/4	2	1	1/16			1/16	1	550		articStaccatissimoAbove				
48	48	383/4	0.25	7/16	7/16	Chord	2/4	2	1	1/16			1/16	1	551						
49	49	96	0.25	0	0	Chord	2/4	1	1	1/16			1/16	1	552						51
49	49	385/4	0.25	1/16	1/16	Chord	2/4	1	1	1/16			1/16	1	553						
49	49	387/4	0.25	3/16	3/16	Chord	2/4	1	1	1/16			1/16	1	554						
49	49	97	0.25	1/4	1/4	Chord	2/4	1	1	1/16			1/16	1	555						52
49	49	389/4	0.25	5/16	5/16	Chord	2/4	1	1	1/16			1/16	1	556						
49	49	391/4	0.25	7/16	7/16	Chord	2/4	1	1	1/16			1/16	1	557						
49	49	96	0.5	0	0	Chord	2/4	2	1	1/8			1/8	1	558						
49	49	193/2	0.5	1/8	1/8	Chord	2/4	2	1	1/8			1/8	1	559						
49	49	97	0.5	1/4	1/4	Chord	2/4	2	1	1/8			1/8	1	560						
49	49	195/2	0.5	3/8	3/8	Chord	2/4	2	1	1/8			1/8	1	561						
50	50	785/8	0.125	1/32	1/32	Chord	2/4	1	1	1/32			1/32	1	562						
50	50	393/4	0.125	1/16	1/16	Chord	2/4	1	1	1/32			1/32	1	563						
50	50	787/8	0.125	3/32	3/32	Chord	2/4	1	1	1/32			1/32	1	564						
50	50	197/2	0.125	1/8	1/8	Chord	2/4	1	1	1/32			1/32	1	565						
50	50	789/8	0.125	5/32	5/32	Chord	2/4	1	1	1/32			1/32	1	566						
50	50	395/4	0.125	3/16	3/16	Chord	2/4	1	1	1/32			1/32	1	567						
50	50	791/8	0.125	7/32	7/32	Chord	2/4	1	1	1/32			1/32	1	568						
50	50	99	0.125	1/4	1/4	Chord	2/4	1	1	1/32			1/32	1	569						
50	50	793/8	0.125	9/32	9/32	Chord	2/4	1	1	1/32			1/32	1	570						
50	50	397/4	0.125	5/16	5/16	Chord	2/4	1	1	1/32			1/32	1	571						
50	50	795/8	0.125	11/32	11/32	Chord	2/4	1	1	1/32			1/32	1	572						
50	50	199/2	0.125	3/8	3/8	Chord	2/4	1	1	1/32			1/32	1	573						
50	50	797/8	0.125	13/32	13/32	Chord	2/4	1	1	1/32			1/32	1	574						
50	50	399/4	0.125	7/16	7/16	Chord	2/4	1	1	1/32			1/32	1	575						
50	50	799/8	0.125	15/32	15/32	Chord	2/4	1	1	1/32			1/32	1	576						
50	50	98	1.0	0	0	Chord	2/4	2	1	1/4			1/4	1	577						
51	51	401/4	0.125	1/16	1/16	Chord	2/4	1	1	1/32			1/32	1	578						
51	51	803/8	0.125	3/32	3/32	Chord	2/4	1	1	1/32			1/32	1	579						
51	51	201/2	0.25	1/8	1/8	Chord	2/4	1	1	1/16			1/16	1	580		articStaccatissimoAbove				
51	51	403/4	0.25	3/16	3/16	Chord	2/4	1	1	1/16			1/16	1	581		articStaccatissimoAbove				
51	51	100	1.0	0	0	Chord	2/4	2	1	1/4			1/4	1	582						
51	51	101	1.0	1/4	1/4	Chord	2/4	2	1	1/4			1/4	1	583		ornamentUpPrall				
51	51	101	1.0	1/4	1/4	Chord	2/4	2	4	1/4			1/4	1	584						
52	52	102	1.0	0	0	Chord	2/4	2	1	1/4			1/4	1	585						
52	52	102	0.5	0	0	Chord	2/4	2	2	1/8			1/8	1	586						
52	52	205/2	0.375	1/8	1/8	Chord	2/4	2	2	3/32			1/16	3/2	587						
52	52	823/8	0.125	7/32	7/32	Chord	2/4	2	2	1/32			1/32	1	588						
52	52	103	1.0	1/4	1/4	Chord	2/4	2	2	1/4			1/4	1	589						
