mc	mn	quarterbeats	quarterbeats_all_endings	duration_qb	mc_onset	mn_onset	event	timesig	staff	voice	duration	gracenote	nominal_duration	scalar	chord_id	dynamics	articulation	tempo	qpm	metronome_base	metronome_number	tempo_visible	slur
1	1	0	0	0.0	0	0	Tempo	3/4	1	1	0							Andantemoderato	98.0			1.0	
1	1	0	0	0.0	0	0	Tempo	3/4	1	1	0							ùÖü=86	86.0	ùÖü	86.0	0.0	
1	1	0	0	0.75	0	0	Chord	3/4	1	1	3/16		1/8	3/2	0		ornamentTremblement						
1	1	3/4	3/4	0.125	3/16	3/16	Chord	3/4	1	1	1/32		1/32	1	1								
1	1	7/8	7/8	0.125	7/32	7/32	Chord	3/4	1	1	1/32		1/32	1	2								
1	1	1	1	1.0	1/4	1/4	Chord	3/4	1	1	1/4		1/4	1	3		articStaccatissimoBelow						
1	1	2	2	0.0	1/2	1/2	Dynamic	3/4	1	1	0					p							
1	1	2	2	1.0	1/2	1/2	Chord	3/4	1	1	1/4		1/4	1	4								
1	1	0	0	0.75	0	0	Chord	3/4	2	1	3/16		1/8	3/2	5		ornamentTremblement						
1	1	3/4	3/4	0.125	3/16	3/16	Chord	3/4	2	1	1/32		1/32	1	6								
1	1	7/8	7/8	0.125	7/32	7/32	Chord	3/4	2	1	1/32		1/32	1	7								
1	1	1	1	1.0	1/4	1/4	Chord	3/4	2	1	1/4		1/4	1	8		articStaccatissimoAbove						
2	2	3	3	0.5	0	0	Chord	3/4	1	1	1/8		1/8	1	9								
2	2	7/2	7/2	1.0	1/8	1/8	Chord	3/4	1	1	1/4		1/4	1	10								
2	2	9/2	9/2	1.0	3/8	3/8	Chord	3/4	1	1	1/4		1/4	1	11								
2	2	11/2	11/2	0.5	5/8	5/8	Chord	3/4	1	1	1/8		1/8	1	12								
2	2	3	3	1.0	0	0	Chord	3/4	2	1	1/4		1/4	1	13								
2	2	4	4	1.0	1/4	1/4	Chord	3/4	2	1	1/4		1/4	1	14								
2	2	5	5	1.0	1/2	1/2	Chord	3/4	2	1	1/4		1/4	1	15								
3	3	6	6	0.0	0	0	Dynamic	3/4	1	1	0					f							
3	3	6	6	0.75	0	0	Chord	3/4	1	1	3/16		1/8	3/2	16		ornamentTremblement						
3	3	27/4	27/4	0.125	3/16	3/16	Chord	3/4	1	1	1/32		1/32	1	17								
3	3	55/8	55/8	0.125	7/32	7/32	Chord	3/4	1	1	1/32		1/32	1	18								
3	3	7	7	1.0	1/4	1/4	Chord	3/4	1	1	1/4		1/4	1	19		articStaccatissimoBelow						
3	3	8	8	0.0	1/2	1/2	Dynamic	3/4	1	1	0					p							
3	3	8	8	0.75	1/2	1/2	Chord	3/4	1	1	3/16		1/8	3/2	20		ornamentTremblement						
3	3	35/4	35/4	0.125	11/16	11/16	Chord	3/4	1	1	1/32		1/32	1	21								
3	3	71/8	71/8	0.125	23/32	23/32	Chord	3/4	1	1	1/32		1/32	1	22								
3	3	6	6	0.75	0	0	Chord	3/4	2	1	3/16		1/8	3/2	23		ornamentTremblement						
3	3	27/4	27/4	0.125	3/16	3/16	Chord	3/4	2	1	1/32		1/32	1	24								
3	3	55/8	55/8	0.125	7/32	7/32	Chord	3/4	2	1	1/32		1/32	1	25								
3	3	7	7	1.0	1/4	1/4	Chord	3/4	2	1	1/4		1/4	1	26		articStaccatissimoAbove						
4	4	9	9	0.75	0	0	Chord	3/4	1	1	3/16		1/8	3/2	27		ornamentTremblement						
4	4	39/4	39/4	0.125	3/16	3/16	Chord	3/4	1	1	1/32		1/32	1	28								
4	4	79/8	79/8	0.125	7/32	7/32	Chord	3/4	1	1	1/32		1/32	1	29								
4	4	10	10	0.75	1/4	1/4	Chord	3/4	1	1	3/16		1/8	3/2	30		ornamentTremblement						
4	4	43/4	43/4	0.125	7/16	7/16	Chord	3/4	1	1	1/32		1/32	1	31								
4	4	87/8	87/8	0.125	15/32	15/32	Chord	3/4	1	1	1/32		1/32	1	32								
4	4	11	11	0.75	1/2	1/2	Chord	3/4	1	1	3/16		1/8	3/2	33		ornamentTremblement						
4	4	47/4	47/4	0.125	11/16	11/16	Chord	3/4	1	1	1/32		1/32	1	34								
4	4	95/8	95/8	0.125	23/32	23/32	Chord	3/4	1	1	1/32		1/32	1	35								
4	4	9	9	1.0	0	0	Chord	3/4	2	1	1/4		1/4	1	36								
4	4	10	10	1.0	1/4	1/4	Chord	3/4	2	1	1/4		1/4	1	37								
4	4	11	11	1.0	1/2	1/2	Chord	3/4	2	1	1/4		1/4	1	38								
5	5	12	12	0.0	0	0	Dynamic	3/4	1	1	0					f							
5	5	12	12	0.75	0	0	Chord	3/4	1	1	3/16		1/8	3/2	39		ornamentTremblement						
5	5	51/4	51/4	0.125	3/16	3/16	Chord	3/4	1	1	1/32		1/32	1	40								
5	5	103/8	103/8	0.125	7/32	7/32	Chord	3/4	1	1	1/32		1/32	1	41								
5	5	13	13	0.0	1/4	1/4	Dynamic	3/4	1	1	0					p							
5	5	13	13	0.5	1/4	1/4	Chord	3/4	1	1	1/8		1/8	1	42		articStaccatissimoAbove						
5	5	27/2	27/2	0.25	3/8	3/8	Chord	3/4	1	1	1/16		1/16	1	43								0
5	5	55/4	55/4	0.25	7/16	7/16	Chord	3/4	1	1	1/16		1/16	1	44								0
5	5	14	14	0.25	1/2	1/2	Chord	3/4	1	1	1/16		1/16	1	45								
5	5	57/4	57/4	0.25	9/16	9/16	Chord	3/4	1	1	1/16		1/16	1	46								1
5	5	29/2	29/2	0.25	5/8	5/8	Chord	3/4	1	1	1/16		1/16	1	47								1
5	5	59/4	59/4	0.25	11/16	11/16	Chord	3/4	1	1	1/16		1/16	1	48								
5	5	12	12	0.75	0	0	Chord	3/4	2	1	3/16		1/8	3/2	49		ornamentTremblement						
5	5	51/4	51/4	0.125	3/16	3/16	Chord	3/4	2	1	1/32		1/32	1	50								
5	5	103/8	103/8	0.125	7/32	7/32	Chord	3/4	2	1	1/32		1/32	1	51								
5	5	13	13	1.0	1/4	1/4	Chord	3/4	2	1	1/4		1/4	1	52		articStaccatissimoAbove						
6	6	15	15	0.0	0	0	Dynamic	3/4	1	1	0					f							
6	6	15	15	0.75	0	0	Chord	3/4	1	1	3/16		1/8	3/2	53		ornamentTremblement						
6	6	63/4	63/4	0.125	3/16	3/16	Chord	3/4	1	1	1/32		1/32	1	54								
6	6	127/8	127/8	0.125	7/32	7/32	Chord	3/4	1	1	1/32		1/32	1	55								
6	6	16	16	0.5	1/4	1/4	Chord	3/4	1	1	1/8		1/8	1	56		articStaccatissimoAbove						
6	6	33/2	33/2	0.25	3/8	3/8	Chord	3/4	1	1	1/16		1/16	1	57								2
6	6	67/4	67/4	0.25	7/16	7/16	Chord	3/4	1	1	1/16		1/16	1	58								2
6	6	17	17	0.25	1/2	1/2	Chord	3/4	1	1	1/16		1/16	1	59								
6	6	69/4	69/4	0.25	9/16	9/16	Chord	3/4	1	1	1/16		1/16	1	60								3
6	6	35/2	35/2	0.25	5/8	5/8	Chord	3/4	1	1	1/16		1/16	1	61								3
6	6	71/4	71/4	0.25	11/16	11/16	Chord	3/4	1	1	1/16		1/16	1	62								
6	6	15	15	0.75	0	0	Chord	3/4	2	1	3/16		1/8	3/2	63		ornamentTremblement						
6	6	63/4	63/4	0.125	3/16	3/16	Chord	3/4	2	1	1/32		1/32	1	64								
6	6	127/8	127/8	0.125	7/32	7/32	Chord	3/4	2	1	1/32		1/32	1	65								
6	6	16	16	0.0	1/4	1/4	Dynamic	3/4	2	1	0					p							
6	6	16	16	1.0	1/4	1/4	Chord	3/4	2	1	1/4		1/4	1	66		articStaccatissimoAbove						
7	7	18	18	0.0	0	0	Dynamic	3/4	1	1	0					f							
7	7	18	18	0.75	0	0	Chord	3/4	1	1	3/16		1/8	3/2	67		ornamentTremblement						
7	7	75/4	75/4	0.125	3/16	3/16	Chord	3/4	1	1	1/32		1/32	1	68								
7	7	151/8	151/8	0.125	7/32	7/32	Chord	3/4	1	1	1/32		1/32	1	69								
7	7	19	19	0.5	1/4	1/4	Chord	3/4	1	1	1/8		1/8	1	70		articStaccatissimoAbove						
7	7	39/2	39/2	0.25	3/8	3/8	Chord	3/4	1	1	1/16		1/16	1	71								4
7	7	79/4	79/4	0.0	7/16	7/16	Dynamic	3/4	1	1	0					p							4
7	7	79/4	79/4	0.25	7/16	7/16	Chord	3/4	1	1	1/16		1/16	1	72								4
7	7	20	20	0.25	1/2	1/2	Chord	3/4	1	1	1/16		1/16	1	73								
7	7	81/4	81/4	0.25	9/16	9/16	Chord	3/4	1	1	1/16		1/16	1	74								5
7	7	41/2	41/2	0.25	5/8	5/8	Chord	3/4	1	1	1/16		1/16	1	75								5
7	7	83/4	83/4	0.25	11/16	11/16	Chord	3/4	1	1	1/16		1/16	1	76								
7	7	18	18	0.75	0	0	Chord	3/4	2	1	3/16		1/8	3/2	77		ornamentTremblement						
7	7	75/4	75/4	0.125	3/16	3/16	Chord	3/4	2	1	1/32		1/32	1	78								
7	7	151/8	151/8	0.125	7/32	7/32	Chord	3/4	2	1	1/32		1/32	1	79								
7	7	19	19	1.0	1/4	1/4	Chord	3/4	2	1	1/4		1/4	1	80		articStaccatissimoAbove						
8	8	21	21	0.75	0	0	Chord	3/4	1	1	3/16		1/8	3/2	81								6
8	8	87/4	87/4	0.125	3/16	3/16	Chord	3/4	1	1	1/32		1/32	1	82		ornamentShortTrill						
8	8	175/8	175/8	0.125	7/32	7/32	Chord	3/4	1	1	1/32		1/32	1	83								
8	8	22	22	1.0	1/4	1/4	Chord	3/4	1	1	1/4		1/4	1	84								7
8	8	23	23	0.5	1/2	1/2	Chord	3/4	1	1	1/8		1/8	1	85		ornamentMordent						
8	8	45/2	45/2	0.25	3/8	3/8	Chord	3/4	1	2	1/16		1/16	1	86								
8	8	91/4	91/4	0.25	7/16	7/16	Chord	3/4	1	2	1/16		1/16	1	87								
8	8	23	23	0.25	1/2	1/2	Chord	3/4	1	2	1/16		1/16	1	88								
8	8	93/4	93/4	0.25	9/16	9/16	Chord	3/4	1	2	1/16		1/16	1	89								
8	8	47/2	47/2	0.25	5/8	5/8	Chord	3/4	1	2	1/16		1/16	1	90								
8	8	95/4	95/4	0.25	11/16	11/16	Chord	3/4	1	2	1/16		1/16	1	91								
8	8	21	21	1.0	0	0	Chord	3/4	2	1	1/4		1/4	1	92								
9	9	24	24	0.0	0	0	Dynamic	3/4	1	1	0					f							
9	9	24	24	0.75	0	0	Chord	3/4	1	1	3/16		1/8	3/2	93		ornamentTremblement						
9	9	99/4	99/4	0.125	3/16	3/16	Chord	3/4	1	1	1/32		1/32	1	94								
9	9	199/8	199/8	0.125	7/32	7/32	Chord	3/4	1	1	1/32		1/32	1	95								
9	9	25	25	1.0	1/4	1/4	Chord	3/4	1	1	1/4		1/4	1	96		articStaccatissimoBelow						
9	9	26	26	1.0	1/2	1/2	Chord	3/4	1	1	1/4		1/4	1	97								
9	9	24	24	0.75	0	0	Chord	3/4	2	1	3/16		1/8	3/2	98		ornamentTremblement						
9	9	99/4	99/4	0.125	3/16	3/16	Chord	3/4	2	1	1/32		1/32	1	99								
9	9	199/8	199/8	0.125	7/32	7/32	Chord	3/4	2	1	1/32		1/32	1	100								
9	9	25	25	1.0	1/4	1/4	Chord	3/4	2	1	1/4		1/4	1	101		articStaccatissimoAbove						
9	9	26	26	0.0	1/2	1/2	Dynamic	3/4	2	1	0					p							
10	10	27	27	0.5	0	0	Chord	3/4	1	1	1/8		1/8	1	102								
10	10	55/2	55/2	1.0	1/8	1/8	Chord	3/4	1	1	1/4		1/4	1	103								
10	10	57/2	57/2	1.0	3/8	3/8	Chord	3/4	1	1	1/4		1/4	1	104								
10	10	59/2	59/2	0.5	5/8	5/8	Chord	3/4	1	1	1/8		1/8	1	105								
10	10	27	27	1.0	0	0	Chord	3/4	2	1	1/4		1/4	1	106								
10	10	28	28	1.0	1/4	1/4	Chord	3/4	2	1	1/4		1/4	1	107								
10	10	29	29	1.0	1/2	1/2	Chord	3/4	2	1	1/4		1/4	1	108								
11	11	30	30	0.0	0	0	Dynamic	3/4	1	1	0					f							
11	11	30	30	0.75	0	0	Chord	3/4	1	1	3/16		1/8	3/2	109		ornamentTremblement						
11	11	123/4	123/4	0.125	3/16	3/16	Chord	3/4	1	1	1/32		1/32	1	110								
11	11	247/8	247/8	0.125	7/32	7/32	Chord	3/4	1	1	1/32		1/32	1	111								
11	11	31	31	1.0	1/4	1/4	Chord	3/4	1	1	1/4		1/4	1	112		articStaccatissimoBelow						
11	11	32	32	0.0	1/2	1/2	Dynamic	3/4	1	1	0					p							
11	11	32	32	0.5	1/2	1/2	Chord	3/4	1	1	1/8		1/8	1	113		ornamentTurn						
11	11	65/2	65/2	0.25	5/8	5/8	Chord	3/4	1	1	1/16		1/16	1	114								
11	11	131/4	131/4	0.25	11/16	11/16	Chord	3/4	1	1	1/16		1/16	1	115								
11	11	30	30	0.75	0	0	Chord	3/4	2	1	3/16		1/8	3/2	116		ornamentTremblement						
11	11	123/4	123/4	0.125	3/16	3/16	Chord	3/4	2	1	1/32		1/32	1	117								
11	11	247/8	247/8	0.125	7/32	7/32	Chord	3/4	2	1	1/32		1/32	1	118								
11	11	31	31	1.0	1/4	1/4	Chord	3/4	2	1	1/4		1/4	1	119		articStaccatissimoAbove						
12	12	33	33	0.5	0	0	Chord	3/4	1	1	1/8		1/8	1	120		ornamentTurn						
12	12	67/2	67/2	0.25	1/8	1/8	Chord	3/4	1	1	1/16		1/16	1	121								
12	12	135/4	135/4	0.25	3/16	3/16	Chord	3/4	1	1	1/16		1/16	1	122								
12	12	34	34	0.5	1/4	1/4	Chord	3/4	1	1	1/8		1/8	1	123		ornamentTurn						
12	12	69/2	69/2	0.25	3/8	3/8	Chord	3/4	1	1	1/16		1/16	1	124								
12	12	139/4	139/4	0.25	7/16	7/16	Chord	3/4	1	1	1/16		1/16	1	125								
12	12	35	35	0.5	1/2	1/2	Chord	3/4	1	1	1/8		1/8	1	126								8
12	12	71/2	71/2	0.5	5/8	5/8	Chord	3/4	1	1	1/8		1/8	1	127		ornamentShortTrill						
12	12	33	33	1.0	0	0	Chord	3/4	2	1	1/4		1/4	1	128								
12	12	34	34	1.0	1/4	1/4	Chord	3/4	2	1	1/4		1/4	1	129								
12	12	35	35	1.0	1/2	1/2	Chord	3/4	2	1	1/4		1/4	1	130								
13	13	36	36	0.125	0	0	Chord	3/4	1	1	1/32		1/32	1	131								
13	13	289/8	289/8	0.125	1/32	1/32	Chord	3/4	1	1	1/32		1/32	1	132								
13	13	145/4	145/4	0.125	1/16	1/16	Chord	3/4	1	1	1/32		1/32	1	133								
13	13	291/8	291/8	0.125	3/32	3/32	Chord	3/4	1	1	1/32		1/32	1	134								
13	13	73/2	73/2	0.125	1/8	1/8	Chord	3/4	1	1	1/32		1/32	1	135								
13	13	293/8	293/8	0.125	5/32	5/32	Chord	3/4	1	1	1/32		1/32	1	136								
13	13	147/4	147/4	0.125	3/16	3/16	Chord	3/4	1	1	1/32		1/32	1	137								
13	13	295/8	295/8	0.125	7/32	7/32	Chord	3/4	1	1	1/32		1/32	1	138								
13	13	37	37	0.5	1/4	1/4	Chord	3/4	1	1	1/8		1/8	1	139		articStaccatissimoAbove						
13	13	75/2	75/2	0.5	3/8	3/8	Chord	3/4	1	1	1/8		1/8	1	140		articStaccatissimoAbove						
13	13	77/2	77/2	0.5	5/8	5/8	Chord	3/4	1	1	1/8		1/8	1	141								
13	13	36	36	0.0	0	0	Dynamic	3/4	2	1	0					f							
13	13	36	36	1.0	0	0	Chord	3/4	2	1	1/4		1/4	1	142								
13	13	37	37	1.0	1/4	1/4	Chord	3/4	2	1	1/4		1/4	1	143								
13	13	38	38	1.0	1/2	1/2	Chord	3/4	2	1	1/4		1/4	1	144								
14	14	39	39	0.125	0	0	Chord	3/4	1	1	1/32		1/32	1	145								
14	14	313/8	313/8	0.125	1/32	1/32	Chord	3/4	1	1	1/32		1/32	1	146								
14	14	157/4	157/4	0.125	1/16	1/16	Chord	3/4	1	1	1/32		1/32	1	147								
14	14	315/8	315/8	0.125	3/32	3/32	Chord	3/4	1	1	1/32		1/32	1	148								
14	14	79/2	79/2	0.125	1/8	1/8	Chord	3/4	1	1	1/32		1/32	1	149								
14	14	317/8	317/8	0.125	5/32	5/32	Chord	3/4	1	1	1/32		1/32	1	150								
14	14	159/4	159/4	0.125	3/16	3/16	Chord	3/4	1	1	1/32		1/32	1	151								
14	14	319/8	319/8	0.125	7/32	7/32	Chord	3/4	1	1	1/32		1/32	1	152								
14	14	40	40	0.5	1/4	1/4	Chord	3/4	1	1	1/8		1/8	1	153		articStaccatissimoAbove						
14	14	81/2	81/2	0.5	3/8	3/8	Chord	3/4	1	1	1/8		1/8	1	154		articStaccatissimoAbove						
14	14	83/2	83/2	0.5	5/8	5/8	Chord	3/4	1	1	1/8		1/8	1	155								
14	14	39	39	1.0	0	0	Chord	3/4	2	1	1/4		1/4	1	156								
14	14	40	40	1.0	1/4	1/4	Chord	3/4	2	1	1/4		1/4	1	157								
14	14	41	41	1.0	1/2	1/2	Chord	3/4	2	1	1/4		1/4	1	158								
15	15	42	42	0.125	0	0	Chord	3/4	1	1	1/32		1/32	1	159								
15	15	337/8	337/8	0.125	1/32	1/32	Chord	3/4	1	1	1/32		1/32	1	160								
15	15	169/4	169/4	0.125	1/16	1/16	Chord	3/4	1	1	1/32		1/32	1	161								
15	15	339/8	339/8	0.125	3/32	3/32	Chord	3/4	1	1	1/32		1/32	1	162								
15	15	85/2	85/2	0.125	1/8	1/8	Chord	3/4	1	1	1/32		1/32	1	163								
15	15	341/8	341/8	0.125	5/32	5/32	Chord	3/4	1	1	1/32		1/32	1	164								
15	15	171/4	171/4	0.125	3/16	3/16	Chord	3/4	1	1	1/32		1/32	1	165								
15	15	343/8	343/8	0.125	7/32	7/32	Chord	3/4	1	1	1/32		1/32	1	166								
15	15	43	43	0.5	1/4	1/4	Chord	3/4	1	1	1/8		1/8	1	167		articStaccatissimoAbove						
15	15	87/2	87/2	0.5	3/8	3/8	Chord	3/4	1	1	1/8		1/8	1	168		articStaccatissimoAbove						
15	15	89/2	89/2	0.25	5/8	5/8	Chord	3/4	1	1	1/16		1/16	1	169								9
15	15	179/4	179/4	0.25	11/16	11/16	Chord	3/4	1	1	1/16		1/16	1	170								
15	15	42	42	1.0	0	0	Chord	3/4	2	1	1/4		1/4	1	171								
15	15	43	43	1.0	1/4	1/4	Chord	3/4	2	1	1/4		1/4	1	172								
15	15	44	44	1.0	1/2	1/2	Chord	3/4	2	1	1/4		1/4	1	173								
16	16	45	45	0.25	0	0	Chord	3/4	1	1	1/16		1/16	1	174								10
16	16	181/4	181/4	0.25	1/16	1/16	Chord	3/4	1	1	1/16		1/16	1	175								
16	16	91/2	91/2	0.25	1/8	1/8	Chord	3/4	1	1	1/16		1/16	1	176								11
16	16	183/4	183/4	0.25	3/16	3/16	Chord	3/4	1	1	1/16		1/16	1	177								
16	16	46	46	1.0	1/4	1/4	Chord	3/4	1	1	1/4		1/4	1	178								12
16	16	47	47	0.5	1/2	1/2	Chord	3/4	1	1	1/8		1/8	1	179		ornamentTurn						
16	16	45	45	1.0	0	0	Chord	3/4	2	1	1/4		1/4	1	180								
16	16	46	46	1.5	1/4	1/4	Chord	3/4	2	1	3/8		1/4	3/2	181								
17	17	48	48	0.0	0	0	Dynamic	3/4	1	1	0					p							
17	17	48	48	0.75	0	0	Chord	3/4	1	1	3/16		1/8	3/2	182		ornamentTremblement						
17	17	195/4	195/4	0.25	3/16	3/16	Chord	3/4	1	1	1/16		1/16	1	183								
17	17	49	49	0.5	1/4	1/4	Chord	3/4	1	1	1/8		1/8	1	184		articStaccatoAbove						13
17	17	99/2	99/2	0.5	3/8	3/8	Chord	3/4	1	1	1/8		1/8	1	185		articStaccatoAbove						13
17	17	50	50	0.5	1/2	1/2	Chord	3/4	1	1	1/8		1/8	1	186		articStaccatoAbove						13
17	17	101/2	101/2	0.5	5/8	5/8	Chord	3/4	1	1	1/8		1/8	1	187		articStaccatoAbove						
18	18	51	51	1.0	0	0	Chord	3/4	1	1	1/4		1/4	1	188								
18	18	52	52	0.75	1/4	1/4	Chord	3/4	1	1	3/16		1/8	3/2	189								
18	18	211/4	211/4	0.125	7/16	7/16	Chord	3/4	1	1	1/32		1/32	1	190								
18	18	423/8	423/8	0.125	15/32	15/32	Chord	3/4	1	1	1/32		1/32	1	191								
18	18	53	53	1.0	1/2	1/2	Chord	3/4	1	1	1/4		1/4	1	192		articStaccatissimoAbove						
18	18	103/2	103/2	0.5	1/8	1/8	Chord	3/4	1	2	1/8		1/8	1	193								
18	18	52	52	0.5	1/4	1/4	Chord	3/4	1	2	1/8		1/8	1	194								
18	18	105/2	105/2	0.5	3/8	3/8	Chord	3/4	1	2	1/8		1/8	1	195								
18	18	53	53	0.5	1/2	1/2	Chord	3/4	1	2	1/8		1/8	1	196								
18	18	107/2	107/2	0.5	5/8	5/8	Chord	3/4	1	2	1/8		1/8	1	197								
19	19	54	54	0.75	0	0	Chord	3/4	1	1	3/16		1/8	3/2	198		ornamentTremblement						
19	19	219/4	219/4	0.25	3/16	3/16	Chord	3/4	1	1	1/16		1/16	1	199								
19	19	55	55	0.5	1/4	1/4	Chord	3/4	1	1	1/8		1/8	1	200		articStaccatissimoAbove						
19	19	111/2	111/2	0.5	3/8	3/8	Chord	3/4	1	1	1/8		1/8	1	201								14
19	19	56	56	0.5	1/2	1/2	Chord	3/4	1	1	1/8		1/8	1	202								14
19	19	113/2	113/2	0.5	5/8	5/8	Chord	3/4	1	1	1/8		1/8	1	203								
20	20	57	57	1.5	0	0	Chord	3/4	1	1	3/8		1/4	3/2	204								15
20	20	117/2	117/2	0.5	3/8	3/8	Chord	3/4	1	1	1/8		1/8	1	205		ornamentTurn						
20	20	59	59	1.0	1/2	1/2	Chord	3/4	1	1	1/4		1/4	1	206		articStaccatissimoBelow						
20	20	115/2	115/2	0.5	1/8	1/8	Chord	3/4	2	1	1/8		1/8	1	207								16
20	20	58	58	0.5	1/4	1/4	Chord	3/4	2	1	1/8		1/8	1	208								16
20	20	117/2	117/2	0.5	3/8	3/8	Chord	3/4	2	1	1/8		1/8	1	209								
20	20	59	59	0.5	1/2	1/2	Chord	3/4	2	1	1/8		1/8	1	210								
20	20	119/2	119/2	0.5	5/8	5/8	Chord	3/4	2	1	1/8		1/8	1	211								
21	21	60	60	0.125	0	0	Chord	3/4	1	1	1/32		1/32	1	212								
21	21	481/8	481/8	0.0	1/32	1/32	Dynamic	3/4	1	1	0					f							
21	21	481/8	481/8	0.125	1/32	1/32	Chord	3/4	1	1	1/32		1/32	1	213								
21	21	241/4	241/4	0.125	1/16	1/16	Chord	3/4	1	1	1/32		1/32	1	214								
21	21	483/8	483/8	0.125	3/32	3/32	Chord	3/4	1	1	1/32		1/32	1	215								
21	21	121/2	121/2	0.125	1/8	1/8	Chord	3/4	1	1	1/32		1/32	1	216								
21	21	485/8	485/8	0.125	5/32	5/32	Chord	3/4	1	1	1/32		1/32	1	217								
21	21	243/4	243/4	0.125	3/16	3/16	Chord	3/4	1	1	1/32		1/32	1	218								
21	21	487/8	487/8	0.125	7/32	7/32	Chord	3/4	1	1	1/32		1/32	1	219								
21	21	61	61	0.125	1/4	1/4	Chord	3/4	1	1	1/32		1/32	1	220								
21	21	489/8	489/8	0.125	9/32	9/32	Chord	3/4	1	1	1/32		1/32	1	221								
21	21	245/4	245/4	0.125	5/16	5/16	Chord	3/4	1	1	1/32		1/32	1	222								
21	21	491/8	491/8	0.125	11/32	11/32	Chord	3/4	1	1	1/32		1/32	1	223								
21	21	123/2	123/2	0.125	3/8	3/8	Chord	3/4	1	1	1/32		1/32	1	224								
21	21	493/8	493/8	0.125	13/32	13/32	Chord	3/4	1	1	1/32		1/32	1	225								
21	21	247/4	247/4	0.125	7/16	7/16	Chord	3/4	1	1	1/32		1/32	1	226								
21	21	495/8	495/8	0.125	15/32	15/32	Chord	3/4	1	1	1/32		1/32	1	227								
21	21	62	62	0.125	1/2	1/2	Chord	3/4	1	1	1/32		1/32	1	228								
21	21	497/8	497/8	0.125	17/32	17/32	Chord	3/4	1	1	1/32		1/32	1	229								
21	21	249/4	249/4	0.125	9/16	9/16	Chord	3/4	1	1	1/32		1/32	1	230								
21	21	499/8	499/8	0.125	19/32	19/32	Chord	3/4	1	1	1/32		1/32	1	231								
21	21	125/2	125/2	0.125	5/8	5/8	Chord	3/4	1	1	1/32		1/32	1	232								
21	21	501/8	501/8	0.125	21/32	21/32	Chord	3/4	1	1	1/32		1/32	1	233								
21	21	251/4	251/4	0.125	11/16	11/16	Chord	3/4	1	1	1/32		1/32	1	234								
21	21	503/8	503/8	0.125	23/32	23/32	Chord	3/4	1	1	1/32		1/32	1	235								
21	21	60	60	3.0	0	0	Chord	3/4	2	1	3/4		1/2	3/2	236								
22	22	63	63	0.5	0	0	Chord	3/4	1	1	1/8		1/8	1	237		articStaccatissimoAbove						
22	22	127/2	127/2	0.0	1/8	1/8	Dynamic	3/4	1	1	0					p							
22	22	127/2	127/2	0.5	1/8	1/8	Chord	3/4	1	1	1/8		1/8	1	238		articStaccatissimoAbove						
22	22	64	64	0.5	1/4	1/4	Chord	3/4	1	1	1/8		1/8	1	239		articStaccatissimoAbove						
22	22	129/2	129/2	0.5	3/8	3/8	Chord	3/4	1	1	1/8		1/8	1	240		articStaccatissimoAbove						
22	22	65	65	0.0	1/2	1/2	Dynamic	3/4	1	1	0					f							
22	22	263/4	263/4	0.25	11/16	11/16	Chord	3/4	1	1	1/16		1/16	1	241								
22	22	65	65	1.0	1/2	1/2	Chord	3/4	2	1	1/4		1/4	1	242								
23	23	66	66	0.25	0	0	Chord	3/4	1	1	1/16		1/16	1	243								17
23	23	265/4	265/4	0.25	1/16	1/16	Chord	3/4	1	1	1/16		1/16	1	244								
23	23	133/2	133/2	0.25	1/8	1/8	Chord	3/4	1	1	1/16		1/16	1	245								18
23	23	267/4	267/4	0.25	3/16	3/16	Chord	3/4	1	1	1/16		1/16	1	246								
23	23	67	67	0.25	1/4	1/4	Chord	3/4	1	1	1/16		1/16	1	247								
23	23	269/4	269/4	0.25	5/16	5/16	Chord	3/4	1	1	1/16		1/16	1	248								
23	23	135/2	135/2	0.25	3/8	3/8	Chord	3/4	1	1	1/16		1/16	1	249								
23	23	271/4	271/4	0.25	7/16	7/16	Chord	3/4	1	1	1/16		1/16	1	250								
23	23	68	68	0.25	1/2	1/2	Chord	3/4	1	1	1/16		1/16	1	251								
23	23	273/4	273/4	0.25	9/16	9/16	Chord	3/4	1	1	1/16		1/16	1	252								
23	23	137/2	137/2	0.25	5/8	5/8	Chord	3/4	1	1	1/16		1/16	1	253								
23	23	275/4	275/4	0.25	11/16	11/16	Chord	3/4	1	1	1/16		1/16	1	254								
23	23	66	66	1.0	0	0	Chord	3/4	2	1	1/4		1/4	1	255								
23	23	67	67	1.0	1/4	1/4	Chord	3/4	2	1	1/4		1/4	1	256								
23	23	68	68	1.0	1/2	1/2	Chord	3/4	2	1	1/4		1/4	1	257		ornamentShortTrill						
24	24	569/8	569/8	0.125	17/32	17/32	Chord	3/4	1	1	1/32		1/32	1	258								
24	24	285/4	285/4	0.125	9/16	9/16	Chord	3/4	1	1	1/32		1/32	1	259								
24	24	571/8	571/8	0.125	19/32	19/32	Chord	3/4	1	1	1/32		1/32	1	260								
24	24	143/2	143/2	0.125	5/8	5/8	Chord	3/4	1	1	1/32		1/32	1	261								
24	24	573/8	573/8	0.125	21/32	21/32	Chord	3/4	1	1	1/32		1/32	1	262								
24	24	287/4	287/4	0.125	11/16	11/16	Chord	3/4	1	1	1/32		1/32	1	263								
24	24	575/8	575/8	0.125	23/32	23/32	Chord	3/4	1	1	1/32		1/32	1	264								
24	24	69	69	0.16666666666666666	0	0	Chord	3/4	2	1	1/24		1/16	2/3	265								
24	24	415/6	415/6	0.16666666666666666	1/24	1/24	Chord	3/4	2	1	1/24		1/16	2/3	266								
24	24	208/3	208/3	0.16666666666666666	1/12	1/12	Chord	3/4	2	1	1/24		1/16	2/3	267								
24	24	139/2	139/2	0.5	1/8	1/8	Chord	3/4	2	1	1/8		1/8	1	268		articStaccatissimoAbove						
24	24	70	70	0.0	1/4	1/4	Dynamic	3/4	2	1	0					ff							
24	24	70	70	2.0	1/4	1/4	Chord	3/4	2	1	1/2		1/2	1	269								
24	24	71	71	0.0	1/2	1/2	Dynamic	3/4	2	1	0					p							
24	24	69	69	1.0	0	0	Chord	3/4	2	2	1/4		1/4	1	270		articStaccatissimoBelow						
24	24	71	71	1.0	1/2	1/2	Chord	3/4	2	2	1/4		1/4	1	271								
25	25	72	72	1.0	0	0	Chord	3/4	1	1	1/4		1/4	1	272		articStaccatissimoBelow						
25	25	73	73	0.0	1/4	1/4	Dynamic	3/4	1	1	0					ff							
25	25	593/8	593/8	0.0	17/32	17/32	Dynamic	3/4	1	1	0					p							
25	25	593/8	593/8	0.125	17/32	17/32	Chord	3/4	1	1	1/32		1/32	1	273								
25	25	297/4	297/4	0.125	9/16	9/16	Chord	3/4	1	1	1/32		1/32	1	274								
25	25	595/8	595/8	0.125	19/32	19/32	Chord	3/4	1	1	1/32		1/32	1	275								
25	25	149/2	149/2	0.125	5/8	5/8	Chord	3/4	1	1	1/32		1/32	1	276								
25	25	597/8	597/8	0.125	21/32	21/32	Chord	3/4	1	1	1/32		1/32	1	277								
25	25	299/4	299/4	0.125	11/16	11/16	Chord	3/4	1	1	1/32		1/32	1	278								
25	25	599/8	599/8	0.125	23/32	23/32	Chord	3/4	1	1	1/32		1/32	1	279								
25	25	73	73	2.0	1/4	1/4	Chord	3/4	2	1	1/2		1/2	1	280								
25	25	72	72	1.0	0	0	Chord	3/4	2	2	1/4		1/4	1	281		articStaccatissimoBelow						
25	25	74	74	1.0	1/2	1/2	Chord	3/4	2	2	1/4		1/4	1	282								
26	26	75	75	1.0	0	0	Chord	3/4	1	1	1/4		1/4	1	283		articStaccatissimoBelow						
26	26	76	76	0.0	1/4	1/4	Dynamic	3/4	1	1	0					ff							
26	26	77	77	0.0	1/2	1/2	Dynamic	3/4	1	1	0					p							
26	26	617/8	617/8	0.125	17/32	17/32	Chord	3/4	1	1	1/32		1/32	1	284								
26	26	309/4	309/4	0.125	9/16	9/16	Chord	3/4	1	1	1/32		1/32	1	285								
26	26	619/8	619/8	0.125	19/32	19/32	Chord	3/4	1	1	1/32		1/32	1	286								
26	26	155/2	155/2	0.125	5/8	5/8	Chord	3/4	1	1	1/32		1/32	1	287								
26	26	621/8	621/8	0.125	21/32	21/32	Chord	3/4	1	1	1/32		1/32	1	288								
26	26	311/4	311/4	0.125	11/16	11/16	Chord	3/4	1	1	1/32		1/32	1	289								
26	26	623/8	623/8	0.125	23/32	23/32	Chord	3/4	1	1	1/32		1/32	1	290								
26	26	76	76	2.0	1/4	1/4	Chord	3/4	2	1	1/2		1/2	1	291								
26	26	75	75	1.0	0	0	Chord	3/4	2	2	1/4		1/4	1	292		articStaccatissimoBelow						
26	26	77	77	1.0	1/2	1/2	Chord	3/4	2	2	1/4		1/4	1	293								
27	27	78	78	0.0	0	0	Dynamic	3/4	1	1	0					f							
27	27	78	78	0.125	0	0	Chord	3/4	1	1	1/32		1/32	1	294								
27	27	625/8	625/8	0.125	1/32	1/32	Chord	3/4	1	1	1/32		1/32	1	295								
27	27	313/4	313/4	0.125	1/16	1/16	Chord	3/4	1	1	1/32		1/32	1	296								
27	27	627/8	627/8	0.125	3/32	3/32	Chord	3/4	1	1	1/32		1/32	1	297								
27	27	157/2	157/2	0.125	1/8	1/8	Chord	3/4	1	1	1/32		1/32	1	298								
27	27	629/8	629/8	0.125	5/32	5/32	Chord	3/4	1	1	1/32		1/32	1	299								
27	27	315/4	315/4	0.125	3/16	3/16	Chord	3/4	1	1	1/32		1/32	1	300								
27	27	631/8	631/8	0.125	7/32	7/32	Chord	3/4	1	1	1/32		1/32	1	301								
27	27	79	79	0.125	1/4	1/4	Chord	3/4	1	1	1/32		1/32	1	302								
27	27	633/8	633/8	0.125	9/32	9/32	Chord	3/4	1	1	1/32		1/32	1	303								
27	27	317/4	317/4	0.125	5/16	5/16	Chord	3/4	1	1	1/32		1/32	1	304								
27	27	635/8	635/8	0.125	11/32	11/32	Chord	3/4	1	1	1/32		1/32	1	305								
27	27	159/2	159/2	0.125	3/8	3/8	Chord	3/4	1	1	1/32		1/32	1	306								
27	27	637/8	637/8	0.125	13/32	13/32	Chord	3/4	1	1	1/32		1/32	1	307								
27	27	319/4	319/4	0.125	7/16	7/16	Chord	3/4	1	1	1/32		1/32	1	308								
27	27	639/8	639/8	0.125	15/32	15/32	Chord	3/4	1	1	1/32		1/32	1	309								
27	27	80	80	0.125	1/2	1/2	Chord	3/4	1	1	1/32		1/32	1	310								
27	27	641/8	641/8	0.125	17/32	17/32	Chord	3/4	1	1	1/32		1/32	1	311								
27	27	321/4	321/4	0.125	9/16	9/16	Chord	3/4	1	1	1/32		1/32	1	312								
27	27	643/8	643/8	0.125	19/32	19/32	Chord	3/4	1	1	1/32		1/32	1	313								
27	27	161/2	161/2	0.125	5/8	5/8	Chord	3/4	1	1	1/32		1/32	1	314								
27	27	645/8	645/8	0.125	21/32	21/32	Chord	3/4	1	1	1/32		1/32	1	315								
27	27	323/4	323/4	0.125	11/16	11/16	Chord	3/4	1	1	1/32		1/32	1	316								
27	27	647/8	647/8	0.125	23/32	23/32	Chord	3/4	1	1	1/32		1/32	1	317								
27	27	78	78	1.0	0	0	Chord	3/4	2	1	1/4		1/4	1	318								
27	27	79	79	1.0	1/4	1/4	Chord	3/4	2	1	1/4		1/4	1	319								
27	27	80	80	1.0	1/2	1/2	Chord	3/4	2	1	1/4		1/4	1	320								
28	28	81	81	0.125	0	0	Chord	3/4	1	1	1/32		1/32	1	321								
28	28	649/8	649/8	0.125	1/32	1/32	Chord	3/4	1	1	1/32		1/32	1	322								
28	28	325/4	325/4	0.125	1/16	1/16	Chord	3/4	1	1	1/32		1/32	1	323								
28	28	651/8	651/8	0.125	3/32	3/32	Chord	3/4	1	1	1/32		1/32	1	324								
28	28	163/2	163/2	0.125	1/8	1/8	Chord	3/4	1	1	1/32		1/32	1	325								
28	28	653/8	653/8	0.125	5/32	5/32	Chord	3/4	1	1	1/32		1/32	1	326								
28	28	327/4	327/4	0.125	3/16	3/16	Chord	3/4	1	1	1/32		1/32	1	327								
28	28	655/8	655/8	0.125	7/32	7/32	Chord	3/4	1	1	1/32		1/32	1	328								
28	28	82	82	0.125	1/4	1/4	Chord	3/4	1	1	1/32		1/32	1	329								
28	28	657/8	657/8	0.125	9/32	9/32	Chord	3/4	1	1	1/32		1/32	1	330								
28	28	329/4	329/4	0.125	5/16	5/16	Chord	3/4	1	1	1/32		1/32	1	331								
28	28	659/8	659/8	0.125	11/32	11/32	Chord	3/4	1	1	1/32		1/32	1	332								
28	28	165/2	165/2	0.125	3/8	3/8	Chord	3/4	1	1	1/32		1/32	1	333								
28	28	661/8	661/8	0.125	13/32	13/32	Chord	3/4	1	1	1/32		1/32	1	334								
28	28	331/4	331/4	0.125	7/16	7/16	Chord	3/4	1	1	1/32		1/32	1	335								
28	28	663/8	663/8	0.125	15/32	15/32	Chord	3/4	1	1	1/32		1/32	1	336								
28	28	83	83	0.125	1/2	1/2	Chord	3/4	1	1	1/32		1/32	1	337								
28	28	665/8	665/8	0.125	17/32	17/32	Chord	3/4	1	1	1/32		1/32	1	338								
28	28	333/4	333/4	0.125	9/16	9/16	Chord	3/4	1	1	1/32		1/32	1	339								
28	28	667/8	667/8	0.125	19/32	19/32	Chord	3/4	1	1	1/32		1/32	1	340								
28	28	167/2	167/2	0.125	5/8	5/8	Chord	3/4	1	1	1/32		1/32	1	341								
28	28	669/8	669/8	0.125	21/32	21/32	Chord	3/4	1	1	1/32		1/32	1	342								
28	28	335/4	335/4	0.125	11/16	11/16	Chord	3/4	1	1	1/32		1/32	1	343								
28	28	671/8	671/8	0.125	23/32	23/32	Chord	3/4	1	1	1/32		1/32	1	344								
28	28	81	81	1.0	0	0	Chord	3/4	2	1	1/4		1/4	1	345								
28	28	82	82	1.0	1/4	1/4	Chord	3/4	2	1	1/4		1/4	1	346								
28	28	83	83	1.0	1/2	1/2	Chord	3/4	2	1	1/4		1/4	1	347								
29	29	84	84	0.125	0	0	Chord	3/4	1	1	1/32		1/32	1	348								
29	29	673/8	673/8	0.125	1/32	1/32	Chord	3/4	1	1	1/32		1/32	1	349								
29	29	337/4	337/4	0.125	1/16	1/16	Chord	3/4	1	1	1/32		1/32	1	350								
29	29	675/8	675/8	0.125	3/32	3/32	Chord	3/4	1	1	1/32		1/32	1	351								
29	29	169/2	169/2	0.125	1/8	1/8	Chord	3/4	1	1	1/32		1/32	1	352								
29	29	677/8	677/8	0.125	5/32	5/32	Chord	3/4	1	1	1/32		1/32	1	353								
29	29	339/4	339/4	0.125	3/16	3/16	Chord	3/4	1	1	1/32		1/32	1	354								
29	29	679/8	679/8	0.125	7/32	7/32	Chord	3/4	1	1	1/32		1/32	1	355								
29	29	85	85	0.75	1/4	1/4	Chord	3/4	1	1	3/16		1/8	3/2	356								
29	29	343/4	343/4	0.0625	7/16	7/16	Chord	3/4	1	1	1/64		1/64	1	357								
29	29	1373/16	1373/16	0.0625	29/64	29/64	Chord	3/4	1	1	1/64		1/64	1	358								
29	29	687/8	687/8	0.0625	15/32	15/32	Chord	3/4	1	1	1/64		1/64	1	359								
29	29	1375/16	1375/16	0.0625	31/64	31/64	Chord	3/4	1	1	1/64		1/64	1	360								
29	29	86	86	0.75	1/2	1/2	Chord	3/4	1	1	3/16		1/8	3/2	361		ornamentTremblement						
29	29	347/4	347/4	0.125	11/16	11/16	Chord	3/4	1	1	1/32		1/32	1	362								
29	29	695/8	695/8	0.125	23/32	23/32	Chord	3/4	1	1	1/32		1/32	1	363								
29	29	84	84	1.0	0	0	Chord	3/4	2	1	1/4		1/4	1	364								
29	29	85	85	1.0	1/4	1/4	Chord	3/4	2	1	1/4		1/4	1	365								
29	29	86	86	1.0	1/2	1/2	Chord	3/4	2	1	1/4		1/4	1	366								
30	30	87	87	0.5	0	0	Chord	3/4	1	1	1/8		1/8	1	367		articStaccatissimoBelow						
30	30	175/2	175/2	0.0	1/8	1/8	Dynamic	3/4	1	1	0					p							
30	30	175/2	175/2	0.5	1/8	1/8	Chord	3/4	1	1	1/8		1/8	1	368		articStaccatissimoBelow						
30	30	88	88	0.0	1/4	1/4	Chord	3/4	1	1	0	grace16	1/16	1	369								
30	30	88	88	0.5	1/4	1/4	Chord	3/4	1	1	1/8		1/8	1	370		articStaccatissimoBelow						
30	30	177/2	177/2	0.5	3/8	3/8	Chord	3/4	1	1	1/8		1/8	1	371		articStaccatissimoBelow						
30	30	89	89	0.0	1/2	1/2	Chord	3/4	1	1	0	grace16	1/16	1	372								
30	30	89	89	0.5	1/2	1/2	Chord	3/4	1	1	1/8		1/8	1	373		articStaccatissimoBelow						
30	30	179/2	179/2	0.5	5/8	5/8	Chord	3/4	1	1	1/8		1/8	1	374		articStaccatissimoBelow						
30	30	87	87	2.0	0	0	Chord	3/4	2	1	1/2		1/2	1	375								
31	31	90	90	0.5	0	0	Chord	3/4	1	1	1/8		1/8	1	376		articStaccatissimoAbove						
31	31	181/2	181/2	0.5	1/8	1/8	Chord	3/4	1	1	1/8		1/8	1	377		articStaccatissimoAbove						
31	31	91	91	0.0	1/4	1/4	Chord	3/4	1	1	0	grace16	1/16	1	378								
31	31	91	91	0.5	1/4	1/4	Chord	3/4	1	1	1/8		1/8	1	379		articStaccatissimoAbove						
31	31	183/2	183/2	0.5	3/8	3/8	Chord	3/4	1	1	1/8		1/8	1	380		articStaccatissimoAbove						
31	31	92	92	0.0	1/2	1/2	Chord	3/4	1	1	0	grace16	1/16	1	381								
31	31	92	92	0.5	1/2	1/2	Chord	3/4	1	1	1/8		1/8	1	382		articStaccatissimoAbove						
31	31	185/2	185/2	0.5	5/8	5/8	Chord	3/4	1	1	1/8		1/8	1	383		articStaccatissimoAbove						
31	31	181/2	181/2	0.5	1/8	1/8	Chord	3/4	2	1	1/8		1/8	1	384		articStaccatissimoAbove						
31	31	91	91	0.0	1/4	1/4	Chord	3/4	2	1	0	grace16	1/16	1	385								
31	31	91	91	0.5	1/4	1/4	Chord	3/4	2	1	1/8		1/8	1	386		articStaccatissimoAbove						
31	31	183/2	183/2	0.5	3/8	3/8	Chord	3/4	2	1	1/8		1/8	1	387		articStaccatissimoAbove						
31	31	92	92	0.0	1/2	1/2	Chord	3/4	2	1	0	grace16	1/16	1	388								
31	31	92	92	0.5	1/2	1/2	Chord	3/4	2	1	1/8		1/8	1	389		articStaccatissimoAbove						
31	31	185/2	185/2	0.5	5/8	5/8	Chord	3/4	2	1	1/8		1/8	1	390		articStaccatissimoAbove						
31	31	90	90	3.0	0	0	Chord	3/4	2	2	3/4		1/2	3/2	391								
32	32	93	93	2.0	0	0	Chord	3/4	1	1	1/2		1/2	1	392								19
32	32	95	95	0.5	1/2	1/2	Chord	3/4	1	1	1/8		1/8	1	393		ornamentMordent						
32	32	93	93	2.0	0	0	Chord	3/4	2	1	1/2		1/2	1	394								20
32	32	95	95	0.5	1/2	1/2	Chord	3/4	2	1	1/8		1/8	1	395								
32	32	93	93	2.0	0	0	Chord	3/4	2	2	1/2		1/2	1	396								
32	32	95	95	0.5	1/2	1/2	Chord	3/4	2	2	1/8		1/8	1	397								
33	33	96	96	0.0	0	0	Dynamic	3/4	1	1	0					f							
33	33	96	96	0.75	0	0	Chord	3/4	1	1	3/16		1/8	3/2	398		ornamentTremblement						
33	33	387/4	387/4	0.125	3/16	3/16	Chord	3/4	1	1	1/32		1/32	1	399								
33	33	775/8	775/8	0.125	7/32	7/32	Chord	3/4	1	1	1/32		1/32	1	400								
33	33	97	97	1.0	1/4	1/4	Chord	3/4	1	1	1/4		1/4	1	401		articStaccatissimoBelow						
33	33	98	98	0.0	1/2	1/2	Dynamic	3/4	1	1	0					p							
33	33	98	98	1.0	1/2	1/2	Chord	3/4	1	1	1/4		1/4	1	402								
33	33	96	96	0.75	0	0	Chord	3/4	2	1	3/16		1/8	3/2	403		ornamentTremblement						
33	33	387/4	387/4	0.125	3/16	3/16	Chord	3/4	2	1	1/32		1/32	1	404								
33	33	775/8	775/8	0.125	7/32	7/32	Chord	3/4	2	1	1/32		1/32	1	405								
33	33	97	97	1.0	1/4	1/4	Chord	3/4	2	1	1/4		1/4	1	406		articStaccatissimoBelow						
34	34	99	99	0.5	0	0	Chord	3/4	1	1	1/8		1/8	1	407								
34	34	199/2	199/2	1.0	1/8	1/8	Chord	3/4	1	1	1/4		1/4	1	408								
34	34	201/2	201/2	1.0	3/8	3/8	Chord	3/4	1	1	1/4		1/4	1	409								
34	34	203/2	203/2	0.5	5/8	5/8	Chord	3/4	1	1	1/8		1/8	1	410								
34	34	99	99	1.0	0	0	Chord	3/4	2	1	1/4		1/4	1	411								
34	34	100	100	1.0	1/4	1/4	Chord	3/4	2	1	1/4		1/4	1	412								
34	34	101	101	1.0	1/2	1/2	Chord	3/4	2	1	1/4		1/4	1	413								
35	35	102	102	0.0	0	0	Dynamic	3/4	1	1	0					f							
35	35	102	102	0.75	0	0	Chord	3/4	1	1	3/16		1/8	3/2	414		ornamentTremblement						
35	35	411/4	411/4	0.125	3/16	3/16	Chord	3/4	1	1	1/32		1/32	1	415								
35	35	823/8	823/8	0.125	7/32	7/32	Chord	3/4	1	1	1/32		1/32	1	416								
35	35	103	103	1.0	1/4	1/4	Chord	3/4	1	1	1/4		1/4	1	417		articStaccatissimoBelow						
35	35	104	104	0.75	1/2	1/2	Chord	3/4	1	1	3/16		1/8	3/2	418		ornamentTremblement						
35	35	419/4	419/4	0.125	11/16	11/16	Chord	3/4	1	1	1/32		1/32	1	419								
35	35	839/8	839/8	0.125	23/32	23/32	Chord	3/4	1	1	1/32		1/32	1	420								
35	35	102	102	0.75	0	0	Chord	3/4	2	1	3/16		1/8	3/2	421		ornamentTremblement						
35	35	411/4	411/4	0.125	3/16	3/16	Chord	3/4	2	1	1/32		1/32	1	422								
35	35	823/8	823/8	0.125	7/32	7/32	Chord	3/4	2	1	1/32		1/32	1	423								
35	35	103	103	1.0	1/4	1/4	Chord	3/4	2	1	1/4		1/4	1	424		articStaccatissimoAbove						
35	35	104	104	0.0	1/2	1/2	Dynamic	3/4	2	1	0					p							
36	36	105	105	0.75	0	0	Chord	3/4	1	1	3/16		1/8	3/2	425		ornamentTremblement						
36	36	423/4	423/4	0.125	3/16	3/16	Chord	3/4	1	1	1/32		1/32	1	426								
36	36	847/8	847/8	0.125	7/32	7/32	Chord	3/4	1	1	1/32		1/32	1	427								
36	36	106	106	0.75	1/4	1/4	Chord	3/4	1	1	3/16		1/8	3/2	428		ornamentTremblement						
36	36	427/4	427/4	0.125	7/16	7/16	Chord	3/4	1	1	1/32		1/32	1	429								
36	36	855/8	855/8	0.125	15/32	15/32	Chord	3/4	1	1	1/32		1/32	1	430								
36	36	107	107	0.75	1/2	1/2	Chord	3/4	1	1	3/16		1/8	3/2	431		ornamentTremblement						
36	36	431/4	431/4	0.125	11/16	11/16	Chord	3/4	1	1	1/32		1/32	1	432								
36	36	863/8	863/8	0.125	23/32	23/32	Chord	3/4	1	1	1/32		1/32	1	433								
36	36	105	105	1.0	0	0	Chord	3/4	2	1	1/4		1/4	1	434								
36	36	106	106	1.0	1/4	1/4	Chord	3/4	2	1	1/4		1/4	1	435								
36	36	107	107	1.0	1/2	1/2	Chord	3/4	2	1	1/4		1/4	1	436								
37	37	108	108	0.0	0	0	Dynamic	3/4	1	1	0					f							
37	37	108	108	0.75	0	0	Chord	3/4	1	1	3/16		1/8	3/2	437		ornamentTremblement						
37	37	435/4	435/4	0.125	3/16	3/16	Chord	3/4	1	1	1/32		1/32	1	438								
37	37	871/8	871/8	0.125	7/32	7/32	Chord	3/4	1	1	1/32		1/32	1	439								
37	37	109	109	1.0	1/4	1/4	Chord	3/4	1	1	1/4		1/4	1	440		articStaccatissimoBelow						
37	37	110	110	0.0	1/2	1/2	Dynamic	3/4	1	1	0					p							
37	37	110	110	0.5	1/2	1/2	Chord	3/4	1	1	1/8		1/8	1	441		ornamentTurn						
37	37	221/2	221/2	0.25	5/8	5/8	Chord	3/4	1	1	1/16		1/16	1	442								
37	37	443/4	443/4	0.25	11/16	11/16	Chord	3/4	1	1	1/16		1/16	1	443								
37	37	108	108	0.75	0	0	Chord	3/4	2	1	3/16		1/8	3/2	444		ornamentTremblement						
37	37	435/4	435/4	0.125	3/16	3/16	Chord	3/4	2	1	1/32		1/32	1	445								
37	37	871/8	871/8	0.125	7/32	7/32	Chord	3/4	2	1	1/32		1/32	1	446								
37	37	109	109	1.0	1/4	1/4	Chord	3/4	2	1	1/4		1/4	1	447		articStaccatissimoAbove						
38	38	111	111	0.5	0	0	Chord	3/4	1	1	1/8		1/8	1	448		ornamentTurn						
38	38	223/2	223/2	0.25	1/8	1/8	Chord	3/4	1	1	1/16		1/16	1	449								
38	38	447/4	447/4	0.25	3/16	3/16	Chord	3/4	1	1	1/16		1/16	1	450								
38	38	112	112	0.5	1/4	1/4	Chord	3/4	1	1	1/8		1/8	1	451		ornamentTurn						
38	38	225/2	225/2	0.25	3/8	3/8	Chord	3/4	1	1	1/16		1/16	1	452								
38	38	451/4	451/4	0.25	7/16	7/16	Chord	3/4	1	1	1/16		1/16	1	453								
38	38	113	113	0.5	1/2	1/2	Chord	3/4	1	1	1/8		1/8	1	454								21
38	38	227/2	227/2	0.5	5/8	5/8	Chord	3/4	1	1	1/8		1/8	1	455		ornamentShortTrill						
38	38	111	111	1.0	0	0	Chord	3/4	2	1	1/4		1/4	1	456								
38	38	112	112	1.0	1/4	1/4	Chord	3/4	2	1	1/4		1/4	1	457								
38	38	113	113	1.0	1/2	1/2	Chord	3/4	2	1	1/4		1/4	1	458								
39	39	114	114	0.0	0	0	Dynamic	3/4	1	1	0					f							
39	39	114	114	0.125	0	0	Chord	3/4	1	1	1/32		1/32	1	459								
39	39	913/8	913/8	0.125	1/32	1/32	Chord	3/4	1	1	1/32		1/32	1	460								
39	39	457/4	457/4	0.125	1/16	1/16	Chord	3/4	1	1	1/32		1/32	1	461								
39	39	915/8	915/8	0.125	3/32	3/32	Chord	3/4	1	1	1/32		1/32	1	462								
39	39	229/2	229/2	0.125	1/8	1/8	Chord	3/4	1	1	1/32		1/32	1	463								
39	39	917/8	917/8	0.125	5/32	5/32	Chord	3/4	1	1	1/32		1/32	1	464								
39	39	459/4	459/4	0.125	3/16	3/16	Chord	3/4	1	1	1/32		1/32	1	465								
39	39	919/8	919/8	0.125	7/32	7/32	Chord	3/4	1	1	1/32		1/32	1	466								
39	39	115	115	0.5	1/4	1/4	Chord	3/4	1	1	1/8		1/8	1	467		articStaccatissimoAbove						
39	39	231/2	231/2	0.25	3/8	3/8	Chord	3/4	1	1	1/16		1/16	1	468								
39	39	463/4	463/4	0.25	7/16	7/16	Chord	3/4	1	1	1/16		1/16	1	469								
39	39	116	116	0.25	1/2	1/2	Chord	3/4	1	1	1/16		1/16	1	470		ornamentShortTrill						22
39	39	465/4	465/4	0.25	9/16	9/16	Chord	3/4	1	1	1/16		1/16	1	471								
39	39	233/2	233/2	0.25	5/8	5/8	Chord	3/4	1	1	1/16		1/16	1	472								23
39	39	467/4	467/4	0.25	11/16	11/16	Chord	3/4	1	1	1/16		1/16	1	473								
39	39	114	114	2.0	0	0	Chord	3/4	2	1	1/2		1/2	1	474								
39	39	116	116	1.0	1/2	1/2	Chord	3/4	2	1	1/4		1/4	1	475								
40	40	117	117	0.5	0	0	Chord	3/4	1	1	1/8		1/8	1	476								24
40	40	235/2	235/2	0.375	1/8	1/8	Chord	3/4	1	1	3/32		1/16	3/2	477		ornamentShortTrill						
40	40	943/8	943/8	0.125	7/32	7/32	Chord	3/4	1	1	1/32		1/32	1	478								
40	40	118	118	1.0	1/4	1/4	Chord	3/4	1	1	1/4		1/4	1	479								25
40	40	119	119	0.5	1/2	1/2	Chord	3/4	1	1	1/8		1/8	1	480		ornamentMordent						
40	40	117	117	1.0	0	0	Chord	3/4	2	1	1/4		1/4	1	481								
40	40	237/2	237/2	0.25	3/8	3/8	Chord	3/4	2	1	1/16		1/16	1	482								
40	40	475/4	475/4	0.25	7/16	7/16	Chord	3/4	2	1	1/16		1/16	1	483								
40	40	119	119	0.25	1/2	1/2	Chord	3/4	2	1	1/16		1/16	1	484								
40	40	477/4	477/4	0.25	9/16	9/16	Chord	3/4	2	1	1/16		1/16	1	485								
40	40	239/2	239/2	0.25	5/8	5/8	Chord	3/4	2	1	1/16		1/16	1	486								
40	40	479/4	479/4	0.25	11/16	11/16	Chord	3/4	2	1	1/16		1/16	1	487								
41	41	120	120	0.75	0	0	Chord	3/4	1	1	3/16		1/8	3/2	488		ornamentTremblement						
41	41	483/4	483/4	0.125	3/16	3/16	Chord	3/4	1	1	1/32		1/32	1	489								
41	41	967/8	967/8	0.125	7/32	7/32	Chord	3/4	1	1	1/32		1/32	1	490								
41	41	121	121	0.125	1/4	1/4	Chord	3/4	1	1	1/32		1/32	1	491								
41	41	969/8	969/8	0.125	9/32	9/32	Chord	3/4	1	1	1/32		1/32	1	492								
41	41	485/4	485/4	0.125	5/16	5/16	Chord	3/4	1	1	1/32		1/32	1	493								
41	41	971/8	971/8	0.125	11/32	11/32	Chord	3/4	1	1	1/32		1/32	1	494								
41	41	243/2	243/2	0.125	3/8	3/8	Chord	3/4	1	1	1/32		1/32	1	495								
41	41	973/8	973/8	0.125	13/32	13/32	Chord	3/4	1	1	1/32		1/32	1	496								
41	41	487/4	487/4	0.125	7/16	7/16	Chord	3/4	1	1	1/32		1/32	1	497								
41	41	975/8	975/8	0.125	15/32	15/32	Chord	3/4	1	1	1/32		1/32	1	498								
41	41	122	122	0.0	1/2	1/2	Dynamic	3/4	1	1	0					p							
41	41	122	122	0.25	1/2	1/2	Chord	3/4	1	1	1/16		1/16	1	499		articStaccatissimoAbove						
41	41	489/4	489/4	0.25	9/16	9/16	Chord	3/4	1	1	1/16		1/16	1	500		articStaccatissimoAbove						
41	41	245/2	245/2	0.25	5/8	5/8	Chord	3/4	1	1	1/16		1/16	1	501		articStaccatissimoAbove						
41	41	491/4	491/4	0.25	11/16	11/16	Chord	3/4	1	1	1/16		1/16	1	502		articStaccatissimoAbove						
41	41	120	120	0.5	0	0	Chord	3/4	2	1	1/8		1/8	1	503								
41	41	241/2	241/2	0.5	1/8	1/8	Chord	3/4	2	1	1/8		1/8	1	504								
41	41	243/2	243/2	0.5	3/8	3/8	Chord	3/4	2	1	1/8		1/8	1	505								
41	41	122	122	0.5	1/2	1/2	Chord	3/4	2	1	1/8		1/8	1	506		articStaccatissimoAbove						
42	42	123	123	0.25	0	0	Chord	3/4	1	1	1/16		1/16	1	507		articStaccatissimoAbove						
42	42	493/4	493/4	0.25	1/16	1/16	Chord	3/4	1	1	1/16		1/16	1	508		articStaccatissimoAbove						
42	42	247/2	247/2	0.25	1/8	1/8	Chord	3/4	1	1	1/16		1/16	1	509		articStaccatissimoAbove						
42	42	495/4	495/4	0.25	3/16	3/16	Chord	3/4	1	1	1/16		1/16	1	510		articStaccatissimoAbove						
42	42	499/4	499/4	0.25	7/16	7/16	Chord	3/4	1	1	1/16		1/16	1	511		ornamentTremblement						
42	42	125	125	0.5	1/2	1/2	Chord	3/4	1	1	1/8		1/8	1	512								
42	42	251/2	251/2	0.5	5/8	5/8	Chord	3/4	1	1	1/8		1/8	1	513								
42	42	124	124	1.0	1/4	1/4	Chord	3/4	2	1	1/4		1/4	1	514								26
42	42	125	125	1.0	1/2	1/2	Chord	3/4	2	1	1/4		1/4	1	515								
43	43	126	126	0.0	0	0	Dynamic	3/4	1	1	0					f							
43	43	505/4	505/4	0.25	1/16	1/16	Chord	3/4	1	1	1/16		1/16	1	516								
43	43	253/2	253/2	0.5	1/8	1/8	Chord	3/4	1	1	1/8		1/8	1	517		ornamentTurn						
43	43	127	127	0.25	1/4	1/4	Chord	3/4	1	1	1/16		1/16	1	518								
43	43	509/4	509/4	0.25	5/16	5/16	Chord	3/4	1	1	1/16		1/16	1	519								27
43	43	255/2	255/2	0.25	3/8	3/8	Chord	3/4	1	1	1/16		1/16	1	520		ornamentShortTrill						27
43	43	511/4	511/4	0.25	7/16	7/16	Chord	3/4	1	1	1/16		1/16	1	521								
43	43	128	128	0.25	1/2	1/2	Chord	3/4	1	1	1/16		1/16	1	522								
43	43	513/4	513/4	0.5	9/16	9/16	Chord	3/4	1	1	1/8		1/8	1	523								
43	43	515/4	515/4	0.25	11/16	11/16	Chord	3/4	1	1	1/16		1/16	1	524								
43	43	126	126	2.0	0	0	Chord	3/4	2	1	1/2		1/2	1	525								
43	43	128	128	0.5	1/2	1/2	Chord	3/4	2	1	1/8		1/8	1	526								
43	43	257/2	257/2	0.5	5/8	5/8	Chord	3/4	2	1	1/8		1/8	1	527								
44	44	129	129	0.125	0	0	Chord	3/4	1	1	1/32		1/32	1	528								
44	44	1033/8	1033/8	0.125	1/32	1/32	Chord	3/4	1	1	1/32		1/32	1	529								
44	44	517/4	517/4	0.125	1/16	1/16	Chord	3/4	1	1	1/32		1/32	1	530								
44	44	1035/8	1035/8	0.125	3/32	3/32	Chord	3/4	1	1	1/32		1/32	1	531								
44	44	259/2	259/2	0.125	1/8	1/8	Chord	3/4	1	1	1/32		1/32	1	532								
44	44	1037/8	1037/8	0.125	5/32	5/32	Chord	3/4	1	1	1/32		1/32	1	533								
44	44	519/4	519/4	0.125	3/16	3/16	Chord	3/4	1	1	1/32		1/32	1	534								
44	44	1039/8	1039/8	0.125	7/32	7/32	Chord	3/4	1	1	1/32		1/32	1	535								
44	44	130	130	0.125	1/4	1/4	Chord	3/4	1	1	1/32		1/32	1	536								
44	44	1041/8	1041/8	0.125	9/32	9/32	Chord	3/4	1	1	1/32		1/32	1	537								
44	44	521/4	521/4	0.125	5/16	5/16	Chord	3/4	1	1	1/32		1/32	1	538								
44	44	1043/8	1043/8	0.125	11/32	11/32	Chord	3/4	1	1	1/32		1/32	1	539								
44	44	261/2	261/2	0.125	3/8	3/8	Chord	3/4	1	1	1/32		1/32	1	540								
44	44	1045/8	1045/8	0.125	13/32	13/32	Chord	3/4	1	1	1/32		1/32	1	541								
44	44	523/4	523/4	0.125	7/16	7/16	Chord	3/4	1	1	1/32		1/32	1	542								
44	44	1047/8	1047/8	0.125	15/32	15/32	Chord	3/4	1	1	1/32		1/32	1	543								
44	44	131	131	0.5	1/2	1/2	Chord	3/4	1	1	1/8		1/8	1	544		articStaccatissimoAbove						
44	44	527/4	527/4	0.25	11/16	11/16	Chord	3/4	1	1	1/16		1/16	1	545								
44	44	129	129	1.0	0	0	Chord	3/4	2	1	1/4		1/4	1	546								
44	44	263/2	263/2	0.5	5/8	5/8	Chord	3/4	2	1	1/8		1/8	1	547								
45	45	132	132	0.25	0	0	Chord	3/4	1	1	1/16		1/16	1	548								28
45	45	529/4	529/4	0.25	1/16	1/16	Chord	3/4	1	1	1/16		1/16	1	549								28
45	45	265/2	265/2	0.25	1/8	1/8	Chord	3/4	1	1	1/16		1/16	1	550		ornamentShortTrill						28
45	45	531/4	531/4	0.25	3/16	3/16	Chord	3/4	1	1	1/16		1/16	1	551								
45	45	533/4	533/4	0.125	5/16	5/16	Chord	3/4	1	1	1/32		1/32	1	552								
45	45	1067/8	1067/8	0.125	11/32	11/32	Chord	3/4	1	1	1/32		1/32	1	553								
45	45	267/2	267/2	0.25	3/8	3/8	Chord	3/4	1	1	1/16		1/16	1	554								
45	45	535/4	535/4	0.25	7/16	7/16	Chord	3/4	1	1	1/16		1/16	1	555								
45	45	134	134	0.25	1/2	1/2	Chord	3/4	1	1	1/16		1/16	1	556		ornamentShortTrill						
45	45	537/4	537/4	0.25	9/16	9/16	Chord	3/4	1	1	1/16		1/16	1	557								
45	45	269/2	269/2	0.25	5/8	5/8	Chord	3/4	1	1	1/16		1/16	1	558								
45	45	539/4	539/4	0.25	11/16	11/16	Chord	3/4	1	1	1/16		1/16	1	559								
45	45	132	132	0.5	0	0	Chord	3/4	2	1	1/8		1/8	1	560								
45	45	265/2	265/2	0.5	1/8	1/8	Chord	3/4	2	1	1/8		1/8	1	561								
45	45	133	133	1.0	1/4	1/4	Chord	3/4	2	1	1/4		1/4	1	562								
45	45	134	134	1.0	1/2	1/2	Chord	3/4	2	1	1/4		1/4	1	563								
46	46	135	135	0.125	0	0	Chord	3/4	1	1	1/32		1/32	1	564								
46	46	1081/8	1081/8	0.125	1/32	1/32	Chord	3/4	1	1	1/32		1/32	1	565								
46	46	541/4	541/4	0.125	1/16	1/16	Chord	3/4	1	1	1/32		1/32	1	566								
46	46	1083/8	1083/8	0.125	3/32	3/32	Chord	3/4	1	1	1/32		1/32	1	567								
46	46	271/2	271/2	0.5	1/8	1/8	Chord	3/4	1	1	1/8		1/8	1	568		articStaccatissimoBelow						
46	46	137	137	0.0	1/2	1/2	Dynamic	3/4	1	1	0					ff							
46	46	1097/8	1097/8	0.125	17/32	17/32	Chord	3/4	1	1	1/32		1/32	1	569								
46	46	549/4	549/4	0.125	9/16	9/16	Chord	3/4	1	1	1/32		1/32	1	570								
46	46	1099/8	1099/8	0.125	19/32	19/32	Chord	3/4	1	1	1/32		1/32	1	571								
46	46	275/2	275/2	0.125	5/8	5/8	Chord	3/4	1	1	1/32		1/32	1	572								
46	46	1101/8	1101/8	0.125	21/32	21/32	Chord	3/4	1	1	1/32		1/32	1	573								
46	46	551/4	551/4	0.125	11/16	11/16	Chord	3/4	1	1	1/32		1/32	1	574								
46	46	1103/8	1103/8	0.125	23/32	23/32	Chord	3/4	1	1	1/32		1/32	1	575								
46	46	136	136	2.0	1/4	1/4	Chord	3/4	2	1	1/2		1/2	1	576								
46	46	137	137	0.0	1/2	1/2	Dynamic	3/4	2	1	0					p							
46	46	135	135	1.0	0	0	Chord	3/4	2	2	1/4		1/4	1	577		articStaccatissimoBelow						
46	46	137	137	1.0	1/2	1/2	Chord	3/4	2	2	1/4		1/4	1	578								
47	47	138	138	1.0	0	0	Chord	3/4	1	1	1/4		1/4	1	579		articStaccatissimoBelow						
47	47	139	139	0.0	1/4	1/4	Dynamic	3/4	1	1	0					ff							
47	47	140	140	0.0	1/2	1/2	Dynamic	3/4	1	1	0					p							
47	47	1121/8	1121/8	0.125	17/32	17/32	Chord	3/4	1	1	1/32		1/32	1	580								
47	47	561/4	561/4	0.125	9/16	9/16	Chord	3/4	1	1	1/32		1/32	1	581								
47	47	1123/8	1123/8	0.125	19/32	19/32	Chord	3/4	1	1	1/32		1/32	1	582								
47	47	281/2	281/2	0.125	5/8	5/8	Chord	3/4	1	1	1/32		1/32	1	583								
47	47	1125/8	1125/8	0.125	21/32	21/32	Chord	3/4	1	1	1/32		1/32	1	584								
47	47	563/4	563/4	0.125	11/16	11/16	Chord	3/4	1	1	1/32		1/32	1	585								
47	47	1127/8	1127/8	0.125	23/32	23/32	Chord	3/4	1	1	1/32		1/32	1	586								
47	47	139	139	2.0	1/4	1/4	Chord	3/4	2	1	1/2		1/2	1	587								
47	47	138	138	1.0	0	0	Chord	3/4	2	2	1/4		1/4	1	588		articStaccatissimoBelow						
47	47	140	140	1.0	1/2	1/2	Chord	3/4	2	2	1/4		1/4	1	589								
48	48	141	141	1.0	0	0	Chord	3/4	1	1	1/4		1/4	1	590		articStaccatissimoAbove						
48	48	142	142	0.0	1/4	1/4	Dynamic	3/4	1	1	0					ff							
48	48	143	143	0.0	1/2	1/2	Dynamic	3/4	1	1	0					p							
48	48	1145/8	1145/8	0.125	17/32	17/32	Chord	3/4	1	1	1/32		1/32	1	591								
48	48	573/4	573/4	0.125	9/16	9/16	Chord	3/4	1	1	1/32		1/32	1	592								
48	48	1147/8	1147/8	0.125	19/32	19/32	Chord	3/4	1	1	1/32		1/32	1	593								
48	48	287/2	287/2	0.125	5/8	5/8	Chord	3/4	1	1	1/32		1/32	1	594								
48	48	1149/8	1149/8	0.125	21/32	21/32	Chord	3/4	1	1	1/32		1/32	1	595								
48	48	575/4	575/4	0.125	11/16	11/16	Chord	3/4	1	1	1/32		1/32	1	596								
48	48	1151/8	1151/8	0.125	23/32	23/32	Chord	3/4	1	1	1/32		1/32	1	597								
48	48	142	142	2.0	1/4	1/4	Chord	3/4	2	1	1/2		1/2	1	598								
48	48	141	141	1.0	0	0	Chord	3/4	2	2	1/4		1/4	1	599		articStaccatissimoBelow						
48	48	143	143	1.0	1/2	1/2	Chord	3/4	2	2	1/4		1/4	1	600								
49	49	144	144	0.0	0	0	Dynamic	3/4	1	1	0					f							
49	49	144	144	0.125	0	0	Chord	3/4	1	1	1/32		1/32	1	601								
49	49	1153/8	1153/8	0.125	1/32	1/32	Chord	3/4	1	1	1/32		1/32	1	602								
49	49	577/4	577/4	0.125	1/16	1/16	Chord	3/4	1	1	1/32		1/32	1	603								
49	49	1155/8	1155/8	0.125	3/32	3/32	Chord	3/4	1	1	1/32		1/32	1	604								
49	49	289/2	289/2	0.125	1/8	1/8	Chord	3/4	1	1	1/32		1/32	1	605								
49	49	1157/8	1157/8	0.125	5/32	5/32	Chord	3/4	1	1	1/32		1/32	1	606								
49	49	579/4	579/4	0.125	3/16	3/16	Chord	3/4	1	1	1/32		1/32	1	607								
49	49	1159/8	1159/8	0.125	7/32	7/32	Chord	3/4	1	1	1/32		1/32	1	608								
49	49	145	145	0.125	1/4	1/4	Chord	3/4	1	1	1/32		1/32	1	609								
49	49	1161/8	1161/8	0.125	9/32	9/32	Chord	3/4	1	1	1/32		1/32	1	610								
49	49	581/4	581/4	0.125	5/16	5/16	Chord	3/4	1	1	1/32		1/32	1	611								
49	49	1163/8	1163/8	0.125	11/32	11/32	Chord	3/4	1	1	1/32		1/32	1	612								
49	49	291/2	291/2	0.125	3/8	3/8	Chord	3/4	1	1	1/32		1/32	1	613								
49	49	1165/8	1165/8	0.125	13/32	13/32	Chord	3/4	1	1	1/32		1/32	1	614								
49	49	583/4	583/4	0.125	7/16	7/16	Chord	3/4	1	1	1/32		1/32	1	615								
49	49	1167/8	1167/8	0.125	15/32	15/32	Chord	3/4	1	1	1/32		1/32	1	616								
49	49	146	146	0.125	1/2	1/2	Chord	3/4	1	1	1/32		1/32	1	617								
49	49	1169/8	1169/8	0.125	17/32	17/32	Chord	3/4	1	1	1/32		1/32	1	618								
49	49	585/4	585/4	0.125	9/16	9/16	Chord	3/4	1	1	1/32		1/32	1	619								
49	49	1171/8	1171/8	0.125	19/32	19/32	Chord	3/4	1	1	1/32		1/32	1	620								
49	49	293/2	293/2	0.125	5/8	5/8	Chord	3/4	1	1	1/32		1/32	1	621								
49	49	1173/8	1173/8	0.125	21/32	21/32	Chord	3/4	1	1	1/32		1/32	1	622								
49	49	587/4	587/4	0.125	11/16	11/16	Chord	3/4	1	1	1/32		1/32	1	623								
49	49	1175/8	1175/8	0.125	23/32	23/32	Chord	3/4	1	1	1/32		1/32	1	624								
49	49	144	144	1.0	0	0	Chord	3/4	2	1	1/4		1/4	1	625								
49	49	145	145	1.0	1/4	1/4	Chord	3/4	2	1	1/4		1/4	1	626								
49	49	146	146	1.0	1/2	1/2	Chord	3/4	2	1	1/4		1/4	1	627								
50	50	147	147	0.125	0	0	Chord	3/4	1	1	1/32		1/32	1	628								
50	50	1177/8	1177/8	0.125	1/32	1/32	Chord	3/4	1	1	1/32		1/32	1	629								
50	50	589/4	589/4	0.125	1/16	1/16	Chord	3/4	1	1	1/32		1/32	1	630								
50	50	1179/8	1179/8	0.125	3/32	3/32	Chord	3/4	1	1	1/32		1/32	1	631								
50	50	295/2	295/2	0.125	1/8	1/8	Chord	3/4	1	1	1/32		1/32	1	632								
50	50	1181/8	1181/8	0.125	5/32	5/32	Chord	3/4	1	1	1/32		1/32	1	633								
50	50	591/4	591/4	0.125	3/16	3/16	Chord	3/4	1	1	1/32		1/32	1	634								
50	50	1183/8	1183/8	0.125	7/32	7/32	Chord	3/4	1	1	1/32		1/32	1	635								
50	50	148	148	0.125	1/4	1/4	Chord	3/4	1	1	1/32		1/32	1	636								
50	50	1185/8	1185/8	0.125	9/32	9/32	Chord	3/4	1	1	1/32		1/32	1	637								
50	50	593/4	593/4	0.125	5/16	5/16	Chord	3/4	1	1	1/32		1/32	1	638								
50	50	1187/8	1187/8	0.125	11/32	11/32	Chord	3/4	1	1	1/32		1/32	1	639								
50	50	297/2	297/2	0.125	3/8	3/8	Chord	3/4	1	1	1/32		1/32	1	640								
50	50	1189/8	1189/8	0.125	13/32	13/32	Chord	3/4	1	1	1/32		1/32	1	641								
50	50	595/4	595/4	0.125	7/16	7/16	Chord	3/4	1	1	1/32		1/32	1	642								
50	50	1191/8	1191/8	0.125	15/32	15/32	Chord	3/4	1	1	1/32		1/32	1	643								
50	50	149	149	0.125	1/2	1/2	Chord	3/4	1	1	1/32		1/32	1	644								
50	50	1193/8	1193/8	0.125	17/32	17/32	Chord	3/4	1	1	1/32		1/32	1	645								
50	50	597/4	597/4	0.125	9/16	9/16	Chord	3/4	1	1	1/32		1/32	1	646								
50	50	1195/8	1195/8	0.125	19/32	19/32	Chord	3/4	1	1	1/32		1/32	1	647								
50	50	299/2	299/2	0.125	5/8	5/8	Chord	3/4	1	1	1/32		1/32	1	648								
50	50	1197/8	1197/8	0.125	21/32	21/32	Chord	3/4	1	1	1/32		1/32	1	649								
50	50	599/4	599/4	0.125	11/16	11/16	Chord	3/4	1	1	1/32		1/32	1	650								
50	50	1199/8	1199/8	0.125	23/32	23/32	Chord	3/4	1	1	1/32		1/32	1	651								
50	50	147	147	1.0	0	0	Chord	3/4	2	1	1/4		1/4	1	652								
50	50	148	148	1.0	1/4	1/4	Chord	3/4	2	1	1/4		1/4	1	653								
50	50	149	149	1.0	1/2	1/2	Chord	3/4	2	1	1/4		1/4	1	654								
51	51	150	150	0.125	0	0	Chord	3/4	1	1	1/32		1/32	1	655								
51	51	1201/8	1201/8	0.125	1/32	1/32	Chord	3/4	1	1	1/32		1/32	1	656								
51	51	601/4	601/4	0.125	1/16	1/16	Chord	3/4	1	1	1/32		1/32	1	657								
51	51	1203/8	1203/8	0.125	3/32	3/32	Chord	3/4	1	1	1/32		1/32	1	658								
51	51	301/2	301/2	0.125	1/8	1/8	Chord	3/4	1	1	1/32		1/32	1	659								
51	51	1205/8	1205/8	0.125	5/32	5/32	Chord	3/4	1	1	1/32		1/32	1	660								
51	51	603/4	603/4	0.125	3/16	3/16	Chord	3/4	1	1	1/32		1/32	1	661								
51	51	1207/8	1207/8	0.125	7/32	7/32	Chord	3/4	1	1	1/32		1/32	1	662								
51	51	151	151	0.375	1/4	1/4	Chord	3/4	1	1	3/32		1/16	3/2	663								
51	51	1211/8	1211/8	0.125	11/32	11/32	Chord	3/4	1	1	1/32		1/32	1	664								
51	51	303/2	303/2	0.125	3/8	3/8	Chord	3/4	1	1	1/32		1/32	1	665								
51	51	1213/8	1213/8	0.125	13/32	13/32	Chord	3/4	1	1	1/32		1/32	1	666								
51	51	607/4	607/4	0.125	7/16	7/16	Chord	3/4	1	1	1/32		1/32	1	667								
51	51	1215/8	1215/8	0.75	15/32	15/32	Chord	3/4	1	1	3/16		1/8	3/2	668		ornamentTremblement						
51	51	1221/8	1221/8	0.125	21/32	21/32	Chord	3/4	1	1	1/32		1/32	1	669								
51	51	611/4	611/4	0.125	11/16	11/16	Chord	3/4	1	1	1/32		1/32	1	670								
51	51	150	150	1.0	0	0	Chord	3/4	2	1	1/4		1/4	1	671								
51	51	151	151	1.0	1/4	1/4	Chord	3/4	2	1	1/4		1/4	1	672								
51	51	152	152	1.0	1/2	1/2	Chord	3/4	2	1	1/4		1/4	1	673								
52	52	153	153	0.5	0	0	Chord	3/4	1	1	1/8		1/8	1	674		articStaccatissimoAbove						
52	52	307/2	307/2	0.0	1/8	1/8	Dynamic	3/4	1	1	0					p							
52	52	307/2	307/2	0.5	1/8	1/8	Chord	3/4	1	1	1/8		1/8	1	675		articStaccatissimoAbove						
52	52	154	154	0.5	1/4	1/4	Chord	3/4	1	1	1/8		1/8	1	676		articStaccatissimoAbove						
52	52	309/2	309/2	0.5	3/8	3/8	Chord	3/4	1	1	1/8		1/8	1	677		articStaccatissimoAbove						
52	52	155	155	0.5	1/2	1/2	Chord	3/4	1	1	1/8		1/8	1	678		articStaccatissimoAbove						
52	52	311/2	311/2	0.5	5/8	5/8	Chord	3/4	1	1	1/8		1/8	1	679		articStaccatissimoAbove						
52	52	153	153	3.0	0	0	Chord	3/4	2	1	3/4		1/2	3/2	680								
53	53	156	156	0.5	0	0	Chord	3/4	1	1	1/8		1/8	1	681		articStaccatissimoAbove						
53	53	313/2	313/2	0.0	1/8	1/8	Dynamic	3/4	1	1	0					f							
53	53	313/2	313/2	0.5	1/8	1/8	Chord	3/4	1	1	1/8		1/8	1	682		articStaccatissimoAbove						
53	53	157	157	0.0	1/4	1/4	Chord	3/4	1	1	0	grace32	1/32	1	683								
53	53	157	157	0.5	1/4	1/4	Chord	3/4	1	1	1/8		1/8	1	684		articStaccatissimoAbove						
53	53	315/2	315/2	0.5	3/8	3/8	Chord	3/4	1	1	1/8		1/8	1	685		articStaccatissimoAbove						
53	53	158	158	0.0	1/2	1/2	Chord	3/4	1	1	0	grace32	1/32	1	686								
53	53	158	158	0.5	1/2	1/2	Chord	3/4	1	1	1/8		1/8	1	687		articStaccatissimoAbove						
53	53	317/2	317/2	0.5	5/8	5/8	Chord	3/4	1	1	1/8		1/8	1	688		articStaccatissimoAbove						
53	53	313/2	313/2	0.5	1/8	1/8	Chord	3/4	1	2	1/8		1/8	1	689		articStaccatissimoBelow						
53	53	157	157	0.0	1/4	1/4	Chord	3/4	1	2	0	grace32	1/32	1	690								
53	53	157	157	0.5	1/4	1/4	Chord	3/4	1	2	1/8		1/8	1	691		articStaccatissimoBelow						
53	53	315/2	315/2	0.5	3/8	3/8	Chord	3/4	1	2	1/8		1/8	1	692		articStaccatissimoBelow						
53	53	158	158	0.0	1/2	1/2	Chord	3/4	1	2	0	grace32	1/32	1	693								
53	53	158	158	0.5	1/2	1/2	Chord	3/4	1	2	1/8		1/8	1	694		articStaccatissimoBelow						
53	53	317/2	317/2	0.5	5/8	5/8	Chord	3/4	1	2	1/8		1/8	1	695		articStaccatissimoBelow						
54	54	159	159	0.75	0	0	Chord	3/4	1	1	3/16		1/8	3/2	696		ornamentTremblement						
54	54	639/4	639/4	0.125	3/16	3/16	Chord	3/4	1	1	1/32		1/32	1	697								
54	54	1279/8	1279/8	0.125	7/32	7/32	Chord	3/4	1	1	1/32		1/32	1	698								
54	54	160	160	1.0	1/4	1/4	Chord	3/4	1	1	1/4		1/4	1	699		articStaccatissimoAbove						
54	54	161	161	0.0	1/2	1/2	Dynamic	3/4	1	1	0					p							
54	54	161	161	1.0	1/2	1/2	Chord	3/4	1	1	1/4		1/4	1	700								
54	54	159	159	0.75	0	0	Chord	3/4	1	2	3/16		1/8	3/2	701		ornamentTremblement						
54	54	639/4	639/4	0.125	3/16	3/16	Chord	3/4	1	2	1/32		1/32	1	702								
54	54	1279/8	1279/8	0.125	7/32	7/32	Chord	3/4	1	2	1/32		1/32	1	703								
54	54	160	160	1.0	1/4	1/4	Chord	3/4	2	1	1/4		1/4	1	704		articStaccatissimoAbove						
55	55	162	162	0.5	0	0	Chord	3/4	1	1	1/8		1/8	1	705								
55	55	325/2	325/2	1.0	1/8	1/8	Chord	3/4	1	1	1/4		1/4	1	706								
55	55	327/2	327/2	1.0	3/8	3/8	Chord	3/4	1	1	1/4		1/4	1	707								
55	55	329/2	329/2	0.5	5/8	5/8	Chord	3/4	1	1	1/8		1/8	1	708								
55	55	162	162	1.0	0	0	Chord	3/4	2	1	1/4		1/4	1	709								
55	55	163	163	1.0	1/4	1/4	Chord	3/4	2	1	1/4		1/4	1	710								
55	55	164	164	1.0	1/2	1/2	Chord	3/4	2	1	1/4		1/4	1	711								
56	56	165	165	0.0	0	0	Dynamic	3/4	1	1	0					f							
56	56	165	165	0.75	0	0	Chord	3/4	1	1	3/16		1/8	3/2	712		ornamentTremblement						
56	56	663/4	663/4	0.125	3/16	3/16	Chord	3/4	1	1	1/32		1/32	1	713								
56	56	1327/8	1327/8	0.125	7/32	7/32	Chord	3/4	1	1	1/32		1/32	1	714								
56	56	166	166	1.0	1/4	1/4	Chord	3/4	1	1	1/4		1/4	1	715		articStaccatissimoBelow						
56	56	167	167	0.0	1/2	1/2	Dynamic	3/4	1	1	0					p							
56	56	167	167	0.75	1/2	1/2	Chord	3/4	1	1	3/16		1/8	3/2	716		ornamentTremblement						
56	56	671/4	671/4	0.125	11/16	11/16	Chord	3/4	1	1	1/32		1/32	1	717								
56	56	1343/8	1343/8	0.125	23/32	23/32	Chord	3/4	1	1	1/32		1/32	1	718								
56	56	165	165	0.75	0	0	Chord	3/4	2	1	3/16		1/8	3/2	719		ornamentTremblement						
56	56	663/4	663/4	0.125	3/16	3/16	Chord	3/4	2	1	1/32		1/32	1	720								
56	56	1327/8	1327/8	0.125	7/32	7/32	Chord	3/4	2	1	1/32		1/32	1	721								
56	56	166	166	1.0	1/4	1/4	Chord	3/4	2	1	1/4		1/4	1	722		articStaccatissimoAbove						
57	57	168	168	0.75	0	0	Chord	3/4	1	1	3/16		1/8	3/2	723		ornamentTremblement						
57	57	675/4	675/4	0.125	3/16	3/16	Chord	3/4	1	1	1/32		1/32	1	724								
57	57	1351/8	1351/8	0.125	7/32	7/32	Chord	3/4	1	1	1/32		1/32	1	725								
57	57	169	169	0.75	1/4	1/4	Chord	3/4	1	1	3/16		1/8	3/2	726		ornamentTremblement						
57	57	679/4	679/4	0.125	7/16	7/16	Chord	3/4	1	1	1/32		1/32	1	727								
57	57	1359/8	1359/8	0.125	15/32	15/32	Chord	3/4	1	1	1/32		1/32	1	728								
57	57	170	170	0.75	1/2	1/2	Chord	3/4	1	1	3/16		1/8	3/2	729		ornamentTremblement						
57	57	683/4	683/4	0.125	11/16	11/16	Chord	3/4	1	1	1/32		1/32	1	730								
57	57	1367/8	1367/8	0.125	23/32	23/32	Chord	3/4	1	1	1/32		1/32	1	731								
57	57	168	168	1.0	0	0	Chord	3/4	2	1	1/4		1/4	1	732								
57	57	169	169	1.0	1/4	1/4	Chord	3/4	2	1	1/4		1/4	1	733								
57	57	170	170	1.0	1/2	1/2	Chord	3/4	2	1	1/4		1/4	1	734								
58	58	171	171	0.0	0	0	Dynamic	3/4	1	1	0					f							
58	58	171	171	0.75	0	0	Chord	3/4	1	1	3/16		1/8	3/2	735		ornamentTremblement						
58	58	687/4	687/4	0.125	3/16	3/16	Chord	3/4	1	1	1/32		1/32	1	736								
58	58	1375/8	1375/8	0.125	7/32	7/32	Chord	3/4	1	1	1/32		1/32	1	737								
58	58	172	172	0.5	1/4	1/4	Chord	3/4	1	1	1/8		1/8	1	738		articStaccatissimoAbove						
58	58	345/2	345/2	0.0	3/8	3/8	Dynamic	3/4	1	1	0					p							
58	58	345/2	345/2	0.25	3/8	3/8	Chord	3/4	1	1	1/16		1/16	1	739								29
58	58	691/4	691/4	0.25	7/16	7/16	Chord	3/4	1	1	1/16		1/16	1	740								29
58	58	173	173	0.25	1/2	1/2	Chord	3/4	1	1	1/16		1/16	1	741								
58	58	693/4	693/4	0.25	9/16	9/16	Chord	3/4	1	1	1/16		1/16	1	742								30
58	58	347/2	347/2	0.25	5/8	5/8	Chord	3/4	1	1	1/16		1/16	1	743								30
58	58	695/4	695/4	0.25	11/16	11/16	Chord	3/4	1	1	1/16		1/16	1	744								
58	58	171	171	0.75	0	0	Chord	3/4	2	1	3/16		1/8	3/2	745		ornamentTremblement						
58	58	687/4	687/4	0.125	3/16	3/16	Chord	3/4	2	1	1/32		1/32	1	746								
58	58	1375/8	1375/8	0.125	7/32	7/32	Chord	3/4	2	1	1/32		1/32	1	747								
58	58	172	172	1.0	1/4	1/4	Chord	3/4	2	1	1/4		1/4	1	748		articStaccatissimoAbove						
59	59	174	174	0.0	0	0	Dynamic	3/4	1	1	0					f							
59	59	174	174	0.75	0	0	Chord	3/4	1	1	3/16		1/8	3/2	749		ornamentTremblement						
59	59	699/4	699/4	0.125	3/16	3/16	Chord	3/4	1	1	1/32		1/32	1	750								
59	59	1399/8	1399/8	0.125	7/32	7/32	Chord	3/4	1	1	1/32		1/32	1	751								
59	59	175	175	0.5	1/4	1/4	Chord	3/4	1	1	1/8		1/8	1	752		articStaccatissimoAbove						
59	59	351/2	351/2	0.0	3/8	3/8	Dynamic	3/4	1	1	0					p							
59	59	351/2	351/2	0.25	3/8	3/8	Chord	3/4	1	1	1/16		1/16	1	753								31
59	59	703/4	703/4	0.25	7/16	7/16	Chord	3/4	1	1	1/16		1/16	1	754								31
59	59	176	176	0.25	1/2	1/2	Chord	3/4	1	1	1/16		1/16	1	755								
59	59	705/4	705/4	0.25	9/16	9/16	Chord	3/4	1	1	1/16		1/16	1	756								32
59	59	353/2	353/2	0.25	5/8	5/8	Chord	3/4	1	1	1/16		1/16	1	757								32
59	59	707/4	707/4	0.25	11/16	11/16	Chord	3/4	1	1	1/16		1/16	1	758								
59	59	174	174	0.75	0	0	Chord	3/4	2	1	3/16		1/8	3/2	759		ornamentTremblement						
59	59	699/4	699/4	0.125	3/16	3/16	Chord	3/4	2	1	1/32		1/32	1	760								
59	59	1399/8	1399/8	0.125	7/32	7/32	Chord	3/4	2	1	1/32		1/32	1	761								
59	59	175	175	1.0	1/4	1/4	Chord	3/4	2	1	1/4		1/4	1	762		articStaccatissimoAbove						
60	60	177	177	0.75	0	0	Chord	3/4	1	1	3/16		1/8	3/2	763		ornamentTremblement						
60	60	711/4	711/4	0.125	3/16	3/16	Chord	3/4	1	1	1/32		1/32	1	764								
60	60	1423/8	1423/8	0.125	7/32	7/32	Chord	3/4	1	1	1/32		1/32	1	765								
60	60	178	178	0.5	1/4	1/4	Chord	3/4	1	1	1/8		1/8	1	766								
60	60	357/2	357/2	0.0	3/8	3/8	Dynamic	3/4	1	1	0					p							
60	60	357/2	357/2	0.25	3/8	3/8	Chord	3/4	1	1	1/16		1/16	1	767								33
60	60	715/4	715/4	0.25	7/16	7/16	Chord	3/4	1	1	1/16		1/16	1	768								33
60	60	179	179	0.25	1/2	1/2	Chord	3/4	1	1	1/16		1/16	1	769								
60	60	717/4	717/4	0.25	9/16	9/16	Chord	3/4	1	1	1/16		1/16	1	770								34
60	60	359/2	359/2	0.25	5/8	5/8	Chord	3/4	1	1	1/16		1/16	1	771								34
60	60	719/4	719/4	0.25	11/16	11/16	Chord	3/4	1	1	1/16		1/16	1	772								
60	60	177	177	0.75	0	0	Chord	3/4	2	1	3/16		1/8	3/2	773		ornamentTremblement						
60	60	711/4	711/4	0.125	3/16	3/16	Chord	3/4	2	1	1/32		1/32	1	774								
60	60	1423/8	1423/8	0.125	7/32	7/32	Chord	3/4	2	1	1/32		1/32	1	775								
60	60	178	178	1.0	1/4	1/4	Chord	3/4	2	1	1/4		1/4	1	776		articStaccatissimoAbove						
61	61	180	180	0.5	0	0	Chord	3/4	1	1	1/8		1/8	1	777								35
61	61	361/2	361/2	0.375	1/8	1/8	Chord	3/4	1	1	3/32		1/16	3/2	778		ornamentShortTrill						
61	61	1447/8	1447/8	0.125	7/32	7/32	Chord	3/4	1	1	1/32		1/32	1	779								
61	61	181	181	1.0	1/4	1/4	Chord	3/4	1	1	1/4		1/4	1	780								36
61	61	182	182	0.5	1/2	1/2	Chord	3/4	1	1	1/8		1/8	1	781		ornamentMordent						
61	61	180	180	1.0	0	0	Chord	3/4	2	1	1/4		1/4	1	782								
61	61	363/2	363/2	0.25	3/8	3/8	Chord	3/4	2	1	1/16		1/16	1	783								
61	61	727/4	727/4	0.25	7/16	7/16	Chord	3/4	2	1	1/16		1/16	1	784								
61	61	182	182	0.25	1/2	1/2	Chord	3/4	2	1	1/16		1/16	1	785								
61	61	729/4	729/4	0.25	9/16	9/16	Chord	3/4	2	1	1/16		1/16	1	786								
61	61	365/2	365/2	0.25	5/8	5/8	Chord	3/4	2	1	1/16		1/16	1	787								
61	61	731/4	731/4	0.25	11/16	11/16	Chord	3/4	2	1	1/16		1/16	1	788								
62	62	183	183	0.0	0	0	Dynamic	3/4	1	1	0					f							
62	62	183	183	0.125	0	0	Chord	3/4	1	1	1/32		1/32	1	789								
62	62	1465/8	1465/8	0.125	1/32	1/32	Chord	3/4	1	1	1/32		1/32	1	790								
62	62	733/4	733/4	0.125	1/16	1/16	Chord	3/4	1	1	1/32		1/32	1	791								
62	62	1467/8	1467/8	0.125	3/32	3/32	Chord	3/4	1	1	1/32		1/32	1	792								
62	62	367/2	367/2	0.125	1/8	1/8	Chord	3/4	1	1	1/32		1/32	1	793								
62	62	1469/8	1469/8	0.125	5/32	5/32	Chord	3/4	1	1	1/32		1/32	1	794								
62	62	735/4	735/4	0.125	3/16	3/16	Chord	3/4	1	1	1/32		1/32	1	795								
62	62	1471/8	1471/8	0.125	7/32	7/32	Chord	3/4	1	1	1/32		1/32	1	796								
62	62	184	184	0.5	1/4	1/4	Chord	3/4	1	1	1/8		1/8	1	797		articStaccatissimoAbove						
62	62	369/2	369/2	0.5	3/8	3/8	Chord	3/4	1	1	1/8		1/8	1	798		articStaccatissimoAbove						
62	62	371/2	371/2	0.5	5/8	5/8	Chord	3/4	1	1	1/8		1/8	1	799		articStaccatissimoAbove						
62	62	183	183	1.0	0	0	Chord	3/4	2	1	1/4		1/4	1	800		articStaccatissimoAbove						
62	62	184	184	1.0	1/4	1/4	Chord	3/4	2	1	1/4		1/4	1	801		articStaccatissimoAbove						
62	62	185	185	1.0	1/2	1/2	Chord	3/4	2	1	1/4		1/4	1	802		articStaccatissimoAbove						
63	63	186	186	0.125	0	0	Chord	3/4	1	1	1/32		1/32	1	803								
63	63	1489/8	1489/8	0.125	1/32	1/32	Chord	3/4	1	1	1/32		1/32	1	804								
63	63	745/4	745/4	0.125	1/16	1/16	Chord	3/4	1	1	1/32		1/32	1	805								
63	63	1491/8	1491/8	0.125	3/32	3/32	Chord	3/4	1	1	1/32		1/32	1	806								
63	63	373/2	373/2	0.125	1/8	1/8	Chord	3/4	1	1	1/32		1/32	1	807								
63	63	1493/8	1493/8	0.125	5/32	5/32	Chord	3/4	1	1	1/32		1/32	1	808								
63	63	747/4	747/4	0.125	3/16	3/16	Chord	3/4	1	1	1/32		1/32	1	809								
63	63	1495/8	1495/8	0.125	7/32	7/32	Chord	3/4	1	1	1/32		1/32	1	810								
63	63	187	187	0.25	1/4	1/4	Chord	3/4	1	1	1/16		1/16	1	811		articStaccatissimoAbove						
63	63	749/4	749/4	0.25	5/16	5/16	Chord	3/4	1	1	1/16		1/16	1	812		articStaccatissimoAbove						
63	63	375/2	375/2	0.25	3/8	3/8	Chord	3/4	1	1	1/16		1/16	1	813		articStaccatissimoAbove						
63	63	751/4	751/4	0.25	7/16	7/16	Chord	3/4	1	1	1/16		1/16	1	814		articStaccatissimoAbove						
63	63	188	188	0.5	1/2	1/2	Chord	3/4	1	1	1/8		1/8	1	815		articStaccatissimoBelow						
63	63	186	186	1.0	0	0	Chord	3/4	2	1	1/4		1/4	1	816		articStaccatissimoAbove						
63	63	187	187	1.0	1/4	1/4	Chord	3/4	2	1	1/4		1/4	1	817		articStaccatissimoBelow						
63	63	753/4	753/4	0.25	9/16	9/16	Chord	3/4	2	1	1/16		1/16	1	818								37
63	63	377/2	377/2	0.25	5/8	5/8	Chord	3/4	2	1	1/16		1/16	1	819								37
63	63	755/4	755/4	0.25	11/16	11/16	Chord	3/4	2	1	1/16		1/16	1	820								
64	64	189	189	0.125	0	0	Chord	3/4	1	1	1/32		1/32	1	821								
64	64	1513/8	1513/8	0.125	1/32	1/32	Chord	3/4	1	1	1/32		1/32	1	822								
64	64	757/4	757/4	0.125	1/16	1/16	Chord	3/4	1	1	1/32		1/32	1	823								
64	64	1515/8	1515/8	0.125	3/32	3/32	Chord	3/4	1	1	1/32		1/32	1	824								
64	64	379/2	379/2	0.125	1/8	1/8	Chord	3/4	1	1	1/32		1/32	1	825								
64	64	1517/8	1517/8	0.125	5/32	5/32	Chord	3/4	1	1	1/32		1/32	1	826								
64	64	759/4	759/4	0.125	3/16	3/16	Chord	3/4	1	1	1/32		1/32	1	827								
64	64	1519/8	1519/8	0.125	7/32	7/32	Chord	3/4	1	1	1/32		1/32	1	828								
64	64	190	190	0.5	1/4	1/4	Chord	3/4	1	1	1/8		1/8	1	829		articStaccatissimoAbove						
64	64	381/2	381/2	0.5	3/8	3/8	Chord	3/4	1	1	1/8		1/8	1	830		articStaccatissimoAbove						
64	64	383/2	383/2	0.5	5/8	5/8	Chord	3/4	1	1	1/8		1/8	1	831		articStaccatissimoAbove						
64	64	189	189	1.0	0	0	Chord	3/4	2	1	1/4		1/4	1	832		articStaccatissimoAbove						
64	64	190	190	1.0	1/4	1/4	Chord	3/4	2	1	1/4		1/4	1	833		articStaccatissimoAbove						
64	64	191	191	1.0	1/2	1/2	Chord	3/4	2	1	1/4		1/4	1	834		articStaccatissimoAbove						
65	65	192	192	0.125	0	0	Chord	3/4	1	1	1/32		1/32	1	835								
65	65	1537/8	1537/8	0.125	1/32	1/32	Chord	3/4	1	1	1/32		1/32	1	836								
65	65	769/4	769/4	0.125	1/16	1/16	Chord	3/4	1	1	1/32		1/32	1	837								
65	65	1539/8	1539/8	0.125	3/32	3/32	Chord	3/4	1	1	1/32		1/32	1	838								
65	65	385/2	385/2	0.125	1/8	1/8	Chord	3/4	1	1	1/32		1/32	1	839								
65	65	1541/8	1541/8	0.125	5/32	5/32	Chord	3/4	1	1	1/32		1/32	1	840								
65	65	771/4	771/4	0.125	3/16	3/16	Chord	3/4	1	1	1/32		1/32	1	841								
65	65	1543/8	1543/8	0.125	7/32	7/32	Chord	3/4	1	1	1/32		1/32	1	842								
65	65	193	193	0.25	1/4	1/4	Chord	3/4	1	1	1/16		1/16	1	843		articStaccatissimoAbove						
65	65	773/4	773/4	0.25	5/16	5/16	Chord	3/4	1	1	1/16		1/16	1	844		articStaccatissimoAbove						
65	65	387/2	387/2	0.25	3/8	3/8	Chord	3/4	1	1	1/16		1/16	1	845		articStaccatissimoAbove						
65	65	775/4	775/4	0.25	7/16	7/16	Chord	3/4	1	1	1/16		1/16	1	846		articStaccatissimoAbove						
65	65	194	194	0.5	1/2	1/2	Chord	3/4	1	1	1/8		1/8	1	847		articStaccatissimoBelow						
65	65	192	192	1.0	0	0	Chord	3/4	2	1	1/4		1/4	1	848		articStaccatissimoAbove						
65	65	193	193	1.0	1/4	1/4	Chord	3/4	2	1	1/4		1/4	1	849		articStaccatissimoBelow						
65	65	777/4	777/4	0.25	9/16	9/16	Chord	3/4	2	1	1/16		1/16	1	850								38
65	65	389/2	389/2	0.25	5/8	5/8	Chord	3/4	2	1	1/16		1/16	1	851								38
65	65	779/4	779/4	0.25	11/16	11/16	Chord	3/4	2	1	1/16		1/16	1	852								
66	66	195	195	0.0	0	0	Dynamic	3/4	1	1	0					p							
66	66	195	195	0.75	0	0	Chord	3/4	1	1	3/16		1/8	3/2	853		ornamentTremblement						
66	66	783/4	783/4	0.25	3/16	3/16	Chord	3/4	1	1	1/16		1/16	1	854								
66	66	196	196	0.5	1/4	1/4	Chord	3/4	1	1	1/8		1/8	1	855		articStaccatoBelow						39
66	66	393/2	393/2	0.5	3/8	3/8	Chord	3/4	1	1	1/8		1/8	1	856		articStaccatoBelow						39
66	66	197	197	0.5	1/2	1/2	Chord	3/4	1	1	1/8		1/8	1	857		articStaccatoBelow						39
66	66	395/2	395/2	0.5	5/8	5/8	Chord	3/4	1	1	1/8		1/8	1	858		articStaccatoBelow						
66	66	195	195	1.0	0	0	Chord	3/4	2	1	1/4		1/4	1	859								
67	67	198	198	1.0	0	0	Chord	3/4	1	1	1/4		1/4	1	860								
67	67	199	199	0.75	1/4	1/4	Chord	3/4	1	1	3/16		1/8	3/2	861								
67	67	799/4	799/4	0.125	7/16	7/16	Chord	3/4	1	1	1/32		1/32	1	862								
67	67	1599/8	1599/8	0.125	15/32	15/32	Chord	3/4	1	1	1/32		1/32	1	863								
67	67	200	200	1.0	1/2	1/2	Chord	3/4	1	1	1/4		1/4	1	864		articStaccatissimoBelow						
67	67	397/2	397/2	0.5	1/8	1/8	Chord	3/4	2	1	1/8		1/8	1	865								
67	67	199	199	0.5	1/4	1/4	Chord	3/4	2	1	1/8		1/8	1	866								
67	67	399/2	399/2	0.5	3/8	3/8	Chord	3/4	2	1	1/8		1/8	1	867								
67	67	200	200	0.5	1/2	1/2	Chord	3/4	2	1	1/8		1/8	1	868								
67	67	401/2	401/2	0.5	5/8	5/8	Chord	3/4	2	1	1/8		1/8	1	869								
68	68	201	201	0.75	0	0	Chord	3/4	1	1	3/16		1/8	3/2	870		ornamentTremblement						
68	68	807/4	807/4	0.25	3/16	3/16	Chord	3/4	1	1	1/16		1/16	1	871								
68	68	202	202	0.5	1/4	1/4	Chord	3/4	1	1	1/8		1/8	1	872		articStaccatissimoBelow						
68	68	405/2	405/2	0.5	3/8	3/8	Chord	3/4	1	1	1/8		1/8	1	873								40
68	68	203	203	0.5	1/2	1/2	Chord	3/4	1	1	1/8		1/8	1	874								40
68	68	407/2	407/2	0.5	5/8	5/8	Chord	3/4	1	1	1/8		1/8	1	875								
69	69	204	204	1.5	0	0	Chord	3/4	2	1	3/8		1/4	3/2	876								41
69	69	411/2	411/2	0.5	3/8	3/8	Chord	3/4	2	1	1/8		1/8	1	877		ornamentTurn						
69	69	206	206	1.0	1/2	1/2	Chord	3/4	2	1	1/4		1/4	1	878		articStaccatissimoAbove						
69	69	409/2	409/2	0.5	1/8	1/8	Chord	3/4	2	2	1/8		1/8	1	879								42
69	69	205	205	0.5	1/4	1/4	Chord	3/4	2	2	1/8		1/8	1	880								42
69	69	411/2	411/2	0.5	3/8	3/8	Chord	3/4	2	2	1/8		1/8	1	881								
69	69	206	206	0.5	1/2	1/2	Chord	3/4	2	2	1/8		1/8	1	882								
69	69	413/2	413/2	0.5	5/8	5/8	Chord	3/4	2	2	1/8		1/8	1	883								
70	70	207	207	0.0	0	0	Dynamic	3/4	1	1	0					f							
70	70	207	207	0.125	0	0	Chord	3/4	1	1	1/32		1/32	1	884								
70	70	1657/8	1657/8	0.125	1/32	1/32	Chord	3/4	1	1	1/32		1/32	1	885								
70	70	829/4	829/4	0.125	1/16	1/16	Chord	3/4	1	1	1/32		1/32	1	886								
70	70	1659/8	1659/8	0.125	3/32	3/32	Chord	3/4	1	1	1/32		1/32	1	887								
70	70	415/2	415/2	0.125	1/8	1/8	Chord	3/4	1	1	1/32		1/32	1	888								
70	70	1661/8	1661/8	0.125	5/32	5/32	Chord	3/4	1	1	1/32		1/32	1	889								
70	70	831/4	831/4	0.125	3/16	3/16	Chord	3/4	1	1	1/32		1/32	1	890								
70	70	1663/8	1663/8	0.125	7/32	7/32	Chord	3/4	1	1	1/32		1/32	1	891								
70	70	208	208	0.125	1/4	1/4	Chord	3/4	1	1	1/32		1/32	1	892								
70	70	1665/8	1665/8	0.125	9/32	9/32	Chord	3/4	1	1	1/32		1/32	1	893								
70	70	833/4	833/4	0.125	5/16	5/16	Chord	3/4	1	1	1/32		1/32	1	894								
70	70	1667/8	1667/8	0.125	11/32	11/32	Chord	3/4	1	1	1/32		1/32	1	895								
70	70	417/2	417/2	0.125	3/8	3/8	Chord	3/4	1	1	1/32		1/32	1	896								
70	70	1669/8	1669/8	0.125	13/32	13/32	Chord	3/4	1	1	1/32		1/32	1	897								
70	70	835/4	835/4	0.125	7/16	7/16	Chord	3/4	1	1	1/32		1/32	1	898								
70	70	1671/8	1671/8	0.125	15/32	15/32	Chord	3/4	1	1	1/32		1/32	1	899								
70	70	209	209	0.125	1/2	1/2	Chord	3/4	1	1	1/32		1/32	1	900								
70	70	1673/8	1673/8	0.125	17/32	17/32	Chord	3/4	1	1	1/32		1/32	1	901								
70	70	837/4	837/4	0.125	9/16	9/16	Chord	3/4	1	1	1/32		1/32	1	902								
70	70	1675/8	1675/8	0.125	19/32	19/32	Chord	3/4	1	1	1/32		1/32	1	903								
70	70	419/2	419/2	0.125	5/8	5/8	Chord	3/4	1	1	1/32		1/32	1	904								
70	70	1677/8	1677/8	0.125	21/32	21/32	Chord	3/4	1	1	1/32		1/32	1	905								
70	70	839/4	839/4	0.125	11/16	11/16	Chord	3/4	1	1	1/32		1/32	1	906								
70	70	1679/8	1679/8	0.125	23/32	23/32	Chord	3/4	1	1	1/32		1/32	1	907								
71	71	210	210	0.125	0	0	Chord	3/4	1	1	1/32		1/32	1	908								
71	71	1681/8	1681/8	0.125	1/32	1/32	Chord	3/4	1	1	1/32		1/32	1	909								
71	71	841/4	841/4	0.125	1/16	1/16	Chord	3/4	1	1	1/32		1/32	1	910								
71	71	1683/8	1683/8	0.125	3/32	3/32	Chord	3/4	1	1	1/32		1/32	1	911								
71	71	421/2	421/2	0.125	1/8	1/8	Chord	3/4	1	1	1/32		1/32	1	912								
71	71	1685/8	1685/8	0.125	5/32	5/32	Chord	3/4	1	1	1/32		1/32	1	913								
71	71	843/4	843/4	0.125	3/16	3/16	Chord	3/4	1	1	1/32		1/32	1	914								
71	71	1687/8	1687/8	0.125	7/32	7/32	Chord	3/4	1	1	1/32		1/32	1	915								
71	71	211	211	0.125	1/4	1/4	Chord	3/4	1	1	1/32		1/32	1	916								
71	71	1689/8	1689/8	0.125	9/32	9/32	Chord	3/4	1	1	1/32		1/32	1	917								
71	71	845/4	845/4	0.125	5/16	5/16	Chord	3/4	1	1	1/32		1/32	1	918								
71	71	1691/8	1691/8	0.125	11/32	11/32	Chord	3/4	1	1	1/32		1/32	1	919								
71	71	423/2	423/2	0.125	3/8	3/8	Chord	3/4	1	1	1/32		1/32	1	920								
71	71	1693/8	1693/8	0.125	13/32	13/32	Chord	3/4	1	1	1/32		1/32	1	921								
71	71	847/4	847/4	0.125	7/16	7/16	Chord	3/4	1	1	1/32		1/32	1	922								
71	71	1695/8	1695/8	0.125	15/32	15/32	Chord	3/4	1	1	1/32		1/32	1	923								
71	71	212	212	0.25	1/2	1/2	Chord	3/4	1	1	1/16		1/16	1	924								
71	71	849/4	849/4	0.25	9/16	9/16	Chord	3/4	1	1	1/16		1/16	1	925								
71	71	851/4	851/4	0.25	11/16	11/16	Chord	3/4	1	1	1/16		1/16	1	926								
71	71	210	210	1.0	0	0	Chord	3/4	2	1	1/4		1/4	1	927								
71	71	211	211	1.0	1/4	1/4	Chord	3/4	2	1	1/4		1/4	1	928								
71	71	425/2	425/2	0.5	5/8	5/8	Chord	3/4	2	1	1/8		1/8	1	929								
72	72	213	213	0.25	0	0	Chord	3/4	1	1	1/16		1/16	1	930								43
72	72	853/4	853/4	0.25	1/16	1/16	Chord	3/4	1	1	1/16		1/16	1	931								
72	72	427/2	427/2	0.25	1/8	1/8	Chord	3/4	1	1	1/16		1/16	1	932		ornamentShortTrill						44
72	72	855/4	855/4	0.25	3/16	3/16	Chord	3/4	1	1	1/16		1/16	1	933								
72	72	214	214	0.25	1/4	1/4	Chord	3/4	1	1	1/16		1/16	1	934								
72	72	857/4	857/4	0.25	5/16	5/16	Chord	3/4	1	1	1/16		1/16	1	935								
72	72	429/2	429/2	0.25	3/8	3/8	Chord	3/4	1	1	1/16		1/16	1	936								
72	72	859/4	859/4	0.25	7/16	7/16	Chord	3/4	1	1	1/16		1/16	1	937								
72	72	215	215	0.25	1/2	1/2	Chord	3/4	1	1	1/16		1/16	1	938								
72	72	861/4	861/4	0.25	9/16	9/16	Chord	3/4	1	1	1/16		1/16	1	939								
72	72	431/2	431/2	0.25	5/8	5/8	Chord	3/4	1	1	1/16		1/16	1	940								
72	72	863/4	863/4	0.25	11/16	11/16	Chord	3/4	1	1	1/16		1/16	1	941								
72	72	213	213	0.5	0	0	Chord	3/4	2	1	1/8		1/8	1	942								
72	72	427/2	427/2	0.5	1/8	1/8	Chord	3/4	2	1	1/8		1/8	1	943								
72	72	214	214	1.0	1/4	1/4	Chord	3/4	2	1	1/4		1/4	1	944								
72	72	215	215	1.0	1/2	1/2	Chord	3/4	2	1	1/4		1/4	1	945								
73	73	216	216	0.16666666666666666	0	0	Chord	3/4	1	1	1/24		1/16	2/3	946								
73	73	1297/6	1297/6	0.16666666666666666	1/24	1/24	Chord	3/4	1	1	1/24		1/16	2/3	947								
73	73	649/3	649/3	0.16666666666666666	1/12	1/12	Chord	3/4	1	1	1/24		1/16	2/3	948								
73	73	433/2	433/2	0.5	1/8	1/8	Chord	3/4	1	1	1/8		1/8	1	949		articStaccatissimoBelow						
73	73	217	217	0.0	1/4	1/4	Dynamic	3/4	1	1	0					ff							
73	73	1745/8	1745/8	0.125	17/32	17/32	Chord	3/4	1	1	1/32		1/32	1	950								
73	73	873/4	873/4	0.125	9/16	9/16	Chord	3/4	1	1	1/32		1/32	1	951								
73	73	1747/8	1747/8	0.125	19/32	19/32	Chord	3/4	1	1	1/32		1/32	1	952								
73	73	437/2	437/2	0.125	5/8	5/8	Chord	3/4	1	1	1/32		1/32	1	953								
73	73	1749/8	1749/8	0.125	21/32	21/32	Chord	3/4	1	1	1/32		1/32	1	954								
73	73	875/4	875/4	0.125	11/16	11/16	Chord	3/4	1	1	1/32		1/32	1	955								
73	73	1751/8	1751/8	0.125	23/32	23/32	Chord	3/4	1	1	1/32		1/32	1	956								
73	73	217	217	2.0	1/4	1/4	Chord	3/4	2	1	1/2		1/2	1	957								
73	73	218	218	0.0	1/2	1/2	Dynamic	3/4	2	1	0					p							
73	73	216	216	1.0	0	0	Chord	3/4	2	2	1/4		1/4	1	958		articStaccatissimoBelow						
73	73	218	218	1.0	1/2	1/2	Chord	3/4	2	2	1/4		1/4	1	959								
74	74	219	219	1.0	0	0	Chord	3/4	1	1	1/4		1/4	1	960		articStaccatissimoAbove						
74	74	220	220	0.0	1/4	1/4	Dynamic	3/4	1	1	0					ff							
74	74	1769/8	1769/8	0.125	17/32	17/32	Chord	3/4	1	1	1/32		1/32	1	961								
74	74	885/4	885/4	0.125	9/16	9/16	Chord	3/4	1	1	1/32		1/32	1	962								
74	74	1771/8	1771/8	0.125	19/32	19/32	Chord	3/4	1	1	1/32		1/32	1	963								
74	74	443/2	443/2	0.125	5/8	5/8	Chord	3/4	1	1	1/32		1/32	1	964								
74	74	1773/8	1773/8	0.125	21/32	21/32	Chord	3/4	1	1	1/32		1/32	1	965								
74	74	887/4	887/4	0.125	11/16	11/16	Chord	3/4	1	1	1/32		1/32	1	966								
74	74	1775/8	1775/8	0.125	23/32	23/32	Chord	3/4	1	1	1/32		1/32	1	967								
74	74	220	220	2.0	1/4	1/4	Chord	3/4	2	1	1/2		1/2	1	968								
74	74	221	221	0.0	1/2	1/2	Dynamic	3/4	2	1	0					p							
74	74	219	219	1.0	0	0	Chord	3/4	2	2	1/4		1/4	1	969		articStaccatissimoBelow						
74	74	221	221	1.0	1/2	1/2	Chord	3/4	2	2	1/4		1/4	1	970								
75	75	222	222	1.0	0	0	Chord	3/4	1	1	1/4		1/4	1	971		articStaccatissimoAbove						
75	75	223	223	0.0	1/4	1/4	Dynamic	3/4	1	1	0					ff							
75	75	1793/8	1793/8	0.125	17/32	17/32	Chord	3/4	1	1	1/32		1/32	1	972								
75	75	897/4	897/4	0.125	9/16	9/16	Chord	3/4	1	1	1/32		1/32	1	973								
75	75	1795/8	1795/8	0.125	19/32	19/32	Chord	3/4	1	1	1/32		1/32	1	974								
75	75	449/2	449/2	0.125	5/8	5/8	Chord	3/4	1	1	1/32		1/32	1	975								
75	75	1797/8	1797/8	0.125	21/32	21/32	Chord	3/4	1	1	1/32		1/32	1	976								
75	75	899/4	899/4	0.125	11/16	11/16	Chord	3/4	1	1	1/32		1/32	1	977								
75	75	1799/8	1799/8	0.125	23/32	23/32	Chord	3/4	1	1	1/32		1/32	1	978								
75	75	223	223	2.0	1/4	1/4	Chord	3/4	2	1	1/2		1/2	1	979								
75	75	224	224	0.0	1/2	1/2	Dynamic	3/4	2	1	0					p							
75	75	222	222	1.0	0	0	Chord	3/4	2	2	1/4		1/4	1	980		articStaccatissimoBelow						
75	75	224	224	1.0	1/2	1/2	Chord	3/4	2	2	1/4		1/4	1	981								
76	76	225	225	0.0	0	0	Dynamic	3/4	1	1	0					f							
76	76	225	225	0.125	0	0	Chord	3/4	1	1	1/32		1/32	1	982								
76	76	1801/8	1801/8	0.125	1/32	1/32	Chord	3/4	1	1	1/32		1/32	1	983								
76	76	901/4	901/4	0.125	1/16	1/16	Chord	3/4	1	1	1/32		1/32	1	984								
76	76	1803/8	1803/8	0.125	3/32	3/32	Chord	3/4	1	1	1/32		1/32	1	985								
76	76	451/2	451/2	0.125	1/8	1/8	Chord	3/4	1	1	1/32		1/32	1	986								
76	76	1805/8	1805/8	0.125	5/32	5/32	Chord	3/4	1	1	1/32		1/32	1	987								
76	76	903/4	903/4	0.125	3/16	3/16	Chord	3/4	1	1	1/32		1/32	1	988								
76	76	1807/8	1807/8	0.125	7/32	7/32	Chord	3/4	1	1	1/32		1/32	1	989								
76	76	226	226	0.125	1/4	1/4	Chord	3/4	1	1	1/32		1/32	1	990								
76	76	1809/8	1809/8	0.125	9/32	9/32	Chord	3/4	1	1	1/32		1/32	1	991								
76	76	905/4	905/4	0.125	5/16	5/16	Chord	3/4	1	1	1/32		1/32	1	992								
76	76	1811/8	1811/8	0.125	11/32	11/32	Chord	3/4	1	1	1/32		1/32	1	993								
76	76	453/2	453/2	0.125	3/8	3/8	Chord	3/4	1	1	1/32		1/32	1	994								
76	76	1813/8	1813/8	0.125	13/32	13/32	Chord	3/4	1	1	1/32		1/32	1	995								
76	76	907/4	907/4	0.125	7/16	7/16	Chord	3/4	1	1	1/32		1/32	1	996								
76	76	1815/8	1815/8	0.125	15/32	15/32	Chord	3/4	1	1	1/32		1/32	1	997								
76	76	227	227	0.125	1/2	1/2	Chord	3/4	1	1	1/32		1/32	1	998								
76	76	1817/8	1817/8	0.125	17/32	17/32	Chord	3/4	1	1	1/32		1/32	1	999								
76	76	909/4	909/4	0.125	9/16	9/16	Chord	3/4	1	1	1/32		1/32	1	1000								
76	76	1819/8	1819/8	0.125	19/32	19/32	Chord	3/4	1	1	1/32		1/32	1	1001								
76	76	455/2	455/2	0.125	5/8	5/8	Chord	3/4	1	1	1/32		1/32	1	1002								
76	76	1821/8	1821/8	0.125	21/32	21/32	Chord	3/4	1	1	1/32		1/32	1	1003								
76	76	911/4	911/4	0.125	11/16	11/16	Chord	3/4	1	1	1/32		1/32	1	1004								
76	76	1823/8	1823/8	0.125	23/32	23/32	Chord	3/4	1	1	1/32		1/32	1	1005								
76	76	225	225	1.0	0	0	Chord	3/4	2	1	1/4		1/4	1	1006								
76	76	226	226	1.0	1/4	1/4	Chord	3/4	2	1	1/4		1/4	1	1007								
76	76	227	227	1.0	1/2	1/2	Chord	3/4	2	1	1/4		1/4	1	1008								
77	77	228	228	0.125	0	0	Chord	3/4	1	1	1/32		1/32	1	1009								
77	77	1825/8	1825/8	0.125	1/32	1/32	Chord	3/4	1	1	1/32		1/32	1	1010								
77	77	913/4	913/4	0.125	1/16	1/16	Chord	3/4	1	1	1/32		1/32	1	1011								
77	77	1827/8	1827/8	0.125	3/32	3/32	Chord	3/4	1	1	1/32		1/32	1	1012								
77	77	457/2	457/2	0.125	1/8	1/8	Chord	3/4	1	1	1/32		1/32	1	1013								
77	77	1829/8	1829/8	0.125	5/32	5/32	Chord	3/4	1	1	1/32		1/32	1	1014								
77	77	915/4	915/4	0.125	3/16	3/16	Chord	3/4	1	1	1/32		1/32	1	1015								
77	77	1831/8	1831/8	0.125	7/32	7/32	Chord	3/4	1	1	1/32		1/32	1	1016								
77	77	229	229	0.125	1/4	1/4	Chord	3/4	1	1	1/32		1/32	1	1017								
77	77	1833/8	1833/8	0.125	9/32	9/32	Chord	3/4	1	1	1/32		1/32	1	1018								
77	77	917/4	917/4	0.125	5/16	5/16	Chord	3/4	1	1	1/32		1/32	1	1019								
77	77	1835/8	1835/8	0.125	11/32	11/32	Chord	3/4	1	1	1/32		1/32	1	1020								
77	77	459/2	459/2	0.125	3/8	3/8	Chord	3/4	1	1	1/32		1/32	1	1021								
77	77	1837/8	1837/8	0.125	13/32	13/32	Chord	3/4	1	1	1/32		1/32	1	1022								
77	77	919/4	919/4	0.125	7/16	7/16	Chord	3/4	1	1	1/32		1/32	1	1023								
77	77	1839/8	1839/8	0.125	15/32	15/32	Chord	3/4	1	1	1/32		1/32	1	1024								
77	77	230	230	0.125	1/2	1/2	Chord	3/4	1	1	1/32		1/32	1	1025								
77	77	1841/8	1841/8	0.125	17/32	17/32	Chord	3/4	1	1	1/32		1/32	1	1026								
77	77	921/4	921/4	0.125	9/16	9/16	Chord	3/4	1	1	1/32		1/32	1	1027								
77	77	1843/8	1843/8	0.125	19/32	19/32	Chord	3/4	1	1	1/32		1/32	1	1028								
77	77	461/2	461/2	0.125	5/8	5/8	Chord	3/4	1	1	1/32		1/32	1	1029								
77	77	1845/8	1845/8	0.125	21/32	21/32	Chord	3/4	1	1	1/32		1/32	1	1030								
77	77	923/4	923/4	0.125	11/16	11/16	Chord	3/4	1	1	1/32		1/32	1	1031								
77	77	1847/8	1847/8	0.125	23/32	23/32	Chord	3/4	1	1	1/32		1/32	1	1032								
77	77	228	228	1.0	0	0	Chord	3/4	2	1	1/4		1/4	1	1033								
77	77	229	229	1.0	1/4	1/4	Chord	3/4	2	1	1/4		1/4	1	1034								
77	77	230	230	1.0	1/2	1/2	Chord	3/4	2	1	1/4		1/4	1	1035								
78	78	231	231	0.5	0	0	Chord	3/4	1	1	1/8		1/8	1	1036		articStaccatissimoAbove						
78	78	233	233	0.75	1/2	1/2	Chord	3/4	1	1	3/16		1/8	3/2	1037		ornamentUpPrall						
78	78	935/4	935/4	0.125	11/16	11/16	Chord	3/4	1	1	1/32		1/32	1	1038								
78	78	1871/8	1871/8	0.125	23/32	23/32	Chord	3/4	1	1	1/32		1/32	1	1039								
78	78	231	231	0.5	0	0	Chord	3/4	2	1	1/8		1/8	1	1040		articStaccatissimoAbove						
78	78	233	233	1.0	1/2	1/2	Chord	3/4	2	1	1/4		1/4	1	1041								
78	78	233	233	1.0	1/2	1/2	Chord	3/4	2	3	1/4		1/4	1	1042								
79	79	234	234	0.5	0	0	Chord	3/4	1	1	1/8		1/8	1	1043		articStaccatissimoBelow						
79	79	469/2	469/2	0.0	1/8	1/8	Dynamic	3/4	1	1	0					p							
79	79	469/2	469/2	0.5	1/8	1/8	Chord	3/4	1	1	1/8		1/8	1	1044		articStaccatissimoBelow						
79	79	235	235	0.0	1/4	1/4	Chord	3/4	1	1	0	grace16	1/16	1	1045								
79	79	235	235	0.5	1/4	1/4	Chord	3/4	1	1	1/8		1/8	1	1046		articStaccatissimoBelow						
79	79	471/2	471/2	0.5	3/8	3/8	Chord	3/4	1	1	1/8		1/8	1	1047		articStaccatissimoBelow						
79	79	236	236	0.0	1/2	1/2	Chord	3/4	1	1	0	grace16	1/16	1	1048								
79	79	236	236	0.5	1/2	1/2	Chord	3/4	1	1	1/8		1/8	1	1049		articStaccatissimoBelow						
79	79	473/2	473/2	0.5	5/8	5/8	Chord	3/4	1	1	1/8		1/8	1	1050		articStaccatissimoBelow						
79	79	234	234	0.5	0	0	Chord	3/4	2	1	1/8		1/8	1	1051								
79	79	234	234	3.0	0	0	Chord	3/4	2	2	3/4		1/2	3/2	1052								
80	80	237	237	0.5	0	0	Chord	3/4	1	1	1/8		1/8	1	1053		articStaccatissimoBelow						
80	80	475/2	475/2	0.5	1/8	1/8	Chord	3/4	1	1	1/8		1/8	1	1054		articStaccatissimoBelow						
80	80	238	238	0.5	1/4	1/4	Chord	3/4	1	1	1/8		1/8	1	1055		articStaccatissimoBelow						
80	80	477/2	477/2	0.5	3/8	3/8	Chord	3/4	1	1	1/8		1/8	1	1056		articStaccatissimoBelow						
80	80	239	239	0.5	1/2	1/2	Chord	3/4	1	1	1/8		1/8	1	1057		articStaccatissimoBelow						
80	80	479/2	479/2	0.5	5/8	5/8	Chord	3/4	1	1	1/8		1/8	1	1058		articStaccatissimoBelow						
80	80	237	237	0.5	0	0	Chord	3/4	2	1	1/8		1/8	1	1059		articStaccatissimoAbove						
80	80	475/2	475/2	0.5	1/8	1/8	Chord	3/4	2	1	1/8		1/8	1	1060		articStaccatissimoAbove						
80	80	238	238	0.0	1/4	1/4	Chord	3/4	2	1	0	grace16	1/16	1	1061								
80	80	238	238	0.5	1/4	1/4	Chord	3/4	2	1	1/8		1/8	1	1062		articStaccatissimoAbove						
80	80	477/2	477/2	0.5	3/8	3/8	Chord	3/4	2	1	1/8		1/8	1	1063		articStaccatissimoAbove						
80	80	239	239	0.0	1/2	1/2	Chord	3/4	2	1	0	grace16	1/16	1	1064								
80	80	239	239	0.5	1/2	1/2	Chord	3/4	2	1	1/8		1/8	1	1065		articStaccatissimoAbove						
80	80	479/2	479/2	0.5	5/8	5/8	Chord	3/4	2	1	1/8		1/8	1	1066		articStaccatissimoAbove						
80	80	237	237	3.0	0	0	Chord	3/4	2	2	3/4		1/2	3/2	1067								
81	81	240	240	2.0	0	0	Chord	3/4	1	1	1/2		1/2	1	1068								45
81	81	242	242	0.5	1/2	1/2	Chord	3/4	1	1	1/8		1/8	1	1069		ornamentMordent						
81	81	240	240	2.0	0	0	Chord	3/4	2	1	1/2		1/2	1	1070								46
81	81	242	242	0.5	1/2	1/2	Chord	3/4	2	1	1/8		1/8	1	1071								
81	81	240	240	2.0	0	0	Chord	3/4	2	2	1/2		1/2	1	1072								
81	81	242	242	0.5	1/2	1/2	Chord	3/4	2	2	1/8		1/8	1	1073								
