fname	TimeSig	KeySig	last_mc	last_mn	length_qb	last_mc_unfolded	last_mn_unfolded	length_qb_unfolded	volta_mcs	all_notes_qb	n_onsets	n_onset_positions	guitar_chord_count	form_label_count	label_count	annotated_key	harmony_version	annotators	score_integrity	composed_start	composed_end	composed_source	composer	workTitle	movementNumber	movementTitle	workNumber	poet	lyricist	arranger	copyright	creationDate	mscVersion	platform	source	translator	title_text	subtitle_text	composer_text	musescore	ms3_version	subdirectory	rel_path	has_drumset	ambitus	imslp	musicbrainz	originalFormat	pdf	typesetter	viaf	staff_1_instrument	staff_1_ambitus	staff_2_instrument	staff_2_ambitus
wq112n02	1: 3/4	1: 2	19	19	57.0	19	19	57.0		160.5	228	116	0	0	0				Amelia Brey	1759	1759	Packard Humanities Institute (cpebach.org)	Carl Philipp Emanuel Bach	Fantasia in D Major			Wq.112/2					2023-07-20		Microsoft Windows			Fantasia in D Major, Wq.112/2		Carl Philipp Emanuel Bach	3.6.2	1.2.12	MS3	MS3/wq112n02.mscx	False	35-88 (B1-E6)	https://imslp.org/wiki/Clavierst%C3%BCcke_verschiedener_Art%2C_Wq.112_(Bach%2C_Carl_Philipp_Emanuel)	https://musicbrainz.org/work/4df7f68e-2f71-42e7-ab92-d8f76e4aa912	mxl	https://imslp.org/wiki/Special:ReverseLookup/329667	Anna Yuferova	https://viaf.org/viaf/292645495	Harpsichord	50-88 (D3-E6)	Harpsichord	35-66 (B1-F#4)
wq112n08	1: 4/4	1: -2	12	12	48.0	12	12	48.0		110.38	244	155	0	0	0				Amelia Brey	1759	1759	Packard Humanities Institute (cpebach.org)	Carl Philipp Emanuel Bach	Fantasia in B-flat Major			Wq.112/8					2023-07-20		Microsoft Windows			Fantasia in B-flat Major, Wq.112/8		Carl Philipp Emanuel Bach	3.6.2	1.2.12	MS3	MS3/wq112n08.mscx	False	34-87 (Bb1-Eb6)	https://imslp.org/wiki/Clavierst%C3%BCcke_verschiedener_Art%2C_Wq.112_(Bach%2C_Carl_Philipp_Emanuel)	https://musicbrainz.org/work/715cb245-20aa-452c-af50-5c957ad70fed	mxl	https://imslp.org/wiki/Special:ReverseLookup/329667	Anna Yuferova	https://viaf.org/viaf/293044251	Harpsichord	57-87 (A3-Eb6)	Harpsichord	34-65 (Bb1-F4)
wq112n15	1: 4/4	1: -1	3	3	61.0	3	3	61.0		370.75	232	75	0	0	0				Amelia Brey	1759	1759	Packard Humanities Institute (cpebach.org)	Carl Philipp Emanuel Bach	Fantasia in F Major			Wq.112/15					2023-07-20		Microsoft Windows			Fantasia in F Major, Wq.112/15		Carl Philipp Emanuel Bach	3.6.2	1.2.12	MS3	MS3/wq112n15.mscx	False	36-81 (C2-A5)	https://imslp.org/wiki/Clavierst%C3%BCcke_verschiedener_Art%2C_Wq.112_(Bach%2C_Carl_Philipp_Emanuel)	https://musicbrainz.org/work/2fa9c40d-556b-4a61-9e0c-5a5cfad1b599	mxl	https://imslp.org/wiki/Special:ReverseLookup/329667	Anna Yuferova		Harpsichord	52-81 (E3-A5)	Harpsichord	36-65 (C2-F4)
wq113n03	1: 4/4	1: -1	7	7	28.0	7	7	28.0		50.0	194	163	0	0	0				Amelia Brey	1765	1765	Packard Humanities Institute (cpebach.org)	Carl Philipp Emanuel Bach	Fantasia in D Minor			Wq.113/3					2023-07-22		Microsoft Windows			Fantasia in D Minor, Wq.113/3		Carl Philipp Emanuel Bach	3.6.2	1.2.12	MS3	MS3/wq113n03.mscx	False	38-88 (D2-E6)	https://imslp.org/wiki/Kurze_und_leichte_Klavierst%C3%BCcke%2C_Wq.113_(Bach%2C_Carl_Philipp_Emanuel)	https://musicbrainz.org/work/a3421fbb-f998-4f44-90c0-31e8f4f6e18d	mxl	https://imslp.org/wiki/Special:ReverseLookup/96257	Anna Yuferova	https://viaf.org/viaf/294403473	Harpsichord	52-88 (E3-E6)	Harpsichord	38-62 (D2-D4)
wq114n07	1: 7/8, 2: 5/8, 3: 6/2	1: -1	4	4	62.5	4	4	62.5		393.25	279	108	0	0	0				Amelia Brey	1767	1767	Wotquenne Catalogue (https://www.klassika.info/Komponisten/Bach_CPE/wv_wvz1.html)	Carl Philipp Emanuel Bach	Fantasia in D Minor			Wq.114/7					2023-07-20		Microsoft Windows			Fantasia in D Minor, Wq.114/7		Carl Philipp Emanuel Bach	3.6.2	1.2.12	MS3	MS3/wq114n07.mscx	False	38-86 (D2-D6)	https://imslp.org/wiki/Petites_Pieces_per_il_Cembalo_Solo_(Bach%2C_Carl_Philipp_Emanuel)	https://musicbrainz.org/work/41c296c8-6c35-4f2e-95e6-61c209a03420	mxl	https://imslp.org/wiki/Special:ReverseLookup/396484	Anna Yuferova	https://viaf.org/viaf/1388165272164710690001	Harpsichord	56-86 (G#3-D6)	Harpsichord	38-62 (D2-D4)
wq117n11	1: 4/4	1: 1	14	14	56.0	14	14	56.0		160.5	252	169	0	0	0				Amelia Brey	1766	1766	Packard Humanities Institute (cpebach.org)	Carl Philipp Emanuel Bach	Fantasia in G Major			Wq.117/11					2023-07-20		Microsoft Windows			Fantasia in G Major, Wq.117/11		Carl Philipp Emanuel Bach	3.6.2	1.2.12	MS3	MS3/wq117n11.mscx	False	38-86 (D2-D6)	https://imslp.org/wiki/Petites_Pieces_per_il_Cembalo_Solo_(Bach%2C_Carl_Philipp_Emanuel)	https://musicbrainz.org/work/ae197e9e-23ff-474f-812f-5d49f4198a26	mxl	https://imslp.org/wiki/Special:ReverseLookup/396484	Anna Yuferova	https://viaf.org/viaf/294132530	Harpsichord	55-86 (G3-D6)	Harpsichord	38-64 (D2-E4)
wq117n12	1: 4/4	1: -1	14	14	56.0	14	14	56.0		98.5	212	161	0	0	0				Amelia Brey	1766	1766	Wotquenne Catalogue (https://www.klassika.info/Komponisten/Bach_CPE/wv_wvz1.html)	Carl Philipp Emanuel Bach	Fantasia in D Minor			Wq.117/12		IOO			2017-10-08	3.02	Linux	/tmp/lg-540424174.tmp.pdf		Fantasia in D Minor, Wq.117/12		Carl Philipp Emanuel Bach	3.6.2	1.2.12	MS3	MS3/wq117n12.mscx	False	38-86 (D2-D6)	https://imslp.org/wiki/Petites_Pieces_per_il_Cembalo_Solo_(Bach%2C_Carl_Philipp_Emanuel)	https://musicbrainz.org/work/6fdf2766-faff-4794-a60a-ba29b09c343c	xml	https://imslp.org/wiki/Special:ReverseLookup/396484	https://musescore.com/lautebk	https://viaf.org/viaf/309857974/	Harpsichord	61-86 (C#4-D6)	Harpsichord	38-62 (D2-D4)
wq117n13	1: 4/4, 11: 3/4, 12: 20/4, 13: 6/4, 14: 5/4	1: -2, 5: 0, 8: -2	15	8	172.0	15	8	172.0		574.38	731	369	0	0	0				Amelia Brey	1766	1766	Packard Humanities Institute (cpebach.org)	Carl Philipp Emanuel Bach	Fantasia in G Minor			Wq.117/13					2023-07-20		Microsoft Windows			Fantasia in G Minor, Wq.117/13		Carl Philipp Emanuel Bach	3.6.2	1.2.12	MS3	MS3/wq117n13.mscx	False	36-87 (C2-Eb6)	https://imslp.org/wiki/Petites_Pieces_per_il_Cembalo_Solo_(Bach%2C_Carl_Philipp_Emanuel)	https://musicbrainz.org/work/ae2ab94b-21d8-4def-b0e5-f326e21d6455	mxl	https://imslp.org/wiki/Special:ReverseLookup/396484	Anna Yuferova	https://viaf.org/viaf/293023088	Harpsichord	42-87 (F#2-Eb6)	Harpsichord	36-75 (C2-Eb5)
wq117n14	1: 2/4, 3: 4/4, 8: 2/4, 9: 4/4, 15: 18/4, 16: 12/4, 17: 6/4	1: 2	18	18	118.25	18	18	118.25		310.75	419	238	0	0	0				Amelia Brey	1762	1762	Wotquenne Catalogue (https://www.klassika.info/Komponisten/Bach_CPE/wv_wvz1.html)	Carl Philipp Emanuel Bach	Fantasia in D Major			Wq.117/14					2023-07-20		Microsoft Windows			Fantasia in D Major, Wq.117/14		Carl Philipp Emanuel Bach	3.6.2	1.2.12	MS3	MS3/wq117n14.mscx	False	38-88 (D2-E6)	https://imslp.org/wiki/Petites_Pieces_per_il_Cembalo_Solo_(Bach%2C_Carl_Philipp_Emanuel)	https://musicbrainz.org/work/090ef217-d79d-43d3-a17d-ba7a7f7f0a40	mxl	https://imslp.org/wiki/Special:ReverseLookup/396484	Anna Yuferova	https://viaf.org/viaf/292756044	Harpsichord	42-88 (F#2-E6)	Harpsichord	38-75 (D2-Eb5)
wq119n07	1: 2/2, 11: 21/8, 12: 11/4, 13: 29/8, 14: 3/2, 16: 2/2	1: -3	126	125	532.0	126	125	532.0		1836.25	1978	968	0	0	0				Amelia Brey	1754	1754	Packard Humanities Institute (cpebach.org)	Carl Philipp Emanuel Bach	Fantasia and Fugue in C Minor			Wq.119/7					2023-07-20		Microsoft Windows			Fantasia and Fugue in C Minor, Wq.119/7		Carl Philipp Emanuel Bach	3.6.2	1.2.12	MS3	MS3/wq119n07.mscx	False	32-85 (Ab1-Db6)	https://imslp.org/wiki/6_Fugues%2C_Wq.119%2F2-7_(Bach%2C_Carl_Philipp_Emanuel)	https://musicbrainz.org/work/68a2f679-ab64-4aa5-8132-af24307c80a1	mxl	https://imslp.org/wiki/Special:ReverseLookup/509777	Anna Yuferova	https://viaf.org/viaf/3457167867509623060008/	Harpsichord	46-85 (Bb2-Db6)	Harpsichord	32-69 (Ab1-A4)
wq50n01a	1: 4/4	1: -1	49	48	192.5	49	48	192.5		408.25	910	589	0	0	0				Amelia Brey	1759	1759	Packard Humanities Institute (cpebach.org)	Carl Philipp Emanuel Bach	Sonata in F Major	1	Allegretto	Wq.50/1					2023-07-19		Microsoft Windows			Sonata in F Major, Wq.50/1	I. Allegretto	Carl Philipp Emanuel Bach	3.6.2	1.2.12	MS3	MS3/wq50n01a.mscx	False	36-86 (C2-D6)	https://imslp.org/wiki/6_Keyboard_Sonatas%2C_Wq.50_(Bach%2C_Carl_Philipp_Emanuel)	https://musicbrainz.org/work/e8a0df83-ec36-41de-8990-c1251c488f28	mxl	https://imslp.org/wiki/Special:ReverseLookup/384268	Anna Yuferova		Harpsichord	53-86 (F3-D6)	Harpsichord	36-67 (C2-G4)
wq50n01b	1: 3/4	1: 0	25	25	75.0	25	25	75.0		193.0	225	125	0	0	0				Amelia Brey	1759	1759	Packard Humanities Institute (cpebach.org)	Carl Philipp Emanuel Bach	Sonata in F Major	2	Largo	Wq.50/1					2023-07-19		Microsoft Windows			Sonata in F Major, Wq.50/1	II. Largo	Carl Philipp Emanuel Bach	3.6.2	1.2.12	MS3	MS3/wq50n01b.mscx	False	36-85 (C2-Db6)	https://imslp.org/wiki/6_Keyboard_Sonatas%2C_Wq.50_(Bach%2C_Carl_Philipp_Emanuel)	https://musicbrainz.org/work/434a7ce2-90c7-4cb8-abfe-a623d6c5a63d	mxl	https://imslp.org/wiki/Special:ReverseLookup/384268	Anna Yuferova		Harpsichord	64-85 (E4-Db6)	Harpsichord	36-65 (C2-F4)
wq50n01c	1: 3/8	1: 0	166	166	249.0	166	166	249.0		558.5	1123	711	0	0	0				Amelia Brey	1759	1759	Packard Humanities Institute (cpebach.org)	Carl Philipp Emanuel Bach	Sonata in F Major	3	Vivace	Wq.50/1					2023-07-19		Microsoft Windows			Sonata in F Major, Wq.50/1	III. Vivace	Carl Philipp Emanuel Bach	3.6.2	1.2.12	MS3	MS3/wq50n01c.mscx	False	36-86 (C2-D6)	https://imslp.org/wiki/6_Keyboard_Sonatas%2C_Wq.50_(Bach%2C_Carl_Philipp_Emanuel)	https://musicbrainz.org/work/cef7440c-df4b-4a6c-816e-0715794cb59d	mxl	https://imslp.org/wiki/Special:ReverseLookup/384268	Anna Yuferova		Harpsichord	53-86 (F3-D6)	Harpsichord	36-67 (C2-G4)
wq50n02a	1: 2/4	1: 1	192	192	384.0	192	192	384.0		750.0	1781	1272	0	0	0				Amelia Brey	1759	1759	Packard Humanities Institute (cpebach.org)	Carl Philipp Emanuel Bach	Sonata in G Major	1	Allegretto	Wq.50/2					2023-07-20		Microsoft Windows			Sonata in G Major, Wq.50/2	I. Allegretto	Carl Philipp Emanuel Bach	3.6.2	1.2.12	MS3	MS3/wq50n02a.mscx	False	36-88 (C2-E6)	https://imslp.org/wiki/6_Keyboard_Sonatas%2C_Wq.50_(Bach%2C_Carl_Philipp_Emanuel)	https://musicbrainz.org/work/9af6be9f-3c53-40d4-b024-72ee4892b044	mxl	https://imslp.org/wiki/Special:ReverseLookup/384268	Anna Yuferova		Harpsichord	52-88 (E3-E6)	Harpsichord	36-69 (C2-A4)
wq50n02b	1: 2/2	1: 0	31	31	124.0	31	31	124.0		331.0	452	238	0	0	0				Amelia Brey	1759	1759	Packard Humanities Institute (cpebach.org)	Carl Philipp Emanuel Bach	Sonata in G Major	2	Poco adagio	Wq.50/2					2023-07-20		Microsoft Windows			Sonata in G Major, Wq.50/2	II. Poco adagio	Carl Philipp Emanuel Bach	3.6.2	1.2.12	MS3	MS3/wq50n02b.mscx	False	36-86 (C2-D6)	https://imslp.org/wiki/6_Keyboard_Sonatas%2C_Wq.50_(Bach%2C_Carl_Philipp_Emanuel)	https://musicbrainz.org/work/69c7a257-388c-4e89-8bcf-a7d55bfea024	mxl	https://imslp.org/wiki/Special:ReverseLookup/384268	Anna Yuferova		Harpsichord	59-86 (B3-D6)	Harpsichord	36-64 (C2-E4)
wq50n02c	1: 3/4	1: 0	133	133	399.0	133	133	399.0		970.5	1057	639	0	0	0				Amelia Brey	1759	1759	Packard Humanities Institute (cpebach.org)	Carl Philipp Emanuel Bach	Sonata in G Major	3	Allegro assai	Wq.50/2					2023-07-20		Microsoft Windows			Sonata in G Major, Wq.50/2	III. Allegro assai	Carl Philipp Emanuel Bach	3.6.2	1.2.12	MS3	MS3/wq50n02c.mscx	False	37-86 (C#2-D6)	https://imslp.org/wiki/6_Keyboard_Sonatas%2C_Wq.50_(Bach%2C_Carl_Philipp_Emanuel)	https://musicbrainz.org/work/ed59a12e-f408-44fd-996a-ee69a463c893	mxl	https://imslp.org/wiki/Special:ReverseLookup/384268	Anna Yuferova		Harpsichord	55-86 (G3-D6)	Harpsichord	37-62 (C#2-D4)
wq50n03a	1: 3/4	1: 0	192	192	576.0	192	192	576.0		1067.75	2203	1638	0	0	0				Amelia Brey	1759	1759	Packard Humanities Institute (cpebach.org)	Carl Philipp Emanuel Bach	Sonata in A Minor	1	Presto	Wq.50/3					2023-07-23		Microsoft Windows			Sonata in A Minor, Wq.50/3	I. Presto	Carl Philipp Emanuel Bach	3.6.2	1.2.12	MS3	MS3/wq50n03a.mscx	False	33-88 (A1-E6)	https://imslp.org/wiki/6_Keyboard_Sonatas%2C_Wq.50_(Bach%2C_Carl_Philipp_Emanuel)	https://musicbrainz.org/work/2a56bb39-0e48-4206-82ae-1ad6392bcd50	mxl	https://imslp.org/wiki/Special:ReverseLookup/384268	Anna Yuferova		Harpsichord	55-88 (G3-E6)	Harpsichord	33-67 (A1-G4)
wq50n03b	1: 3/4	1: 0	41	41	123.0	41	41	123.0		292.38	459	278	0	0	0				Amelia Brey	1759	1759	Packard Humanities Institute (cpebach.org)	Carl Philipp Emanuel Bach	Sonata in A Minor	2	Largo	Wq.50/3					2023-07-23		Microsoft Windows			Sonata in A Minor, Wq.50/3	II. Largo	Carl Philipp Emanuel Bach	3.6.2	1.2.12	MS3	MS3/wq50n03b.mscx	False	36-86 (C2-D6)	https://imslp.org/wiki/6_Keyboard_Sonatas%2C_Wq.50_(Bach%2C_Carl_Philipp_Emanuel)	https://musicbrainz.org/work/412c7d8b-6f74-4612-b76c-a3d30a33a185	mxl	https://imslp.org/wiki/Special:ReverseLookup/384268	Anna Yuferova		Harpsichord	57-86 (A3-D6)	Harpsichord	36-65 (C2-F4)
wq50n03c	1: 2/4	1: 0	100	100	200.0	100	100	200.0		377.75	738	589	0	0	166	a	2.3.0	Davor Krkljus	Amelia Brey	1759	1759	Packard Humanities Institute (cpebach.org)	Carl Philipp Emanuel Bach	Sonata in A Minor	3	Allegro moderato ma innocentemente	Wq.50/3					2023-07-23		Microsoft Windows			Sonata in A Minor, Wq.50/3	III. Allegro moderato ma innocentemente	Carl Philipp Emanuel Bach	3.6.2	1.2.12	MS3	MS3/wq50n03c.mscx	False	38-88 (D2-E6)	https://imslp.org/wiki/6_Keyboard_Sonatas%2C_Wq.50_(Bach%2C_Carl_Philipp_Emanuel)	https://musicbrainz.org/work/49f63436-0c7d-4fc2-9375-0e8b0b8ed289	mxl	https://imslp.org/wiki/Special:ReverseLookup/384268	Anna Yuferova		Harpsichord	56-88 (G#3-E6)	Harpsichord	38-64 (D2-E4)
wq50n04a	1: 2/4	1: -1	156	156	312.0	156	156	312.0		691.04	1562	1027	0	0	0				Amelia Brey	1759	1759	Packard Humanities Institute (cpebach.org)	Carl Philipp Emanuel Bach	Sonata in D Minor	1	Allegretto grazioso	Wq.50/4					2023-07-23		Microsoft Windows			Sonata in D Minor, Wq.50/4	I. Allegretto grazioso	Carl Philipp Emanuel Bach	3.6.2	1.2.12	MS3	MS3/wq50n04a.mscx	False	38-88 (D2-E6)	https://imslp.org/wiki/6_Keyboard_Sonatas%2C_Wq.50_(Bach%2C_Carl_Philipp_Emanuel)	https://musicbrainz.org/work/2bc2ec46-3331-491e-9e35-77417a7e332a	mxl	https://imslp.org/wiki/Special:ReverseLookup/384268	Anna Yuferova		Harpsichord	48-88 (C3-E6)	Harpsichord	38-67 (D2-G4)
wq50n04b	1: 4/4	1: 2	17	17	68.0	17	17	68.0		182.75	394	203	0	0	0				Amelia Brey	1759	1759	Packard Humanities Institute (cpebach.org)	Carl Philipp Emanuel Bach	Sonata in D Minor	2	Adagio sostenuto	Wq.50/4					2023-07-23		Microsoft Windows			Sonata in D Minor, Wq.50/4	II. Adagio sostenuto	Carl Philipp Emanuel Bach	3.6.2	1.2.12	MS3	MS3/wq50n04b.mscx	False	38-88 (D2-E6)	https://imslp.org/wiki/6_Keyboard_Sonatas%2C_Wq.50_(Bach%2C_Carl_Philipp_Emanuel)	https://musicbrainz.org/work/15896c33-0b41-4924-93ff-455b294b5e6a	mxl	https://imslp.org/wiki/Special:ReverseLookup/384268	Anna Yuferova		Harpsichord	59-88 (B3-E6)	Harpsichord	38-66 (D2-F#4)
wq50n04c	1: 3/4	1: -1	131	131	393.0	131	131	393.0		876.75	1629	1171	0	0	0				Amelia Brey	1759	1759	Packard Humanities Institute (cpebach.org)	Carl Philipp Emanuel Bach	Sonata in D Minor	3	Allegro	Wq.50/4					2023-07-23		Microsoft Windows			Sonata in D Minor, Wq.50/4	III. Allegro	Carl Philipp Emanuel Bach	3.6.2	1.2.12	MS3	MS3/wq50n04c.mscx	False	36-88 (C2-E6)	https://imslp.org/wiki/6_Keyboard_Sonatas%2C_Wq.50_(Bach%2C_Carl_Philipp_Emanuel)	https://musicbrainz.org/work/9a07c32a-75e0-4729-9b9e-47ad9b763f3f	mxl	https://imslp.org/wiki/Special:ReverseLookup/384268	Anna Yuferova		Harpsichord	55-88 (G3-E6)	Harpsichord	36-66 (C2-F#4)
wq50n05a	1: 4/4	1: -2	104	104	416.0	104	104	416.0		1018.79	2484	1512	0	0	0				Amelia Brey	1758	1758	Packard Humanities Institute (cpebach.org)	Carl Philipp Emanuel Bach	Sonata in B-flat Major	1	Poco allegro	Wq.50/5					2023-07-24		Microsoft Windows			Sonata in B-flat Major, Wq.50/5	I. Poco allegro	Carl Philipp Emanuel Bach	3.6.2	1.2.12	MS3	MS3/wq50n05a.mscx	False	41-89 (F2-F6)	https://imslp.org/wiki/6_Keyboard_Sonatas%2C_Wq.50_(Bach%2C_Carl_Philipp_Emanuel)	https://musicbrainz.org/work/bb464191-aaf2-45bc-b35a-088552933244	mxl	https://imslp.org/wiki/Special:ReverseLookup/384268	Anna Yuferova		Harpsichord	55-89 (G3-F6)	Harpsichord	41-67 (F2-G4)
wq50n05b	1: 3/8	1: 0	60	60	90.0	60	60	90.0		239.5	484	249	0	0	0				Amelia Brey	1758	1758	Packard Humanities Institute (cpebach.org)	Carl Philipp Emanuel Bach	Sonata in B-flat Major	2	Larghetto	Wq.50/5					2023-07-24		Microsoft Windows			Sonata in B-flat Major, Wq.50/5	II. Larghetto	Carl Philipp Emanuel Bach	3.6.2	1.2.12	MS3	MS3/wq50n05b.mscx	False	34-88 (Bb1-E6)	https://imslp.org/wiki/6_Keyboard_Sonatas%2C_Wq.50_(Bach%2C_Carl_Philipp_Emanuel)	https://musicbrainz.org/work/2f2c0063-6d5a-4ba8-a8f4-21bba8e2feba	mxl	https://imslp.org/wiki/Special:ReverseLookup/384268	Anna Yuferova		Harpsichord	54-88 (F#3-E6)	Harpsichord	34-63 (Bb1-Eb4)
wq50n05c	1: 3/4	1: 0	229	229	687.0	229	229	687.0		1436.5	1699	1010	0	0	0				Amelia Brey	1758	1758	Packard Humanities Institute (cpebach.org)	Carl Philipp Emanuel Bach	Sonata in B-flat Major	3	Tempo di minuetto	Wq.50/5					2023-07-24		Microsoft Windows			Sonata in B-flat Major, Wq.50/5	III. Tempo di minuetto	Carl Philipp Emanuel Bach	3.6.2	1.2.12	MS3	MS3/wq50n05c.mscx	False	33-88 (A1-E6)	https://imslp.org/wiki/6_Keyboard_Sonatas%2C_Wq.50_(Bach%2C_Carl_Philipp_Emanuel)	https://musicbrainz.org/work/0030ac73-031a-4fca-aac7-b28b3028ee5b	mxl	https://imslp.org/wiki/Special:ReverseLookup/384268	Anna Yuferova		Harpsichord	50-88 (D3-E6)	Harpsichord	33-67 (A1-G4)
wq50n06	1: 3/4	1: -3, 50: 0, 94: -3, 142: 0, 186: -3	235	234	703.0	235	234	703.0		1109.71	1918	1545	0	0	0				Amelia Brey	1759	1759	Packard Humanities Institute (cpebach.org)	Carl Philipp Emanuel Bach	Sonata in C Minor	1	Allegro moderato	Wq.50/6					2023-07-24		Microsoft Windows			Sonata in C Minor, Wq.50/6		Carl Philipp Emanuel Bach	3.6.2	1.2.12	MS3	MS3/wq50n06.mscx	False	35-87 (B1-Eb6)	https://imslp.org/wiki/6_Keyboard_Sonatas%2C_Wq.50_(Bach%2C_Carl_Philipp_Emanuel)	https://musicbrainz.org/work/ac1a5d30-fa75-471b-90eb-91477c146300	mxl	https://imslp.org/wiki/Special:ReverseLookup/384268	Anna Yuferova		Harpsichord	48-87 (C3-Eb6)	Harpsichord	35-69 (B1-A4)
wq55n01a	1: 3/4	1: 0	71	69	213.0	138	138	414.0	(((28,), (29,)), ((70,), (71,)))	384.25	825	756	0	0	0				Amelia Brey	1773	1773	Packard Humanities Institute (cpebach.org)	Carl Philipp Emanuel Bach	Sonata in C Major	1	Prestissimo	Wq.55/1					2023-07-24		Microsoft Windows			Sonata in C Major, Wq.55/1	I. Prestissimo	Carl Philipp Emanuel Bach	3.6.2	1.2.12	MS3	MS3/wq55n01a.mscx	False	33-89 (A1-F6)	https://imslp.org/wiki/Keyboard_Sonata_in_C_major,_H.244_(Bach,_Carl_Philipp_Emanuel)	https://musicbrainz.org/work/a06a3be3-f3ab-45f8-ad8e-25fceaf11106	mxl	https://imslp.org/wiki/Special:ReverseLookup/24509	Anna Yuferova	https://viaf.org/viaf/900165271619510690003	Harpsichord	47-89 (B2-F6)	Harpsichord	33-65 (A1-F4)
wq55n01b	1: 3/4	1: 1	39	39	117.0	39	39	117.0		301.0	514	260	0	0	0				Amelia Brey	1773	1773	Packard Humanities Institute (cpebach.org)	Carl Philipp Emanuel Bach	Sonata in C Major	2	Andante	Wq.55/1					2023-07-24		Microsoft Windows			Sonata in C Major, Wq.55/1	II. Andante	Carl Philipp Emanuel Bach	3.6.2	1.2.12	MS3	MS3/wq55n01b.mscx	False	35-84 (B1-C6)	https://imslp.org/wiki/Keyboard_Sonata_in_C_major,_H.244_(Bach,_Carl_Philipp_Emanuel)	https://musicbrainz.org/work/21bff20f-87f3-4de1-8f5f-a377c8091e11	mxl	https://imslp.org/wiki/Special:ReverseLookup/24509	Anna Yuferova	https://viaf.org/viaf/900165271619510690003	Harpsichord	60-84 (C4-C6)	Harpsichord	35-60 (B1-C4)
wq55n01c	1: 2/4	1: 0	44	44	88.0	88	88	176.0		155.25	492	396	0	0	0				Amelia Brey	1773	1773	Packard Humanities Institute (cpebach.org)	Carl Philipp Emanuel Bach	Sonata in C Major	3	Allegretto	Wq.55/1					2023-07-24		Microsoft Windows			Sonata in C Major, Wq.55/1	III. Allegretto	Carl Philipp Emanuel Bach	3.6.2	1.2.12	MS3	MS3/wq55n01c.mscx	False	36-89 (C2-F6)	https://imslp.org/wiki/Keyboard_Sonata_in_C_major,_H.244_(Bach,_Carl_Philipp_Emanuel)	https://musicbrainz.org/work/4e220166-58c7-4d2b-8859-161519511c3a	mxl	https://imslp.org/wiki/Special:ReverseLookup/24509	Anna Yuferova	https://viaf.org/viaf/900165271619510690003	Harpsichord	55-89 (G3-F6)	Harpsichord	36-60 (C2-C4)
wq55n02a	1: 2/4	1: -1	84	77	168.0	158	155	316.0	(((29, 30, 31), (32,)), ((80,), (81,)))	430.94	1242	751	0	0	0				Amelia Brey	1758	1758	Packard Humanities Institute (cpebach.org)	Carl Philipp Emanuel Bach	Sonata in F Major	1	Andante	Wq.55/2					2023-07-24		Microsoft Windows			Sonata in F Major, Wq.55/2	I. Andante	Carl Philipp Emanuel Bach	3.6.2	1.2.12	MS3	MS3/wq55n02a.mscx	False	36-89 (C2-F6)	https://imslp.org/wiki/Keyboard_Sonata_in_F_major,_H.130_(Bach,_Carl_Philipp_Emanuel)	https://musicbrainz.org/work/9076f7cf-7d21-440b-b1ae-938c8f70eb58	mxl	https://imslp.org/wiki/Special:ReverseLookup/54216	Anna Yuferova	https://viaf.org/viaf/184177894	Harpsichord	57-89 (A3-F6)	Harpsichord	36-67 (C2-G4)
wq55n02b	1: 9/8	1: -4	49	49	220.5	49	49	220.5		531.25	722	450	0	0	0				Amelia Brey	1758	1758	Packard Humanities Institute (cpebach.org)	Carl Philipp Emanuel Bach	Sonata in F Major	2	Larghetto	Wq.55/2					2023-07-24		Microsoft Windows			Sonata in F Major, Wq.55/2	II. Larghetto	Carl Philipp Emanuel Bach	3.6.2	1.2.12	MS3	MS3/wq55n02b.mscx	False	34-85 (Bb1-Db6)	https://imslp.org/wiki/Keyboard_Sonata_in_F_major,_H.130_(Bach,_Carl_Philipp_Emanuel)	https://musicbrainz.org/work/70613278-753f-48d0-b388-83b7f861933a	mxl	https://imslp.org/wiki/Special:ReverseLookup/54216	Anna Yuferova	https://viaf.org/viaf/184177894	Harpsichord	49-85 (Db3-Db6)	Harpsichord	34-67 (Bb1-G4)
wq55n02c	1: 2/4	1: -1	160	160	320.0	320	320	640.0		650.58	1000	646	0	0	0				Amelia Brey	1758	1758	Packard Humanities Institute (cpebach.org)	Carl Philipp Emanuel Bach	Sonata in F Major	3	Allegro assai	Wq.55/2					2023-07-24		Microsoft Windows			Sonata in F Major, Wq.55/2	III. Allegro assai	Carl Philipp Emanuel Bach	3.6.2	1.2.12	MS3	MS3/wq55n02c.mscx	False	33-88 (A1-E6)	https://imslp.org/wiki/Keyboard_Sonata_in_F_major,_H.130_(Bach,_Carl_Philipp_Emanuel)	https://musicbrainz.org/work/4759841b-418c-4c34-b1e1-c42fd8553b9c	mxl	https://imslp.org/wiki/Special:ReverseLookup/54216	Anna Yuferova	https://viaf.org/viaf/184177894	Harpsichord	52-88 (E3-E6)	Harpsichord	33-67 (A1-G4)
wq55n03a	1: 2/4, 21: 1/8, 23: 2/4	1: 2	44	42	84.5	87	84	168.5		177.12	505	341	0	0	0				Amelia Brey	1774	1774	Packard Humanities Institute (cpebach.org)	Carl Philipp Emanuel Bach	Sonata in B Minor	1	Allegretto	Wq.55/3					2023-07-25		Microsoft Windows			Sonata in B Minor, Wq.55/3	I. Allegretto	Carl Philipp Emanuel Bach	3.6.2	1.2.12	MS3	MS3/wq55n03a.mscx	False	30-88 (F#1-E6)	https://imslp.org/wiki/Keyboard_Sonata_in_B_minor,_H.245_(Bach,_Carl_Philipp_Emanuel)	https://musicbrainz.org/work/fb5d6c26-84ca-42ad-9880-1f75c7402e38	mxl	https://imslp.org/wiki/Special:ReverseLookup/54216	Anna Yuferova	https://viaf.org/viaf/185916830	Harpsichord	53-88 (E#3-E6)	Harpsichord	30-67 (F#1-G4)
wq55n03b	1: 3/8	1: -2	25	25	37.5	25	25	37.5		80.88	267	170	0	0	0				Amelia Brey	1774	1774	Packard Humanities Institute (cpebach.org)	Carl Philipp Emanuel Bach	Sonata in B Minor	2	Andante	Wq.55/3					2023-07-25		Microsoft Windows			Sonata in B Minor, Wq.55/3	II. Andante	Carl Philipp Emanuel Bach	3.6.2	1.2.12	MS3	MS3/wq55n03b.mscx	False	38-89 (D2-F6)	https://imslp.org/wiki/Keyboard_Sonata_in_B_minor,_H.245_(Bach,_Carl_Philipp_Emanuel)	https://musicbrainz.org/work/fb5d6c26-84ca-42ad-9880-1f75c7402e38	mxl	https://imslp.org/wiki/Special:ReverseLookup/54216	Anna Yuferova	https://viaf.org/viaf/185916830	Harpsichord	55-89 (G3-F6)	Harpsichord	38-63 (D2-Eb4)
wq55n03c	1: 2/4	1: 2	69	68	136.0	69	68	136.0		267.25	601	484	0	0	0				Amelia Brey	1774	1774	Packard Humanities Institute (cpebach.org)	Carl Philipp Emanuel Bach	Sonata in B Minor	3	Cantabile	Wq.55/3					2023-07-25		Microsoft Windows			Sonata in B Minor, Wq.55/3	III. Cantabile	Carl Philipp Emanuel Bach	3.6.2	1.2.12	MS3	MS3/wq55n03c.mscx	False	38-88 (D2-E6)	https://imslp.org/wiki/Keyboard_Sonata_in_B_minor,_H.245_(Bach,_Carl_Philipp_Emanuel)	https://musicbrainz.org/work/fb5d6c26-84ca-42ad-9880-1f75c7402e38	mxl	https://imslp.org/wiki/Special:ReverseLookup/54216	Anna Yuferova	https://viaf.org/viaf/185916830	Harpsichord	55-88 (G3-E6)	Harpsichord	38-64 (D2-E4)
wq55n04a	1: 4/4	1: 3	130	128	520.0	249	249	996.0	(((42,), (43,)), ((122,), (123,)))	979.5	2349	1580	0	0	0				Amelia Brey	1765	1765	Packard Humanities Institute (cpebach.org)	Carl Philipp Emanuel Bach	Sonata in A Major	1	Allegro assai	Wq.55/4					2021-03-24		Microsoft Windows	http://musescore.com/user/30662474/scores/6682611		Sonata in A Major, Wq.55/4	I. Allegro assai	Carl Philipp Emanuel Bach	3.6.2	1.2.12	MS3	MS3/wq55n04a.mscx	False	33-88 (A1-E6)	https://imslp.org/wiki/Keyboard_Sonata_in_A_major,_H.186_(Bach,_Carl_Philipp_Emanuel)	https://musicbrainz.org/work/0cb4bec5-0994-45f3-ada8-0042498ef385		https://imslp.org/wiki/Special:ReverseLookup/23905	https://musescore.com/user/30662474	https://viaf.org/viaf/6983165272416510690007	Harpsichord	47-88 (B2-E6)	Harpsichord	33-72 (A1-B#4)
wq55n04b	1: 4/4	1: 0	32	32	128.0	32	32	128.0		258.12	797	621	0	0	0				Amelia Brey	1765	1765	Packard Humanities Institute (cpebach.org)	Carl Philipp Emanuel Bach	Sonata in A Major	2	Poco adagio	Wq.55/4					2021-03-24		Microsoft Windows	http://musescore.com/user/30662474/scores/6682611		Sonata in A Major, Wq.55/4	II. Poco adagio	Carl Philipp Emanuel Bach	3.6.2	1.2.12	MS3	MS3/wq55n04b.mscx	False	35-88 (B1-E6)	https://imslp.org/wiki/Keyboard_Sonata_in_A_major,_H.186_(Bach,_Carl_Philipp_Emanuel)	https://musicbrainz.org/work/97fe5bfe-79fd-4765-a9bb-f7e7c475b9a9		https://imslp.org/wiki/Special:ReverseLookup/23905	https://musescore.com/user/30662474	https://viaf.org/viaf/6983165272416510690007	Harpsichord	49-88 (C#3-E6)	Harpsichord	35-65 (B1-E#4)
wq55n04c	1: 2/4	1: 0	137	135	274.0	270	270	540.0	(((46,), (47,)), ((136,), (137,)))	478.92	1507	1264	0	0	0				Amelia Brey	1765	1765	Packard Humanities Institute (cpebach.org)	Carl Philipp Emanuel Bach	Sonata in A Major	3	Allegro	Wq.55/4					2021-03-24		Microsoft Windows	http://musescore.com/user/30662474/scores/6682611		Sonata in A Major, Wq.55/4	III. Allegro	Carl Philipp Emanuel Bach	3.6.2	1.2.12	MS3	MS3/wq55n04c.mscx	False	40-88 (E2-E6)	https://imslp.org/wiki/Keyboard_Sonata_in_A_major,_H.186_(Bach,_Carl_Philipp_Emanuel)	https://musicbrainz.org/work/f5e13fb9-e8fb-4ef1-8ef8-82f61a8853c4		https://imslp.org/wiki/Special:ReverseLookup/23905	https://musescore.com/user/30662474	https://viaf.org/viaf/6983165272416510690007	Harpsichord	52-88 (E3-E6)	Harpsichord	40-80 (E2-G#5)
wq55n05a	1: 4/4	1: -1	29	29	116.0	58	58	232.0		273.13	630	421	0	0	0				Amelia Brey	1772	1772	Packard Humanities Institute (cpebach.org)	Carl Philipp Emanuel Bach	Sonata in F Major	1	Allegro	Wq.55/5					2023-07-20		Microsoft Windows			Sonata in F Major, Wq.55/5	I. Allegro	Carl Philipp Emanuel Bach	3.6.2	1.2.12	MS3	MS3/wq55n05a.mscx	False	34-89 (Bb1-F6)	https://imslp.org/wiki/Keyboard_Sonata_in_F_major,_H.243_(Bach,_Carl_Philipp_Emanuel)	https://musicbrainz.org/work/7114d80d-70bb-4307-9336-37d2d431b46b	mxl	https://imslp.org/wiki/Special:ReverseLookup/705185	Anna Yuferova	https://viaf.org/viaf/182963469/	Harpsichord	53-89 (F3-F6)	Harpsichord	34-64 (Bb1-E4)
wq55n05b	1: 3/8	1: 0	30	30	45.0	30	30	45.0		126.63	364	225	0	0	0				Amelia Brey	1772	1772	Packard Humanities Institute (cpebach.org)	Carl Philipp Emanuel Bach	Sonata in F Major	2	Adagio maestoso	Wq.55/5					2023-07-20		Microsoft Windows			Sonata in F Major, Wq.55/5	II. Adagio maestoso	Carl Philipp Emanuel Bach	3.6.2	1.2.12	MS3	MS3/wq55n05b.mscx	False	34-89 (Bb1-F6)	https://imslp.org/wiki/Keyboard_Sonata_in_F_major,_H.243_(Bach,_Carl_Philipp_Emanuel)	https://musicbrainz.org/work/fc7880ac-8e83-4dcc-97f9-7614e32f3da6	mxl	https://imslp.org/wiki/Special:ReverseLookup/705185	Anna Yuferova	https://viaf.org/viaf/182963469/	Harpsichord	57-89 (A3-F6)	Harpsichord	34-65 (Bb1-F4)
wq55n05c	1: 2/4	1: 0	39	37	74.0	78	74	148.0		119.0	345	277	0	0	0				Amelia Brey	1772	1772	Packard Humanities Institute (cpebach.org)	Carl Philipp Emanuel Bach	Sonata in F Major	3	Allegretto	Wq.55/5					2023-07-20		Microsoft Windows			Sonata in F Major, Wq.55/5	III. Allegretto	Carl Philipp Emanuel Bach	3.6.2	1.2.12	MS3	MS3/wq55n05c.mscx	False	34-89 (Bb1-F6)	https://imslp.org/wiki/Keyboard_Sonata_in_F_major,_H.243_(Bach,_Carl_Philipp_Emanuel)	https://musicbrainz.org/work/a5f28d22-b341-4120-a88a-a2bf08ae5b82	mxl	https://imslp.org/wiki/Special:ReverseLookup/705185	Anna Yuferova	https://viaf.org/viaf/182963469/	Harpsichord	53-89 (F3-F6)	Harpsichord	34-65 (Bb1-F4)
wq55n06a	1: 4/4	1: 1	68	66	273.5	132	132	529.5	(((25,), (26,)), ((67,), (68,)))	599.46	1479	1007	0	0	0				Amelia Brey	1765	1765	Packard Humanities Institute (cpebach.org)	Carl Philipp Emanuel Bach	Sonata in G Major	1	Allegretto moderato	Wq.55/6					2023-07-25		Microsoft Windows			Sonata in G Major, Wq.55/6	I. Allegretto moderato	Carl Philipp Emanuel Bach	3.6.2	1.2.12	MS3	MS3/wq55n06a.mscx	False	31-88 (G1-E6)	https://imslp.org/wiki/Keyboard_Sonata_in_G_major,_H.187_(Bach,_Carl_Philipp_Emanuel)	https://musicbrainz.org/work/0251f962-e633-47a3-8770-199e6adcf2f8	mxl	https://imslp.org/wiki/Special:ReverseLookup/54222	Anna Yuferova	https://viaf.org/viaf/8236165271680010690007	Harpsichord	50-88 (D3-E6)	Harpsichord	31-76 (G1-E5)
wq55n06b	1: 4/4	1: -2	33	30	132.0	33	30	132.0		253.75	603	539	0	0	0				Amelia Brey	1765	1765	Packard Humanities Institute (cpebach.org)	Carl Philipp Emanuel Bach	Sonata in G Major	2	Andante	Wq.55/6					2023-07-25		Microsoft Windows			Sonata in G Major, Wq.55/6	II. Andante	Carl Philipp Emanuel Bach	3.6.2	1.2.12	MS3	MS3/wq55n06b.mscx	False	36-89 (C2-F6)	https://imslp.org/wiki/Keyboard_Sonata_in_G_major,_H.187_(Bach,_Carl_Philipp_Emanuel)	https://musicbrainz.org/work/a053d407-1809-48a2-a6d9-a13ea3f1bf1f	mxl	https://imslp.org/wiki/Special:ReverseLookup/54222	Anna Yuferova	https://viaf.org/viaf/8236165271680010690007	Harpsichord	50-89 (D3-F6)	Harpsichord	36-63 (C2-Eb4)
wq55n06c	1: 3/4	1: 1	122	122	366.0	244	244	732.0		591.25	1224	1033	0	0	0				Amelia Brey	1765	1765	Packard Humanities Institute (cpebach.org)	Carl Philipp Emanuel Bach	Sonata in G Major	3	Allegro di molto	Wq.55/6					2023-07-25		Microsoft Windows			Sonata in G Major, Wq.55/6	III. Allegro di molto	Carl Philipp Emanuel Bach	3.6.2	1.2.12	MS3	MS3/wq55n06c.mscx	False	33-88 (A1-E6)	https://imslp.org/wiki/Keyboard_Sonata_in_G_major,_H.187_(Bach,_Carl_Philipp_Emanuel)	https://musicbrainz.org/work/ef3fa883-26a2-4e42-88e2-e4091b654853	mxl	https://imslp.org/wiki/Special:ReverseLookup/54222	Anna Yuferova	https://viaf.org/viaf/8236165271680010690007	Harpsichord	54-88 (F#3-E6)	Harpsichord	33-67 (A1-G4)
wq56n01	1: 6/8, 56: 3/8, 57: 6/8, 70: 3/8, 71: 6/8	1: 0	176	176	529.5	176	176	529.5		1115.92	2662	1772	0	0	0				Amelia Brey	1778	1778	Packard Humanities Institute (cpebach.org)	Carl Philipp Emanuel Bach	Rondo in C Major			Wq.56/1					2023-07-25		Microsoft Windows			Rondo in C Major, Wq.56/1		Carl Philipp Emanuel Bach	3.6.2	1.2.12	MS3	MS3/wq56n01.mscx	False	34-89 (Bb1-F6)	https://imslp.org/wiki/Rondo_in_C_major,_H.260_(Bach,_Carl_Philipp_Emanuel)	https://musicbrainz.org/work/b232dada-efee-421a-97eb-3d7e89bddb06	mxl	https://imslp.org/wiki/Special:ReverseLookup/106185	Anna Yuferova	https://viaf.org/viaf/9348165272312110690001	Harpsichord	52-89 (E3-F6)	Harpsichord	34-67 (Bb1-G4)
wq56n02a	1: 2/4	1: 1	73	71	146.0	142	142	284.0	(((28,), (29,)), ((72,), (73,)))	311.25	886	638	0	0	0				Amelia Brey	1774	1774	Packard Humanities Institute (cpebach.org)	Carl Philipp Emanuel Bach	Sonata in G Major	1	Allegretto	Wq.56/2					2023-07-25		Microsoft Windows			Sonata in G Major, Wq.56/2	I. Allegretto	Carl Philipp Emanuel Bach	3.6.2	1.2.12	MS3	MS3/wq56n02a.mscx	False	38-88 (D2-E6)	https://imslp.org/wiki/Keyboard_Sonata_in_G_major,_H.246_(Bach,_Carl_Philipp_Emanuel)	https://musicbrainz.org/work/decc81a2-4684-4588-9970-194c3a55d121	mxl	https://imslp.org/wiki/Special:ReverseLookup/54295	Anna Yuferova	https://viaf.org/viaf/8803165271510110690009	Harpsichord	57-88 (A3-E6)	Harpsichord	38-69 (D2-A4)
wq56n02b	1: 3/8	1: 3	24	24	36.0	24	24	36.0		80.88	285	190	0	0	0				Amelia Brey	1774	1774	Packard Humanities Institute (cpebach.org)	Carl Philipp Emanuel Bach	Sonata in G Major	2	Larghetto	Wq.56/2					2023-07-25		Microsoft Windows			Sonata in G Major, Wq.56/2	II. Larghetto	Carl Philipp Emanuel Bach	3.6.2	1.2.12	MS3	MS3/wq56n02b.mscx	False	33-88 (A1-E6)	https://imslp.org/wiki/Keyboard_Sonata_in_G_major,_H.246_(Bach,_Carl_Philipp_Emanuel)	https://musicbrainz.org/work/7af54d91-d7b1-486e-85b9-e269d9018a41	mxl	https://imslp.org/wiki/Special:ReverseLookup/54295	Anna Yuferova	https://viaf.org/viaf/8803165271510110690009	Harpsichord	58-88 (A#3-E6)	Harpsichord	33-64 (A1-E4)
wq56n02c	1: 3/4	1: 1	48	48	144.0	96	96	288.0		260.0	828	696	0	0	0				Amelia Brey	1774	1774	Packard Humanities Institute (cpebach.org)	Carl Philipp Emanuel Bach	Sonata in G Major	3	Allegro	Wq.56/2					2023-07-25		Microsoft Windows			Sonata in G Major, Wq.56/2	III. Allegro	Carl Philipp Emanuel Bach	3.6.2	1.2.12	MS3	MS3/wq56n02c.mscx	False	30-89 (F#1-F6)	https://imslp.org/wiki/Keyboard_Sonata_in_G_major,_H.246_(Bach,_Carl_Philipp_Emanuel)	https://musicbrainz.org/work/7ca1bbec-99a1-4726-9990-c3293d90f312	mxl	https://imslp.org/wiki/Special:ReverseLookup/54295	Anna Yuferova	https://viaf.org/viaf/8803165271510110690009	Harpsichord	54-89 (F#3-F6)	Harpsichord	30-63 (F#1-Eb4)
wq56n03	1: 3/4	1: 2, 65: 0	152	149	486.0	152	149	486.0		1138.42	1972	1376	0	0	0				Amelia Brey	1778	1778	Packard Humanities Institute (cpebach.org)	Carl Philipp Emanuel Bach	Rondo in D Major			Wq.56/3					2023-07-20		Microsoft Windows			Rondo in D Major, Wq.56/3		Carl Philipp Emanuel Bach	3.6.2	1.2.12	MS3	MS3/wq56n03.mscx	False	29-89 (F1-F6)	https://imslp.org/wiki/Rondo_in_D_major,_H.261_(Bach,_Carl_Philipp_Emanuel)	https://musicbrainz.org/work/c28d0d6d-bb52-40f4-a79d-9bff87fc0f5b	mxl	https://imslp.org/wiki/Special:ReverseLookup/106186	Anna Yuferova	https://viaf.org/viaf/181338981	Harpsichord	53-89 (F3-F6)	Harpsichord	29-69 (F1-A4)
wq56n04a	1: 6/8	1: -1	47	47	141.0	47	47	141.0		328.25	849	552	0	0	0				Amelia Brey	1780	1780	Packard Humanities Institute (cpebach.org)	Carl Philipp Emanuel Bach	Sonata in F Major	1	Andantino	Wq.56/4					2023-07-20		Microsoft Windows			Sonata in F Major, Wq.56/4	I. Andantino	Carl Philipp Emanuel Bach	3.6.2	1.2.12	MS3	MS3/wq56n04a.mscx	False	36-89 (C2-F6)	https://imslp.org/wiki/Keyboard_Sonata_in_F_major,_H.269_(Bach,_Carl_Philipp_Emanuel)	https://musicbrainz.org/work/b7ec95af-7502-4607-91ac-cd9a7a8385ca	mxl	https://imslp.org/wiki/Special:ReverseLookup/54293	Anna Yuferova	https://viaf.org/viaf/35165271931010690003	Harpsichord	55-89 (G3-F6)	Harpsichord	36-67 (C2-G4)
wq56n04b	1: 2/4	1: -1	73	73	146.0	146	146	292.0		250.5	539	408	0	0	0				Amelia Brey	1780	1780	Packard Humanities Institute (cpebach.org)	Carl Philipp Emanuel Bach	Sonata in F Major	2	Presto	Wq.56/4					2023-07-20		Microsoft Windows			Sonata in F Major, Wq.56/4	II. Presto	Carl Philipp Emanuel Bach	3.6.2	1.2.12	MS3	MS3/wq56n04b.mscx	False	29-89 (F1-F6)	https://imslp.org/wiki/Keyboard_Sonata_in_F_major,_H.269_(Bach,_Carl_Philipp_Emanuel)	https://musicbrainz.org/work/528d55dd-e03b-4776-8715-66d428fb0a1d	mxl	https://imslp.org/wiki/Special:ReverseLookup/54293	Anna Yuferova	https://viaf.org/viaf/35165271931010690003	Harpsichord	53-89 (F3-F6)	Harpsichord	29-65 (F1-F4)
wq56n05	1: 2/4	1: 0	172	172	344.0	172	172	344.0		949.12	2224	1534	0	0	0				Amelia Brey	1778	1778	Packard Humanities Institute (cpebach.org)	Carl Philipp Emanuel Bach	Rondo in A Minor			Wq.56/5					2023-07-20		Microsoft Windows			Rondo in A Minor, Wq.56/5		Carl Philipp Emanuel Bach	3.6.2	1.2.12	MS3	MS3/wq56n05.mscx	False	31-89 (G1-F6)	https://imslp.org/wiki/Rondo_in_A_minor,_H.262_(Bach,_Carl_Philipp_Emanuel)	https://musicbrainz.org/work/5b3f4742-5275-48c8-9ac6-3fb7cf048bb4	mxl	https://imslp.org/wiki/Special:ReverseLookup/106187	Anna Yuferova	https://viaf.org/viaf/184177927	Harpsichord	35-89 (B1-F6)	Harpsichord	31-74 (G1-D5)
wq56n06a	1: 3/4	1: 3	41	41	123.0	73	73	219.0		254.25	505	388	0	0	0				Amelia Brey	1780	1780	Packard Humanities Institute (cpebach.org)	Carl Philipp Emanuel Bach	Sonata in A Major	1	Allegretto	Wq.56/6					2023-07-20		Microsoft Windows			Sonata in A Major, Wq.56/6	I. Allegretto	Carl Philipp Emanuel Bach	3.6.2	1.2.12	MS3	MS3/wq56n06a.mscx	False	31-89 (G1-F6)	https://imslp.org/wiki/Keyboard_Sonata_in_A_major,_H.270_(Bach,_Carl_Philipp_Emanuel)	https://musicbrainz.org/work/dd6a8605-4018-4ae2-98c9-ad07ca1fcc44	mxl	https://imslp.org/wiki/Special:ReverseLookup/96452	Anna Yuferova	https://viaf.org/viaf/214743072	Harpsichord	54-89 (F#3-F6)	Harpsichord	31-66 (G1-F#4)
wq56n06b	1: 2/4	1: 0	52	52	104.0	104	104	208.0		227.88	665	531	0	0	0				Amelia Brey	1780	1780	Packard Humanities Institute (cpebach.org)	Carl Philipp Emanuel Bach	Sonata in A Major	2	Allegretto	Wq.56/6					2023-07-20		Microsoft Windows			Sonata in A Major, Wq.56/6	II. Allegretto	Carl Philipp Emanuel Bach	3.6.2	1.2.12	MS3	MS3/wq56n06b.mscx	False	33-88 (A1-E6)	https://imslp.org/wiki/Keyboard_Sonata_in_A_major,_H.270_(Bach,_Carl_Philipp_Emanuel)	https://musicbrainz.org/work/dd6a8605-4018-4ae2-98c9-ad07ca1fcc44	mxl	https://imslp.org/wiki/Special:ReverseLookup/96452	Anna Yuferova	https://viaf.org/viaf/214743072	Harpsichord	59-88 (B3-E6)	Harpsichord	33-68 (A1-G#4)
wq57n01	1: 4/4, 47: 12/8, 56: 4/4, 90: 13/4, 91: 4/4	1: 4, 27: 0, 38: 4, 58: 0, 78: 4	95	94	410.0	95	94	410.0		977.63	2527	1730	0	0	0				Amelia Brey	1779	1779	Packard Humanities Institute (cpebach.org)	Carl Philipp Emanuel Bach	Rondo in E Major			Wq.57/1					2023-07-21		Microsoft Windows			Rondo in E Major, Wq.57/1		Carl Philipp Emanuel Bach	3.6.2	1.2.12	MS3	MS3/wq57n01.mscx	False	31-89 (G1-F6)	https://imslp.org/wiki/Rondo_in_E_major,_H.265_(Bach,_Carl_Philipp_Emanuel)	https://musicbrainz.org/work/49764e5b-f7ae-4968-8537-f8cca7296050	mxl	https://imslp.org/wiki/Special:ReverseLookup/705590	Anna Yuferova	https://viaf.org/viaf/180933154/	Harpsichord	51-89 (D#3-F6)	Harpsichord	31-83 (G1-B5)
wq57n02a	1: 3/4	1: 0	41	41	123.0	82	82	246.0		183.88	735	681	0	0	0				Amelia Brey	1774	1774	Packard Humanities Institute (cpebach.org)	Carl Philipp Emanuel Bach	Sonata in A Minor	1	Allegro	Wq.57/2					2023-07-22		Microsoft Windows			Sonata in A Minor, Wq.57/2	I. Allegro	Carl Philipp Emanuel Bach	3.6.2	1.2.12	MS3	MS3/wq57n02a.mscx	False	31-89 (G1-F6)	https://imslp.org/wiki/Keyboard_Sonata_in_A_minor,_H.247_(Bach,_Carl_Philipp_Emanuel)	https://musicbrainz.org/work/08e9d007-4c47-485e-baf5-00bc93940142	mxl	https://imslp.org/wiki/Special:ReverseLookup/23954	Anna Yuferova	https://viaf.org/viaf/1118165271999510690008	Harpsichord	52-89 (E3-F6)	Harpsichord	31-69 (G1-A4)
wq57n02b	1: 2/4	1: -1	33	32	64.0	33	32	64.0		112.38	393	314	0	0	0				Amelia Brey	1774	1774	Packard Humanities Institute (cpebach.org)	Carl Philipp Emanuel Bach	Sonata in A Minor	2	Andante	Wq.57/2					2023-07-22		Microsoft Windows			Sonata in A Minor, Wq.57/2	II. Andante	Carl Philipp Emanuel Bach	3.6.2	1.2.12	MS3	MS3/wq57n02b.mscx	False	36-89 (C2-F6)	https://imslp.org/wiki/Keyboard_Sonata_in_A_minor,_H.247_(Bach,_Carl_Philipp_Emanuel)	https://musicbrainz.org/work/4ee15825-3fe3-479e-ae76-7231dcdb6f2e	mxl	https://imslp.org/wiki/Special:ReverseLookup/23954	Anna Yuferova	https://viaf.org/viaf/1118165271999510690008	Harpsichord	55-89 (G3-F6)	Harpsichord	36-63 (C2-Eb4)
wq57n02c	1: 4/4	1: 0	60	58	232.0	120	116	464.0		299.37	721	647	0	0	0				Amelia Brey	1774	1774	Packard Humanities Institute (cpebach.org)	Carl Philipp Emanuel Bach	Sonata in A Minor	3	Allegro di molto	Wq.57/2					2023-07-22		Microsoft Windows			Sonata in A Minor, Wq.57/2	III. Allegro di molto	Carl Philipp Emanuel Bach	3.6.2	1.2.12	MS3	MS3/wq57n02c.mscx	False	33-89 (A1-F6)	https://imslp.org/wiki/Keyboard_Sonata_in_A_minor,_H.247_(Bach,_Carl_Philipp_Emanuel)	https://musicbrainz.org/work/d0320f4f-a138-456d-9770-a6e577cb3dbd	mxl	https://imslp.org/wiki/Special:ReverseLookup/23954	Anna Yuferova	https://viaf.org/viaf/1118165271999510690008	Harpsichord	51-89 (D#3-F6)	Harpsichord	33-67 (A1-G4)
wq57n03	1: 2/4	1: 1	141	141	282.0	141	141	282.0		666.5	1563	998	0	0	0				Amelia Brey	1780	1780	Packard Humanities Institute (cpebach.org)	Carl Philipp Emanuel Bach	Rondo in G Major			Wq.57/3					2023-07-22		Microsoft Windows			Rondo in G Major, Wq.57/3		Carl Philipp Emanuel Bach	3.6.2	1.2.12	MS3	MS3/wq57n03.mscx	False	31-88 (G1-E6)	https://imslp.org/wiki/Rondo_in_G_major,_H.271_(Bach,_Carl_Philipp_Emanuel)	https://musicbrainz.org/work/00ec76ff-e101-44a6-8b45-5456b7824c51	mxl	https://imslp.org/wiki/Special:ReverseLookup/96454	Anna Yuferova	https://viaf.org/viaf/7426165271506010690006	Harpsichord	56-88 (G#3-E6)	Harpsichord	31-67 (G1-G4)
wq57n04a	1: 3/4	1: -1	81	81	243.0	162	162	486.0		477.25	1116	864	0	0	0				Amelia Brey	1766	1766	Packard Humanities Institute (cpebach.org)	Carl Philipp Emanuel Bach	Sonata in D Minor	1	Allegro moderato	Wq.57/4					2023-07-23		Microsoft Windows			Sonata in D Minor, Wq.57/4	I. Allegro moderato	Carl Philipp Emanuel Bach	3.6.2	1.2.12	MS3	MS3/wq57n04a.mscx	False	34-89 (Bb1-F6)	https://imslp.org/wiki/Keyboard_Sonata_in_D_minor,_H.208_(Bach,_Carl_Philipp_Emanuel)	https://musicbrainz.org/work/7d46a7bf-64dd-43bb-80ed-596cc4d91ed3	mxl	https://imslp.org/wiki/Special:ReverseLookup/24533	Anna Yuferova	https://viaf.org/viaf/2725165271416210690003	Harpsichord	52-89 (E3-F6)	Harpsichord	34-65 (Bb1-F4)
wq57n04b	1: 3/8	1: -2	74	73	114.5	74	73	114.5		296.88	576	304	0	0	0				Amelia Brey	1766	1766	Packard Humanities Institute (cpebach.org)	Carl Philipp Emanuel Bach	Sonata in D Minor	2	Cantabile e mesto	Wq.57/4					2023-07-23		Microsoft Windows			Sonata in D Minor, Wq.57/4	II. Cantabile e mesto	Carl Philipp Emanuel Bach	3.6.2	1.2.12	MS3	MS3/wq57n04b.mscx	False	31-87 (G1-Eb6)	https://imslp.org/wiki/Keyboard_Sonata_in_D_minor,_H.208_(Bach,_Carl_Philipp_Emanuel)	https://musicbrainz.org/work/e780a464-23fc-408f-b71f-ec30082d09bd	mxl	https://imslp.org/wiki/Special:ReverseLookup/24533	Anna Yuferova	https://viaf.org/viaf/2725165271416210690003	Harpsichord	57-87 (A3-Eb6)	Harpsichord	31-65 (G1-F4)
wq57n04c	1: 2/4	1: -1	52	52	104.0	104	104	208.0		238.75	477	353	0	0	0				Amelia Brey	1766	1766	Packard Humanities Institute (cpebach.org)	Carl Philipp Emanuel Bach	Sonata in D Minor	3	Allegro	Wq.57/4					2023-07-23		Microsoft Windows			Sonata in D Minor, Wq.57/4	III. Allegro	Carl Philipp Emanuel Bach	3.6.2	1.2.12	MS3	MS3/wq57n04c.mscx	False	38-89 (D2-F6)	https://imslp.org/wiki/Keyboard_Sonata_in_D_minor,_H.208_(Bach,_Carl_Philipp_Emanuel)	https://musicbrainz.org/work/9ed3bac3-5e4b-4b6a-bf8b-72451cba194f	mxl	https://imslp.org/wiki/Special:ReverseLookup/24533	Anna Yuferova	https://viaf.org/viaf/2725165271416210690003	Harpsichord	56-89 (G#3-F6)	Harpsichord	38-67 (D2-G4)
wq57n05	1: 2/4	1: -1	224	224	448.0	224	224	448.0		933.25	2074	1532	0	0	0				Amelia Brey	1779	1779	Packard Humanities Institute (cpebach.org)	Carl Philipp Emanuel Bach	Rondo in F Major			Wq.57/5					2023-07-23		Microsoft Windows			Rondo in F Major, Wq.57/5		Carl Philipp Emanuel Bach	3.6.2	1.2.12	MS3	MS3/wq57n05.mscx	False	31-89 (G1-F6)	https://imslp.org/wiki/Rondo_in_F_major,_H.266_(Bach,_Carl_Philipp_Emanuel)	https://musicbrainz.org/work/ab4979b1-205e-471f-87f5-67e84720b2bb	mxl	https://imslp.org/wiki/Special:ReverseLookup/96455	Anna Yuferova	https://viaf.org/viaf/595165271274110690002	Harpsichord	46-89 (Bb2-F6)	Harpsichord	31-67 (G1-G4)
wq57n06a	1: 4/4	1: -4	92	90	368.0	180	180	720.0	(((34,), (35,)), ((91,), (92,)))	741.33	1170	853	0	0	0				Amelia Brey	1763	1763	Packard Humanities Institute (cpebach.org)	Carl Philipp Emanuel Bach	Sonata in F Minor	1	Allegro assai	Wq.57/6					2023-07-24		Microsoft Windows			Sonata in F Minor, Wq.57/6	I. Allegro assai	Carl Philipp Emanuel Bach	3.6.2	1.2.12	MS3	MS3/wq57n06a.mscx	False	34-89 (Bb1-F6)	https://imslp.org/wiki/Keyboard_Sonata_in_F_minor,_H.173_(Bach,_Carl_Philipp_Emanuel)	https://musicbrainz.org/work/22b8fdea-d7dc-4de0-a8d1-458caabb88f3	mxl	https://imslp.org/wiki/Special:ReverseLookup/54294	Anna Yuferova	https://viaf.org/viaf/9293165272355810690008	Harpsichord	44-89 (Ab2-F6)	Harpsichord	34-65 (Bb1-F4)
wq57n06b	1: 4/4	1: -1	44	44	176.0	44	44	176.0		432.12	832	502	0	0	0				Amelia Brey	1763	1763	Packard Humanities Institute (cpebach.org)	Carl Philipp Emanuel Bach	Sonata in F Minor	2	Andante	Wq.57/6					2023-07-24		Microsoft Windows			Sonata in F Minor, Wq.57/6	II. Andante	Carl Philipp Emanuel Bach	3.6.2	1.2.12	MS3	MS3/wq57n06b.mscx	False	34-87 (Bb1-Eb6)	https://imslp.org/wiki/Keyboard_Sonata_in_F_minor,_H.173_(Bach,_Carl_Philipp_Emanuel)	https://musicbrainz.org/work/74e15639-2300-44e6-af46-1ae02e508c32	mxl	https://imslp.org/wiki/Special:ReverseLookup/54294	Anna Yuferova	https://viaf.org/viaf/9293165272355810690008	Harpsichord	50-87 (D3-Eb6)	Harpsichord	34-67 (Bb1-G4)
wq57n06c	1: 2/4	1: -4	72	70	144.0	140	140	280.0	(((36,), (37,)), ((71,), (72,)))	381.62	892	485	0	0	0				Amelia Brey	1763	1763	Packard Humanities Institute (cpebach.org)	Carl Philipp Emanuel Bach	Sonata in F Minor	3	Andantino grazioso	Wq.57/6					2023-07-24		Microsoft Windows			Sonata in F Minor, Wq.57/6	III. Andantino grazioso	Carl Philipp Emanuel Bach	3.6.2	1.2.12	MS3	MS3/wq57n06c.mscx	False	32-89 (Ab1-F6)	https://imslp.org/wiki/Keyboard_Sonata_in_F_minor,_H.173_(Bach,_Carl_Philipp_Emanuel)	https://musicbrainz.org/work/0af2ab1e-5c48-4a1f-ab70-4346b783375e	mxl	https://imslp.org/wiki/Special:ReverseLookup/54294	Anna Yuferova	https://viaf.org/viaf/9293165272355810690008	Harpsichord	51-89 (Eb3-F6)	Harpsichord	32-65 (Ab1-F4)
