mc	mn	quarterbeats	quarterbeats_all_endings	duration_qb	mc_onset	mn_onset	timesig	staff	voice	label	alt_label	globalkey	localkey	pedal	chord	special	numeral	form	figbass	changes	relativeroot	cadence	phraseend	chord_type	globalkey_is_minor	localkey_is_minor	chord_tones	added_tones	root	bass_note
1	1	0	0	1.5	0	0	6/8	2	1	C.I{		C	I		I		I						{	M	0	0	0, 4, 1		0	0
1	1	3/2	3/2	1.0	3/8	3/8	6/8	2	1	ii2		C	I		ii2		ii		2					mm7	0	0	0, 2, -1, 3		2	0
1	1	5/2	5/2	1.5	5/8	5/8	6/8	2	1	I		C	I		I		I							M	0	0	0, 4, 1		0	0
2	2	4	4	0.5	1/4	1/4	6/8	2	1	I6		C	I		I6		I		6					M	0	0	4, 1, 0		0	4
2	2	9/2	9/2	1.0	3/8	3/8	6/8	2	1	ii6		C	I		ii6		ii		6					m	0	0	-1, 3, 2		2	-1
2	2	11/2	11/2	2.0	5/8	5/8	6/8	2	1	I6		C	I		I6		I		6					M	0	0	4, 1, 0		0	4
3	3	15/2	15/2	0.5	3/8	3/8	6/8	2	1	IV(4)		C	I		IV(4)		IV			4				M	0	0	-1, 5, 0		-1	-1
3	3	8	8	1.0	1/2	1/2	6/8	2	1	IV		C	I		IV		IV							M	0	0	-1, 3, 0		-1	-1
4	4	9	9	1.5	0	0	6/8	2	1	ii		C	I		ii		ii							m	0	0	2, -1, 3		2	2
4	4	21/2	21/2	1.0	3/8	3/8	6/8	2	1	V(64)		C	I		V(64)		V			64				M	0	0	1, 0, 4		1	1
4	4	23/2	23/2	0.5	5/8	5/8	6/8	2	1	V|HC}		C	I		V		V					HC	}	M	0	0	1, 5, 2		1	1
5	5	12	12	1.5	0	0	6/8	2	1	I{		C	I		I		I						{	M	0	0	0, 4, 1		0	0
5	5	27/2	27/2	1.0	3/8	3/8	6/8	2	1	ii2		C	I		ii2		ii		2					mm7	0	0	0, 2, -1, 3		2	0
5	5	29/2	29/2	1.5	5/8	5/8	6/8	2	1	I		C	I		I		I							M	0	0	0, 4, 1		0	0
6	6	16	16	0.5	1/4	1/4	6/8	2	1	I6		C	I		I6		I		6					M	0	0	4, 1, 0		0	4
6	6	33/2	33/2	1.0	3/8	3/8	6/8	2	1	ii6		C	I		ii6		ii		6					m	0	0	-1, 3, 2		2	-1
6	6	35/2	35/2	2.0	5/8	5/8	6/8	2	1	I6		C	I		I6		I		6					M	0	0	4, 1, 0		0	4
7	7	39/2	39/2	1.5	3/8	3/8	6/8	2	1	ii6		C	I		ii6		ii		6					m	0	0	-1, 3, 2		2	-1
8	8	21	21	1.0	0	0	6/8	2	1	V(64)		C	I		V(64)		V			64				M	0	0	1, 0, 4		1	1
8	8	22	22	0.5	1/4	1/4	6/8	2	1	V7		C	I		V7		V		7					Mm7	0	0	1, 5, 2, -1		1	1
8	8	45/2	45/2	1.0	3/8	3/8	6/8	2	1	I(74)		C	I		I(74)		I			74				M	0	0	0, -1, 1	5	0	0
8	8	47/2	47/2	0.5	5/8	5/8	6/8	2	1	I|PAC}		C	I		I		I					PAC	}	M	0	0	0, 4, 1		0	0
9	9	24	24	1.5	0	0	6/8	2	1	I{		C	I		I		I						{	M	0	0	0, 4, 1		0	0
9	9	51/2	51/2	1.0	3/8	3/8	6/8	2	1	ii2		C	I		ii2		ii		2					mm7	0	0	0, 2, -1, 3		2	0
9	9	53/2	53/2	1.5	5/8	5/8	6/8	2	1	I		C	I		I		I							M	0	0	0, 4, 1		0	0
10	10	28	28	0.5	1/4	1/4	6/8	2	1	I6		C	I		I6		I		6					M	0	0	4, 1, 0		0	4
10	10	57/2	57/2	1.0	3/8	3/8	6/8	2	1	ii6		C	I		ii6		ii		6					m	0	0	-1, 3, 2		2	-1
10	10	59/2	59/2	2.0	5/8	5/8	6/8	2	1	I6		C	I		I6		I		6					M	0	0	4, 1, 0		0	4
11	11	63/2	63/2	1.5	3/8	3/8	6/8	2	1	IV		C	I		IV		IV							M	0	0	-1, 3, 0		-1	-1
12	12	33	33	1.5	0	0	6/8	2	1	ii6		C	I		ii6		ii		6					m	0	0	-1, 3, 2		2	-1
12	12	69/2	69/2	1.0	3/8	3/8	6/8	2	1	V(4)		C	I		V(4)		V			4				M	0	0	1, 0, 2		1	1
12	12	71/2	71/2	0.5	5/8	5/8	6/8	2	1	V|HC}		C	I		V		V					HC	}	M	0	0	1, 5, 2		1	1
13	13	36	36	1.5	0	0	6/8	2	1	I{		C	I		I		I						{	M	0	0	0, 4, 1		0	0
13	13	75/2	75/2	1.0	3/8	3/8	6/8	2	1	ii2		C	I		ii2		ii		2					mm7	0	0	0, 2, -1, 3		2	0
13	13	77/2	77/2	1.5	5/8	5/8	6/8	2	1	I		C	I		I		I							M	0	0	0, 4, 1		0	0
14	14	40	40	0.5	1/4	1/4	6/8	2	1	I6		C	I		I6		I		6					M	0	0	4, 1, 0		0	4
14	14	81/2	81/2	1.0	3/8	3/8	6/8	2	1	ii6		C	I		ii6		ii		6					m	0	0	-1, 3, 2		2	-1
14	14	83/2	83/2	2.0	5/8	5/8	6/8	2	1	I6		C	I		I6		I		6					M	0	0	4, 1, 0		0	4
15	15	87/2	87/2	1.5	3/8	3/8	6/8	2	1	ii6		C	I		ii6		ii		6					m	0	0	-1, 3, 2		2	-1
16	16	45	45	1.0	0	0	6/8	2	1	V(64)		C	I		V(64)		V			64				M	0	0	1, 0, 4		1	1
16	16	46	46	0.5	1/4	1/4	6/8	2	1	V7		C	I		V7		V		7					Mm7	0	0	1, 5, 2, -1		1	1
16	16	93/2	93/2	1.0	3/8	3/8	6/8	2	1	I(94)		C	I		I(94)		I			94				M	0	0	0, -1, 1	2	0	0
16	16	95/2	95/2	2.0	5/8	5/8	6/8	2	1	I|PAC}		C	I		I		I					PAC	}	M	0	0	0, 4, 1		0	0
17	17	48	48	0.0	0	0	6/8	2	1	{		C	I										{		0	0				
17	17	99/2	99/2	1.5	3/8	3/8	6/8	2	1	V6		C	I		V6		V		6					M	0	0	5, 2, 1		1	5
18	18	51	51	1.5	0	0	6/8	2	1	V.V6		C	V		V6		V		6					M	0	0	5, 2, 1		1	5
18	18	105/2	105/2	3.0	3/8	3/8	6/8	2	1	I		C	V		I		I							M	0	0	0, 4, 1		0	0
19	19	111/2	111/2	1.5	3/8	3/8	6/8	2	1	IV		C	V		IV		IV							M	0	0	-1, 3, 0		-1	-1
20	20	57	57	1.5	0	0	6/8	2	1	ii6		C	V		ii6		ii		6					m	0	0	-1, 3, 2		2	-1
20	20	117/2	117/2	1.0	3/8	3/8	6/8	2	1	V(4)		C	V		V(4)		V			4				M	0	0	1, 0, 2		1	1
20	20	119/2	119/2	0.5	5/8	5/8	6/8	2	1	V|HC}		C	V		V		V					HC	}	M	0	0	1, 5, 2		1	1
21	21	60	60	1.5	0	0	6/8	2	1	I{		C	V		I		I						{	M	0	0	0, 4, 1		0	0
21	21	123/2	123/2	1.0	3/8	3/8	6/8	2	1	ii2		C	V		ii2		ii		2					mm7	0	0	0, 2, -1, 3		2	0
21	21	125/2	125/2	1.5	5/8	5/8	6/8	2	1	I		C	V		I		I							M	0	0	0, 4, 1		0	0
22	22	64	64	0.5	1/4	1/4	6/8	2	1	I6		C	V		I6		I		6					M	0	0	4, 1, 0		0	4
22	22	129/2	129/2	1.0	3/8	3/8	6/8	2	1	ii6		C	V		ii6		ii		6					m	0	0	-1, 3, 2		2	-1
22	22	131/2	131/2	0.5	5/8	5/8	6/8	2	1	I6		C	V		I6		I		6					M	0	0	4, 1, 0		0	4
23	23	66	66	1.5	0	0	6/8	2	1	V6		C	V		V6		V		6					M	0	0	5, 2, 1		1	5
23	23	135/2	135/2	1.5	3/8	3/8	6/8	2	1	I		C	V		I		I							M	0	0	0, 4, 1		0	0
24	24	69	69	0.5	0	0	6/8	2	1	IV		C	V		IV		IV							M	0	0	-1, 3, 0		-1	-1
24	24	139/2	139/2	0.5	1/8	1/8	6/8	2	1	V(64)		C	V		V(64)		V			64				M	0	0	1, 0, 4		1	1
24	24	70	70	0.5	1/4	1/4	6/8	2	1	V		C	V		V		V							M	0	0	1, 5, 2		1	1
24	24	141/2	141/2	1.5	3/8	3/8	6/8	2	1	I|PAC}		C	V		I		I					PAC	}	M	0	0	0, 4, 1		0	0
25	25	72	72	1.5	0	0	6/8	2	1	I.viio6/IV{		C	I		viio6/IV		vii	o	6		IV		{	o	0	0	1, -2, 4		4	1
25	25	147/2	147/2	1.0	3/8	3/8	6/8	2	1	IV6(2)		C	I		IV6(2)		IV		6	2				M	0	0	3, 0, 1		-1	3
25	25	149/2	149/2	0.5	5/8	5/8	6/8	2	1	IV6		C	I		IV6		IV		6					M	0	0	3, 0, -1		-1	3
26	26	75	75	3.0	0	0	6/8	2	1	viio6/V		C	I		viio6/V		vii	o	6		V			o	0	0	3, 0, 6		6	3
27	27	78	78	1.5	0	0	6/8	2	1	V6(2)		C	I		V6(2)		V		6	2				M	0	0	5, 2, 3		1	5
27	27	159/2	159/2	1.5	3/8	3/8	6/8	2	1	V6}		C	I		V6		V		6				}	M	0	0	5, 2, 1		1	5
28	28	81	81	1.5	0	0	6/8	2	1	V/i{		C	I		V/i		V				i		{	M	0	0	1, 5, 2		1	1
28	28	165/2	165/2	1.5	3/8	3/8	6/8	2	1	i/i		C	I		i/i		i				i			m	0	0	0, -3, 1		0	0
29	29	84	84	1.0	0	0	6/8	2	1	i6/i		C	I		i6/i		i		6		i			m	0	0	-3, 1, 0		0	-3
29	29	85	85	0.5	1/4	1/4	6/8	2	1	#viio/iv/i		C	I		#viio/iv/i		#vii	o			iv/i			o	0	0	4, 1, -2		4	4
29	29	171/2	171/2	3.0	3/8	3/8	6/8	2	1	iv/i		C	I		iv/i		iv				i			m	0	0	-1, -4, 0		-1	-1
30	30	177/2	177/2	3.0	3/8	3/8	6/8	2	1	i6		C	I		i6		i		6					m	0	0	-3, 1, 0		0	-3
31	31	183/2	183/2	1.5	3/8	3/8	6/8	2	1	iio/i		C	I		iio/i		ii	o			i			o	0	0	2, -1, -4		2	2
32	32	93	93	1.5	0	0	6/8	2	1	V65/i		C	I		V65/i		V		65		i			Mm7	0	0	5, 2, -1, 1		1	5
32	32	189/2	189/2	1.0	3/8	3/8	6/8	2	1	i(9)/i		C	I		i(9)/i		i			9	i			m	0	0	0, -3, 1	2	0	0
32	32	191/2	191/2	0.5	5/8	5/8	6/8	2	1	i/i		C	I		i/i		i				i			m	0	0	0, -3, 1		0	0
33	33	96	96	1.5	0	0	6/8	2	1	ii%65/i		C	I		ii%65/i		ii	%	65		i			%7	0	0	-1, -4, 0, 2		2	-1
33	33	195/2	195/2	1.0	3/8	3/8	6/8	2	1	V(4)/i		C	I		V(4)/i		V			4	i			M	0	0	1, 0, 2		1	1
33	33	197/2	197/2	0.5	5/8	5/8	6/8	2	1	V/i|HC}		C	I		V/i		V				i	HC	}	M	0	0	1, 5, 2		1	1
34	34	99	99	1.5	0	0	6/8	2	1	I{		C	I		I		I						{	M	0	0	0, 4, 1		0	0
34	34	201/2	201/2	1.0	3/8	3/8	6/8	2	1	ii2		C	I		ii2		ii		2					mm7	0	0	0, 2, -1, 3		2	0
34	34	203/2	203/2	1.5	5/8	5/8	6/8	2	1	I		C	I		I		I							M	0	0	0, 4, 1		0	0
35	35	103	103	0.5	1/4	1/4	6/8	2	1	I6		C	I		I6		I		6					M	0	0	4, 1, 0		0	4
35	35	207/2	207/2	1.0	3/8	3/8	6/8	2	1	ii6		C	I		ii6		ii		6					m	0	0	-1, 3, 2		2	-1
35	35	209/2	209/2	0.5	5/8	5/8	6/8	2	1	I6		C	I		I6		I		6					M	0	0	4, 1, 0		0	4
36	36	105	105	1.0	0	0	6/8	2	1	I		C	I		I		I							M	0	0	0, 4, 1		0	0
36	36	106	106	0.5	1/4	1/4	6/8	2	1	V/vi		C	I		V/vi		V				vi			M	0	0	4, 8, 5		4	4
36	36	213/2	213/2	1.5	3/8	3/8	6/8	2	1	IV+		C	I		IV+		IV	+						+	0	0	-1, 3, 7		-1	-1
37	37	108	108	1.5	0	0	6/8	2	1	ii6		C	I		ii6		ii		6					m	0	0	-1, 3, 2		2	-1
37	37	219/2	219/2	1.0	3/8	3/8	6/8	2	1	V(4)		C	I		V(4)		V			4				M	0	0	1, 0, 2		1	1
37	37	221/2	221/2	0.5	5/8	5/8	6/8	2	1	V|HC}		C	I		V		V					HC	}	M	0	0	1, 5, 2		1	1
38	38	111	111	1.5	0	0	6/8	2	1	I{		C	I		I		I						{	M	0	0	0, 4, 1		0	0
38	38	225/2	225/2	1.0	3/8	3/8	6/8	2	1	ii2		C	I		ii2		ii		2					mm7	0	0	0, 2, -1, 3		2	0
38	38	227/2	227/2	1.5	5/8	5/8	6/8	2	1	I6		C	I		I6		I		6					M	0	0	4, 1, 0		0	4
39	39	115	115	0.5	1/4	1/4	6/8	2	1	I6		C	I		I6		I		6					M	0	0	4, 1, 0		0	4
39	39	231/2	231/2	1.0	3/8	3/8	6/8	2	1	ii6		C	I		ii6		ii		6					m	0	0	-1, 3, 2		2	-1
39	39	233/2	233/2	1.0	5/8	5/8	6/8	2	1	I6}		C	I		I6		I		6				}	M	0	0	4, 1, 0		0	4
40	40	117	117	0.0	0	0	6/8	2	1	{		C	I										{		0	0				
40	40	235/2	235/2	0.5	1/8	1/8	6/8	2	1	viio6		C	I		viio6		vii	o	6					o	0	0	2, -1, 5		5	2
40	40	118	118	0.5	1/4	1/4	6/8	2	1	vi6		C	I		vi6		vi		6					m	0	0	0, 4, 3		3	0
40	40	237/2	237/2	0.5	3/8	3/8	6/8	2	1	V6		C	I		V6		V		6					M	0	0	5, 2, 1		1	5
40	40	119	119	0.5	1/2	1/2	6/8	2	1	IV6		C	I		IV6		IV		6					M	0	0	3, 0, -1		-1	3
40	40	239/2	239/2	0.5	5/8	5/8	6/8	2	1	iii6		C	I		iii6		iii		6					m	0	0	1, 5, 4		4	1
41	41	120	120	0.5	0	0	6/8	2	1	ii6		C	I		ii6		ii		6					m	0	0	-1, 3, 2		2	-1
41	41	241/2	241/2	0.5	1/8	1/8	6/8	2	1	I6		C	I		I6		I		6					M	0	0	4, 1, 0		0	4
41	41	121	121	0.5	1/4	1/4	6/8	2	1	viio6		C	I		viio6		vii	o	6					o	0	0	2, -1, 5		5	2
41	41	243/2	243/2	10.5	3/8	3/8	6/8	2	1	I		C	I		I		I							M	0	0	0, 4, 1		0	0
45	45	132	132	1.0	0	0	6/8	2	1	V(6)		C	I		V(6)		V			6				M	0	0	1, 5, 4		1	1
45	45	133	133	0.5	1/4	1/4	6/8	2	1	V65	viio	C	I		V65		V		65					Mm7	0	0	5, 2, -1, 1		1	5
45	45	267/2	267/2	1.5	3/8	3/8	6/8	2	1	I|IAC}		C	I		I		I					IAC	}	M	0	0	0, 4, 1		0	0
46	46	135	135	1.5	0	0	6/8	2	1	iii.V{		C	iii		V		V						{	M	0	1	1, 5, 2		1	1
46	46	273/2	273/2	1.5	3/8	3/8	6/8	2	1	V2		C	iii		V2		V		2					Mm7	0	1	-1, 1, 5, 2		1	-1
47	47	138	138	3.0	0	0	6/8	2	1	i6		C	iii		i6		i		6					m	0	1	-3, 1, 0		0	-3
48	48	141	141	1.5	0	0	6/8	2	1	V		C	iii		V		V							M	0	1	1, 5, 2		1	1
48	48	285/2	285/2	1.5	3/8	3/8	6/8	2	1	V2		C	iii		V2		V		2					Mm7	0	1	-1, 1, 5, 2		1	-1
49	49	144	144	3.0	0	0	6/8	2	1	i6		C	iii		i6		i		6					m	0	1	-3, 1, 0		0	-3
50	50	147	147	1.5	0	0	6/8	2	1	iv7		C	iii		iv7		iv		7					mm7	0	1	-1, -4, 0, -3		-1	-1
50	50	297/2	297/2	1.5	3/8	3/8	6/8	2	1	V7/III		C	iii		V7/III		V		7		III			Mm7	0	1	-2, 2, -1, -4		-2	-2
51	51	150	150	1.5	0	0	6/8	2	1	IIIM7		C	iii		IIIM7		III	M	7					MM7	0	1	-3, 1, -2, 2		-3	-3
51	51	303/2	303/2	1.5	3/8	3/8	6/8	2	1	VIM7		C	iii		VIM7		VI	M	7					MM7	0	1	-4, 0, -3, 1		-4	-4
52	52	153	153	1.5	0	0	6/8	2	1	ii%7		C	iii		ii%7		ii	%	7					%7	0	1	2, -1, -4, 0		2	2
52	52	309/2	309/2	1.5	3/8	3/8	6/8	2	1	V7		C	iii		V7		V		7					Mm7	0	1	1, 5, 2, -1		1	1
53	53	156	156	1.5	0	0	6/8	2	1	V(64)		C	iii		V(64)		V			64				M	0	1	1, 0, -3		1	1
53	53	315/2	315/2	1.5	3/8	3/8	6/8	2	1	V|HC}		C	iii		V		V					HC	}	M	0	1	1, 5, 2		1	1
54	54	159	159	1.5	0	0	6/8	2	1	i{		C	iii		i		i						{	m	0	1	0, -3, 1		0	0
54	54	321/2	321/2	1.0	3/8	3/8	6/8	2	1	ii%2		C	iii		ii%2		ii	%	2					%7	0	1	0, 2, -1, -4		2	0
54	54	323/2	323/2	1.5	5/8	5/8	6/8	2	1	i		C	iii		i		i							m	0	1	0, -3, 1		0	0
55	55	163	163	0.5	1/4	1/4	6/8	2	1	i6		C	iii		i6		i		6					m	0	1	-3, 1, 0		0	-3
55	55	327/2	327/2	1.0	3/8	3/8	6/8	2	1	iio6		C	iii		iio6		ii	o	6					o	0	1	-1, -4, 2		2	-1
55	55	329/2	329/2	2.0	5/8	5/8	6/8	2	1	i}		C	iii		i		i						}	m	0	1	0, -3, 1		0	0
57	57	333/2	333/2	1.5	0	0	6/8	2	1	I/bII{		C	iii		I/bII		I				bII		{	M	0	1	-5, -1, -4		-5	-5
57	57	168	168	1.0	3/8	3/8	6/8	2	1	ii2/bII		C	iii		ii2/bII		ii		2		bII			mm7	0	1	-5, -3, -6, -2		-3	-5
57	57	169	169	1.5	5/8	5/8	6/8	2	1	I/bII		C	iii		I/bII		I				bII			M	0	1	-5, -1, -4		-5	-5
58	58	341/2	341/2	0.5	1/4	1/4	6/8	2	1	I6/bII		C	iii		I6/bII		I		6		bII			M	0	1	-1, -4, -5		-5	-1
58	58	171	171	1.0	3/8	3/8	6/8	2	1	ii6/bII		C	iii		ii6/bII		ii		6		bII			m	0	1	-6, -2, -3		-3	-6
58	58	172	172	3.5	5/8	5/8	6/8	2	1	I6/bII}		C	iii		I6/bII		I		6		bII		}	M	0	1	-1, -4, -5		-5	-1
60	60	351/2	351/2	1.0	0	0	6/8	2	1	vi.V{		C	vi		V		V						{	M	0	1	1, 5, 2		1	1
60	60	353/2	353/2	0.5	1/4	1/4	6/8	2	1	V7		C	vi		V7		V		7					Mm7	0	1	1, 5, 2, -1		1	1
60	60	177	177	1.5	3/8	3/8	6/8	2	1	i64		C	vi		i64		i		64					m	0	1	1, 0, -3		0	1
61	61	357/2	357/2	1.0	0	0	6/8	2	1	V		C	vi		V		V							M	0	1	1, 5, 2		1	1
61	61	359/2	359/2	0.5	1/4	1/4	6/8	2	1	V7		C	vi		V7		V		7					Mm7	0	1	1, 5, 2, -1		1	1
61	61	180	180	0.5	3/8	3/8	6/8	2	1	i		C	vi		i		i							m	0	1	0, -3, 1		0	0
61	61	361/2	361/2	1.0	1/2	1/2	6/8	2	1	i6		C	vi		i6		i		6					m	0	1	-3, 1, 0		0	-3
62	62	363/2	363/2	0.5	0	0	6/8	2	1	iv		C	vi		iv		iv							m	0	1	-1, -4, 0		-1	-1
62	62	182	182	0.5	1/8	1/8	6/8	2	1	V		C	vi		V		V							M	0	1	1, 5, 2		1	1
62	62	365/2	365/2	0.5	1/4	1/4	6/8	2	1	VI		C	vi		VI		VI							M	0	1	-4, 0, -3		-4	-4
62	62	183	183	0.5	3/8	3/8	6/8	2	1	iv		C	vi		iv		iv							m	0	1	-1, -4, 0		-1	-1
62	62	367/2	367/2	0.5	1/2	1/2	6/8	2	1	#viio6		C	vi		#viio6		#vii	o	6					o	0	1	2, -1, 5		5	2
62	62	184	184	0.5	5/8	5/8	6/8	2	1	i6		C	vi		i6		i		6					m	0	1	-3, 1, 0		0	-3
63	63	369/2	369/2	1.5	0	0	6/8	2	1	#viio7/iv		C	vi		#viio7/iv		#vii	o	7		iv			o7	0	1	4, 1, -2, -5		4	4
63	63	186	186	1.5	3/8	3/8	6/8	2	1	viio6/III		C	vi		viio6/III		vii	o	6		III			o	0	1	-1, -4, 2		2	-1
64	64	375/2	375/2	0.5	0	0	6/8	2	1	iii6		C	vi		iii6		iii		6					m	0	1	-6, -2, -3		-3	-6
64	64	188	188	0.5	1/8	1/8	6/8	2	1	#viio6/iv		C	vi		#viio6/iv		#vii	o	6		iv			o	0	1	1, -2, 4		4	1
64	64	377/2	377/2	0.5	1/4	1/4	6/8	2	1	iv6		C	vi		iv6		iv		6					m	0	1	-4, 0, -1		-1	-4
64	64	189	189	0.5	3/8	3/8	6/8	2	1	viio6/V		C	vi		viio6/V		vii	o	6		V			o	0	1	3, 0, 6		6	3
64	64	379/2	379/2	0.5	1/2	1/2	6/8	2	1	v6		C	vi		v6		v		6					m	0	1	-2, 2, 1		1	-2
64	64	190	190	0.5	5/8	5/8	6/8	2	1	vi6		C	vi		vi6		vi		6					m	0	1	-7, -3, -4		-4	-7
65	65	381/2	381/2	3.0	0	0	6/8	2	1	viio43/V		C	vi		viio43/V		vii	o	43		V			o7	0	1	0, -3, 6, 3		6	0
66	66	387/2	387/2	1.5	0	0	6/8	2	1	viio7/V		C	vi		viio7/V		vii	o	7		V			o7	0	1	6, 3, 0, -3		6	6
66	66	195	195	1.0	3/8	3/8	6/8	2	1	V|HC}		C	vi		V		V					HC	}	M	0	1	1, 5, 2		1	1
66	66	196	196	3.5	5/8	5/8	6/8	2	1	V7		C	vi		V7		V		7					Mm7	0	1	1, 5, 2, -1		1	1
68	68	399/2	399/2	1.5	0	0	6/8	2	1	i{		C	vi		i		i						{	m	0	1	0, -3, 1		0	0
68	68	201	201	1.0	3/8	3/8	6/8	2	1	ii%2		C	vi		ii%2		ii	%	2					%7	0	1	0, 2, -1, -4		2	0
68	68	202	202	1.5	5/8	5/8	6/8	2	1	i		C	vi		i		i							m	0	1	0, -3, 1		0	0
69	69	407/2	407/2	0.5	1/4	1/4	6/8	2	1	i6		C	vi		i6		i		6					m	0	1	-3, 1, 0		0	-3
69	69	204	204	1.0	3/8	3/8	6/8	2	1	iio6		C	vi		iio6		ii	o	6					o	0	1	-1, -4, 2		2	-1
69	69	205	205	2.0	5/8	5/8	6/8	2	1	i6}		C	vi		i6		i		6				}	m	0	1	-3, 1, 0		0	-3
71	71	207	207	1.5	0	0	6/8	2	1	bVII.I{		C	bVII		I		I						{	M	0	0	0, 4, 1		0	0
71	71	417/2	417/2	1.0	3/8	3/8	6/8	2	1	ii2		C	bVII		ii2		ii		2					mm7	0	0	0, 2, -1, 3		2	0
71	71	419/2	419/2	1.5	5/8	5/8	6/8	2	1	I		C	bVII		I		I							M	0	0	0, 4, 1		0	0
72	72	211	211	0.5	1/4	1/4	6/8	2	1	I6		C	bVII		I6		I		6					M	0	0	4, 1, 0		0	4
72	72	423/2	423/2	1.0	3/8	3/8	6/8	2	1	ii6		C	bVII		ii6		ii		6					m	0	0	-1, 3, 2		2	-1
72	72	425/2	425/2	2.0	5/8	5/8	6/8	2	1	I6		C	bVII		I6		I		6					M	0	0	4, 1, 0		0	4
73	73	429/2	429/2	0.5	3/8	3/8	6/8	2	1	IV(4)		C	bVII		IV(4)		IV			4				M	0	0	-1, 5, 0		-1	-1
73	73	215	215	1.0	1/2	1/2	6/8	2	1	IV		C	bVII		IV		IV							M	0	0	-1, 3, 0		-1	-1
74	74	216	216	1.5	0	0	6/8	2	1	ii		C	bVII		ii		ii							m	0	0	2, -1, 3		2	2
74	74	435/2	435/2	1.0	3/8	3/8	6/8	2	1	V(64)		C	bVII		V(64)		V			64				M	0	0	1, 0, 4		1	1
74	74	437/2	437/2	0.5	5/8	5/8	6/8	2	1	V|HC}		C	bVII		V		V					HC	}	M	0	0	1, 5, 2		1	1
75	75	219	219	1.5	0	0	6/8	2	1	I{		C	bVII		I		I						{	M	0	0	0, 4, 1		0	0
75	75	441/2	441/2	1.0	3/8	3/8	6/8	2	1	ii2		C	bVII		ii2		ii		2					mm7	0	0	0, 2, -1, 3		2	0
75	75	443/2	443/2	1.5	5/8	5/8	6/8	2	1	I		C	bVII		I		I							M	0	0	0, 4, 1		0	0
76	76	223	223	0.5	1/4	1/4	6/8	2	1	I6		C	bVII		I6		I		6					M	0	0	4, 1, 0		0	4
76	76	447/2	447/2	1.0	3/8	3/8	6/8	2	1	ii6		C	bVII		ii6		ii		6					m	0	0	-1, 3, 2		2	-1
76	76	449/2	449/2	1.5	5/8	5/8	6/8	2	1	I6		C	bVII		I6		I		6					M	0	0	4, 1, 0		0	4
77	77	226	226	0.5	1/4	1/4	6/8	2	1	I		C	bVII		I		I							M	0	0	0, 4, 1		0	0
77	77	453/2	453/2	1.5	3/8	3/8	6/8	2	1	V6		C	bVII		V6		V		6					M	0	0	5, 2, 1		1	5
78	78	228	228	1.5	0	0	6/8	2	1	vi		C	bVII		vi		vi							m	0	0	3, 0, 4		3	3
78	78	459/2	459/2	1.0	3/8	3/8	6/8	2	1	iii6(6)		C	bVII		iii6(6)		iii		6	6				m	0	0	1, 0, 4		4	1
78	78	461/2	461/2	0.5	5/8	5/8	6/8	2	1	iii6		C	bVII		iii6		iii		6					m	0	0	1, 5, 4		4	1
79	79	231	231	1.5	0	0	6/8	2	1	vi.V7		C	vi		V7		V		7					Mm7	0	1	1, 5, 2, -1		1	1
79	79	465/2	465/2	1.5	3/8	3/8	6/8	2	1	i64		C	vi		i64		i		64					m	0	1	1, 0, -3		0	1
80	80	234	234	1.5	0	0	6/8	2	1	V65		C	vi		V65		V		65					Mm7	0	1	5, 2, -1, 1		1	5
80	80	471/2	471/2	1.5	3/8	3/8	6/8	2	1	i		C	vi		i		i							m	0	1	0, -3, 1		0	0
81	81	237	237	1.5	0	0	6/8	2	1	V2		C	vi		V2		V		2					Mm7	0	1	-1, 1, 5, 2		1	-1
81	81	477/2	477/2	1.5	3/8	3/8	6/8	2	1	i6		C	vi		i6		i		6					m	0	1	-3, 1, 0		0	-3
82	82	240	240	1.5	0	0	6/8	2	1	V43		C	vi		V43		V		43					Mm7	0	1	2, -1, 1, 5		1	2
82	82	483/2	483/2	1.5	3/8	3/8	6/8	2	1	i		C	vi		i		i							m	0	1	0, -3, 1		0	0
83	83	243	243	1.5	0	0	6/8	2	1	V2/V		C	vi		V2/V		V		2		V			Mm7	0	1	0, 2, 6, 3		2	0
83	83	489/2	489/2	1.5	3/8	3/8	6/8	2	1	v6		C	vi		v6		v		6					m	0	1	-2, 2, 1		1	-2
84	84	246	246	1.5	0	0	6/8	2	1	V2/iv		C	vi		V2/iv		V		2		iv			Mm7	0	1	-2, 0, 4, 1		0	-2
84	84	495/2	495/2	1.5	3/8	3/8	6/8	2	1	iv6		C	vi		iv6		iv		6					m	0	1	-4, 0, -1		-1	-4
85	85	249	249	1.5	0	0	6/8	2	1	#viio2		C	vi		#viio2		#vii	o	2					o7	0	1	-4, 5, 2, -1		5	-4
85	85	501/2	501/2	1.5	3/8	3/8	6/8	2	1	i64		C	vi		i64		i		64					m	0	1	1, 0, -3		0	1
86	86	252	252	0.5	0	0	6/8	2	1	iv		C	vi		iv		iv							m	0	1	-1, -4, 0		-1	-1
86	86	505/2	505/2	0.5	1/8	1/8	6/8	2	1	V(64)		C	vi		V(64)		V			64				M	0	1	1, 0, -3		1	1
86	86	253	253	0.5	1/4	1/4	6/8	2	1	V		C	vi		V		V							M	0	1	1, 5, 2		1	1
86	86	507/2	507/2	1.5	3/8	3/8	6/8	2	1	i|PAC}		C	vi		i		i					PAC	}	m	0	1	0, -3, 1		0	0
87	87	255	255	1.5	0	0	6/8	2	1	V65/bII{		C	vi		V65/bII		V		65		bII		{	Mm7	0	1	0, -3, -6, -4		-4	0
87	87	513/2	513/2	1.5	3/8	3/8	6/8	2	1	bII		C	vi		bII		bII							M	0	1	-5, -1, -4		-5	-5
88	88	258	258	1.5	0	0	6/8	2	1	V65/III		C	vi		V65/III		V		65		III			Mm7	0	1	2, -1, -4, -2		-2	2
88	88	519/2	519/2	1.5	3/8	3/8	6/8	2	1	III		C	vi		III		III							M	0	1	-3, 1, -2		-3	-3
89	89	261	261	1.5	0	0	6/8	2	1	V65/iv		C	vi		V65/iv		V		65		iv			Mm7	0	1	4, 1, -2, 0		0	4
89	89	525/2	525/2	1.5	3/8	3/8	6/8	2	1	iv		C	vi		iv		iv							m	0	1	-1, -4, 0		-1	-1
90	90	264	264	1.5	0	0	6/8	2	1	vii%7/III		C	vi		vii%7/III		vii	%	7		III			%7	0	1	2, -1, -4, 0		2	2
90	90	531/2	531/2	0.5	3/8	3/8	6/8	2	1	III(94)		C	vi		III(94)		III			94				M	0	1	-3, -4, -2	-1	-3	-3
90	90	266	266	1.0	1/2	1/2	6/8	2	1	III|IAC}		C	vi		III		III					IAC	}	M	0	1	-3, 1, -2		-3	-3
91	91	267	267	1.5	0	0	6/8	2	1	I.I{		C	I		I		I						{	M	0	0	0, 4, 1		0	0
91	91	537/2	537/2	1.0	3/8	3/8	6/8	2	1	ii2		C	I		ii2		ii		2					mm7	0	0	0, 2, -1, 3		2	0
91	91	539/2	539/2	1.5	5/8	5/8	6/8	2	1	I		C	I		I		I							M	0	0	0, 4, 1		0	0
92	92	271	271	0.5	1/4	1/4	6/8	2	1	I6		C	I		I6		I		6					M	0	0	4, 1, 0		0	4
92	92	543/2	543/2	1.0	3/8	3/8	6/8	2	1	ii6		C	I		ii6		ii		6					m	0	0	-1, 3, 2		2	-1
92	92	545/2	545/2	2.0	5/8	5/8	6/8	2	1	I6		C	I		I6		I		6					M	0	0	4, 1, 0		0	4
93	93	549/2	549/2	0.5	3/8	3/8	6/8	2	1	IV(4)		C	I		IV(4)		IV			4				M	0	0	-1, 5, 0		-1	-1
93	93	275	275	1.0	1/2	1/2	6/8	2	1	IV		C	I		IV		IV							M	0	0	-1, 3, 0		-1	-1
94	94	276	276	1.5	0	0	6/8	2	1	ii		C	I		ii		ii							m	0	0	2, -1, 3		2	2
94	94	555/2	555/2	1.0	3/8	3/8	6/8	2	1	V(64)		C	I		V(64)		V			64				M	0	0	1, 0, 4		1	1
94	94	557/2	557/2	0.5	5/8	5/8	6/8	2	1	V|HC}		C	I		V		V					HC	}	M	0	0	1, 5, 2		1	1
95	95	279	279	1.5	0	0	6/8	2	1	I{		C	I		I		I						{	M	0	0	0, 4, 1		0	0
95	95	561/2	561/2	1.0	3/8	3/8	6/8	2	1	ii2		C	I		ii2		ii		2					mm7	0	0	0, 2, -1, 3		2	0
95	95	563/2	563/2	1.5	5/8	5/8	6/8	2	1	I		C	I		I		I							M	0	0	0, 4, 1		0	0
96	96	283	283	0.5	1/4	1/4	6/8	2	1	I6		C	I		I6		I		6					M	0	0	4, 1, 0		0	4
96	96	567/2	567/2	1.0	3/8	3/8	6/8	2	1	ii6		C	I		ii6		ii		6					m	0	0	-1, 3, 2		2	-1
96	96	569/2	569/2	2.0	5/8	5/8	6/8	2	1	I6		C	I		I6		I		6					M	0	0	4, 1, 0		0	4
97	97	573/2	573/2	1.5	3/8	3/8	6/8	2	1	ii6		C	I		ii6		ii		6					m	0	0	-1, 3, 2		2	-1
98	98	288	288	1.5	0	0	6/8	2	1	I6		C	I		I6		I		6					M	0	0	4, 1, 0		0	4
98	98	579/2	579/2	7.5	3/8	3/8	6/8	2	1	ii		C	I		ii		ii							m	0	0	2, -1, 3		2	2
101	101	297	297	1.5	0	0	6/8	2	1	viio6(2)		C	I		viio6(2)		vii	o	6	2				o	0	0	2, -1, 0		5	2
101	101	597/2	597/2	1.5	3/8	3/8	6/8	2	1	viio6}		C	I		viio6		vii	o	6				}	o	0	0	2, -1, 5		5	2
102	102	300	300	1.5	0	0	6/8	2	1	V65{		C	I		V65		V		65				{	Mm7	0	0	5, 2, -1, 1		1	5
102	102	603/2	603/2	1.0	3/8	3/8	6/8	2	1	I		C	I		I		I							M	0	0	0, 4, 1		0	0
102	102	605/2	605/2	0.5	5/8	5/8	6/8	2	1	V7/IV		C	I		V7/IV		V		7		IV			Mm7	0	0	0, 4, 1, -2		0	0
103	103	303	303	1.5	0	0	6/8	2	1	IV		C	I		IV		IV							M	0	0	-1, 3, 0		-1	-1
103	103	609/2	609/2	1.5	3/8	3/8	6/8	2	1	V65/V		C	I		V65/V		V		65		V			Mm7	0	0	6, 3, 0, 2		2	6
104	104	306	306	1.0	0	0	6/8	2	1	V|HC}{		C	I		V		V					HC	}{	M	0	0	1, 5, 2		1	1
104	104	307	307	0.5	1/4	1/4	6/8	2	1	V2		C	I		V2		V		2					Mm7	0	0	-1, 1, 5, 2		1	-1
104	104	615/2	615/2	0.5	3/8	3/8	6/8	2	1	I6		C	I		I6		I		6					M	0	0	4, 1, 0		0	4
104	104	308	308	0.5	1/2	1/2	6/8	2	1	viio6		C	I		viio6		vii	o	6					o	0	0	2, -1, 5		5	2
104	104	617/2	617/2	0.5	5/8	5/8	6/8	2	1	I		C	I		I		I							M	0	0	0, 4, 1		0	0
105	105	309	309	1.0	0	0	6/8	2	1	V		C	I		V		V							M	0	0	1, 5, 2		1	1
105	105	310	310	0.5	1/4	1/4	6/8	2	1	V2		C	I		V2		V		2					Mm7	0	0	-1, 1, 5, 2		1	-1
105	105	621/2	621/2	0.5	3/8	3/8	6/8	2	1	I6		C	I		I6		I		6					M	0	0	4, 1, 0		0	4
105	105	311	311	0.5	1/2	1/2	6/8	2	1	viio6	ii	C	I		viio6		vii	o	6					o	0	0	2, -1, 5		5	2
105	105	623/2	623/2	3.5	5/8	5/8	6/8	2	1	I}		C	I		I		I						}	M	0	0	0, 4, 1		0	0
107	107	315	315	1.5	0	0	6/8	2	1	III.I{		C	III		I		I						{	M	0	0	0, 4, 1		0	0
107	107	633/2	633/2	1.0	3/8	3/8	6/8	2	1	ii2		C	III		ii2		ii		2					mm7	0	0	0, 2, -1, 3		2	0
107	107	635/2	635/2	1.5	5/8	5/8	6/8	2	1	I		C	III		I		I							M	0	0	0, 4, 1		0	0
108	108	319	319	0.5	1/4	1/4	6/8	2	1	I6		C	III		I6		I		6					M	0	0	4, 1, 0		0	4
108	108	639/2	639/2	1.0	3/8	3/8	6/8	2	1	ii6		C	III		ii6		ii		6					m	0	0	-1, 3, 2		2	-1
108	108	641/2	641/2	0.5	5/8	5/8	6/8	2	1	I6		C	III		I6		I		6					M	0	0	4, 1, 0		0	4
109	109	321	321	1.5	0	0	6/8	2	1	ii6		C	III		ii6		ii		6					m	0	0	-1, 3, 2		2	-1
109	109	645/2	645/2	1.5	3/8	3/8	6/8	2	1	I6		C	III		I6		I		6					M	0	0	4, 1, 0		0	4
110	110	324	324	1.5	0	0	6/8	2	1	viio6		C	III		viio6		vii	o	6					o	0	0	2, -1, 5		5	2
110	110	651/2	651/2	1.5	3/8	3/8	6/8	2	1	vi6		C	III		vi6		vi		6					m	0	0	0, 4, 3		3	0
111	111	327	327	3.0	0	0	6/8	2	1	V6		C	III		V6		V		6					M	0	0	5, 2, 1		1	5
112	112	330	330	1.0	0	0	6/8	2	1	ii7(4)		C	III		ii7(4)		ii		7	4				mm7	0	0	2, 1, 3, 0		2	2
112	112	331	331	0.5	1/4	1/4	6/8	2	1	viio6/V		C	III		viio6/V		vii	o	6		V			o	0	0	3, 0, 6		6	3
112	112	663/2	663/2	1.5	3/8	3/8	6/8	2	1	V|HC}		C	III		V		V					HC	}	M	0	0	1, 5, 2		1	1
113	113	333	333	1.5	0	0	6/8	2	1	I{		C	III		I		I						{	M	0	0	0, 4, 1		0	0
113	113	669/2	669/2	1.0	3/8	3/8	6/8	2	1	ii2		C	III		ii2		ii		2					mm7	0	0	0, 2, -1, 3		2	0
113	113	671/2	671/2	1.5	5/8	5/8	6/8	2	1	I		C	III		I		I							M	0	0	0, 4, 1		0	0
114	114	337	337	0.5	1/4	1/4	6/8	2	1	I6		C	III		I6		I		6					M	0	0	4, 1, 0		0	4
114	114	675/2	675/2	1.0	3/8	3/8	6/8	2	1	ii6		C	III		ii6		ii		6					m	0	0	-1, 3, 2		2	-1
114	114	677/2	677/2	2.0	5/8	5/8	6/8	2	1	I6		C	III		I6		I		6					M	0	0	4, 1, 0		0	4
115	115	681/2	681/2	1.5	3/8	3/8	6/8	2	1	IV		C	III		IV		IV							M	0	0	-1, 3, 0		-1	-1
116	116	342	342	1.5	0	0	6/8	2	1	ii6		C	III		ii6		ii		6					m	0	0	-1, 3, 2		2	-1
116	116	687/2	687/2	1.5	3/8	3/8	6/8	2	1	V		C	III		V		V							M	0	0	1, 5, 2		1	1
117	117	345	345	1.5	0	0	6/8	2	1	V2		C	III		V2		V		2					Mm7	0	0	-1, 1, 5, 2		1	-1
117	117	693/2	693/2	1.5	3/8	3/8	6/8	2	1	I6		C	III		I6		I		6					M	0	0	4, 1, 0		0	4
118	118	348	348	1.5	0	0	6/8	2	1	V6	V65	C	III		V6		V		6					M	0	0	5, 2, 1		1	5
118	118	699/2	699/2	1.5	3/8	3/8	6/8	2	1	I		C	III		I		I							M	0	0	0, 4, 1		0	0
119	119	351	351	1.5	0	0	6/8	2	1	V2		C	III		V2		V		2					Mm7	0	0	-1, 1, 5, 2		1	-1
119	119	705/2	705/2	1.0	3/8	3/8	6/8	2	1	I6		C	III		I6		I		6					M	0	0	4, 1, 0		0	4
119	119	707/2	707/2	0.5	5/8	5/8	6/8	2	1	viio6	ii	C	III		viio6		vii	o	6					o	0	0	2, -1, 5		5	2
120	120	354	354	0.5	0	0	6/8	2	1	I		C	III		I		I							M	0	0	0, 4, 1		0	0
120	120	709/2	709/2	0.5	1/8	1/8	6/8	2	1	viio		C	III		viio		vii	o						o	0	0	5, 2, -1		5	5
120	120	355	355	0.5	1/4	1/4	6/8	2	1	IV6		C	III		IV6		IV		6					M	0	0	3, 0, -1		-1	3
120	120	711/2	711/2	0.5	3/8	3/8	6/8	2	1	V6/vi		C	III		V6/vi		V		6		vi			M	0	0	8, 5, 4		4	8
120	120	356	356	0.5	1/2	1/2	6/8	2	1	#viio6/vi		C	III		#viio6/vi		#vii	o	6		vi			o	0	0	5, 2, 8		8	5
120	120	713/2	713/2	0.5	5/8	5/8	6/8	2	1	vi		C	III		vi		vi							m	0	0	3, 0, 4		3	3
121	121	357	357	0.5	0	0	6/8	2	1	iii6		C	III		iii6		iii		6					m	0	0	1, 5, 4		4	1
121	121	715/2	715/2	0.5	1/8	1/8	6/8	2	1	V6/V		C	III		V6/V		V		6		V			M	0	0	6, 3, 2		2	6
121	121	358	358	0.5	1/4	1/4	6/8	2	1	V7/V		C	III		V7/V		V		7		V			Mm7	0	0	2, 6, 3, 0		2	2
121	121	717/2	717/2	1.0	3/8	3/8	6/8	2	1	V(4)		C	III		V(4)		V			4				M	0	0	1, 0, 2		1	1
121	121	719/2	719/2	0.5	5/8	5/8	6/8	2	1	V|HC}		C	III		V		V					HC	}	M	0	0	1, 5, 2		1	1
122	122	360	360	3.0	0	0	6/8	2	1	It6{		C	III		It6	It	vii	o	6	b3	V		{	It	0	0	-4, 0, 6		6	-4
123	123	363	363	3.0	0	0	6/8	2	1	i64		C	III		i64		i		64					m	0	0	1, 0, -3		0	1
124	124	366	366	3.0	0	0	6/8	2	1	I.V65		C	I		V65		V		65					Mm7	0	0	5, 2, -1, 1		1	5
125	125	369	369	3.0	0	0	6/8	2	1	V2/IV		C	I		V2/IV		V		2		IV			Mm7	0	0	-2, 0, 4, 1		0	-2
126	126	372	372	3.0	0	0	6/8	2	1	V7/ii}{		C	I		V7/ii		V		7		ii		}{	Mm7	0	0	3, 7, 4, 1		3	3
127	127	375	375	3.0	0	0	6/8	2	1	ii64		C	I		ii64		ii		64					m	0	0	3, 2, -1		2	3
128	128	378	378	3.0	0	0	6/8	2	1	V7		C	I		V7		V		7					Mm7	0	0	1, 5, 2, -1		1	1
129	129	381	381	3.0	0	0	6/8	2	1	I64		C	I		I64		I		64					M	0	0	1, 0, 4		0	1
130	130	384	384	1.5	0	0	6/8	2	1	IV		C	I		IV		IV							M	0	0	-1, 3, 0		-1	-1
130	130	771/2	771/2	1.5	3/8	3/8	6/8	2	1	V65/IV		C	I		V65/IV		V		65		IV			Mm7	0	0	4, 1, -2, 0		0	4
131	131	387	387	1.5	0	0	6/8	2	1	IV		C	I		IV		IV							M	0	0	-1, 3, 0		-1	-1
131	131	777/2	777/2	1.5	3/8	3/8	6/8	2	1	V64/IV		C	I		V64/IV		V		64		IV			M	0	0	1, 0, 4		0	1
132	132	390	390	7.5	0	0	6/8	2	1	ii6		C	I		ii6		ii		6					m	0	0	-1, 3, 2		2	-1
134	134	795/2	795/2	1.5	3/8	3/8	6/8	2	1	viio6(2)		C	I		viio6(2)		vii	o	6	2				o	0	0	2, -1, 0		5	2
134	134	399	399	1.5	3/4	3/4	6/8	2	1	viio6		C	I		viio6		vii	o	6					o	0	0	2, -1, 5		5	2
134	134	801/2	801/2	3.0	9/8	9/8	6/8	2	1	viio2}		C	I		viio2		vii	o	2				}	o7	0	0	-4, 5, 2, -1		5	-4
135	135	807/2	807/2	1.5	0	0	6/8	2	1	viio65{		C	I		viio65		vii	o	65				{	o7	0	0	2, -1, -4, 5		5	2
135	135	405	405	1.5	3/8	3/8	6/8	2	1	viio43		C	I		viio43		vii	o	43					o7	0	0	-1, -4, 5, 2		5	-1
136	136	813/2	813/2	0.5	0	0	6/8	2	1	viio2		C	I		viio2		vii	o	2					o7	0	0	-4, 5, 2, -1		5	-4
136	136	407	407	0.5	1/8	1/8	6/8	2	1	V7		C	I		V7		V		7					Mm7	0	0	1, 5, 2, -1		1	1
136	136	815/2	815/2	0.5	1/4	1/4	6/8	2	1	V2		C	I		V2		V		2					Mm7	0	0	-1, 1, 5, 2		1	-1
136	136	408	408	0.5	3/8	3/8	6/8	2	1	I6		C	I		I6		I		6					M	0	0	4, 1, 0		0	4
136	136	817/2	817/2	0.5	1/2	1/2	6/8	2	1	V43		C	I		V43		V		43					Mm7	0	0	2, -1, 1, 5		1	2
136	136	409	409	0.5	5/8	5/8	6/8	2	1	I		C	I		I		I							M	0	0	0, 4, 1		0	0
137	137	819/2	819/2	0.5	0	0	6/8	2	1	V2/IV		C	I		V2/IV		V		2		IV			Mm7	0	0	-2, 0, 4, 1		0	-2
137	137	410	410	0.5	1/8	1/8	6/8	2	1	IV6		C	I		IV6		IV		6					M	0	0	3, 0, -1		-1	3
137	137	821/2	821/2	0.5	1/4	1/4	6/8	2	1	V2/V		C	I		V2/V		V		2		V			Mm7	0	0	0, 2, 6, 3		2	0
137	137	411	411	0.5	3/8	3/8	6/8	2	1	V6		C	I		V6		V		6					M	0	0	5, 2, 1		1	5
137	137	823/2	823/2	0.5	1/2	1/2	6/8	2	1	V2/vi		C	I		V2/vi		V		2		vi			Mm7	0	0	2, 4, 8, 5		4	2
137	137	412	412	0.5	5/8	5/8	6/8	2	1	vi6		C	I		vi6		vi		6					m	0	0	0, 4, 3		3	0
138	138	825/2	825/2	0.5	0	0	6/8	2	1	V2/bVII		C	I		V2/bVII		V		2		bVII			Mm7	0	0	-3, -1, 3, 0		-1	-3
138	138	413	413	0.5	1/8	1/8	6/8	2	1	bVII6		C	I		bVII6		bVII		6					M	0	0	2, -1, -2		-2	2
138	138	827/2	827/2	0.5	1/4	1/4	6/8	2	1	V2		C	I		V2		V		2					Mm7	0	0	-1, 1, 5, 2		1	-1
138	138	414	414	0.5	3/8	3/8	6/8	2	1	I6		C	I		I6		I		6					M	0	0	4, 1, 0		0	4
138	138	829/2	829/2	0.5	1/2	1/2	6/8	2	1	V2/ii		C	I		V2/ii		V		2		ii			Mm7	0	0	1, 3, 7, 4		3	1
138	138	415	415	0.5	5/8	5/8	6/8	2	1	II6		C	I		II6		II		6					M	0	0	6, 3, 2		2	6
139	139	831/2	831/2	0.5	0	0	6/8	2	1	V2/iii		C	I		V2/iii		V		2		iii			Mm7	0	0	3, 5, 9, 6		5	3
139	139	416	416	0.5	1/8	1/8	6/8	2	1	iii6		C	I		iii6		iii		6					m	0	0	1, 5, 4		4	1
139	139	833/2	833/2	0.5	1/4	1/4	6/8	2	1	V2/IV		C	I		V2/IV		V		2		IV			Mm7	0	0	-2, 0, 4, 1		0	-2
139	139	417	417	0.5	3/8	3/8	6/8	2	1	IV6		C	I		IV6		IV		6					M	0	0	3, 0, -1		-1	3
139	139	835/2	835/2	1.0	1/2	1/2	6/8	2	1	V65|HC}		C	I		V65		V		65			HC	}	Mm7	0	0	5, 2, -1, 1		1	5
140	140	837/2	837/2	1.5	0	0	6/8	2	1	I{		C	I		I		I						{	M	0	0	0, 4, 1		0	0
140	140	420	420	1.0	3/8	3/8	6/8	2	1	ii2		C	I		ii2		ii		2					mm7	0	0	0, 2, -1, 3		2	0
140	140	421	421	1.5	5/8	5/8	6/8	2	1	I		C	I		I		I							M	0	0	0, 4, 1		0	0
141	141	845/2	845/2	0.5	1/4	1/4	6/8	2	1	I6		C	I		I6		I		6					M	0	0	4, 1, 0		0	4
141	141	423	423	1.0	3/8	3/8	6/8	2	1	ii6		C	I		ii6		ii		6					m	0	0	-1, 3, 2		2	-1
141	141	424	424	2.0	5/8	5/8	6/8	2	1	I6		C	I		I6		I		6					M	0	0	4, 1, 0		0	4
142	142	426	426	1.5	3/8	3/8	6/8	2	1	IV		C	I		IV		IV							M	0	0	-1, 3, 0		-1	-1
143	143	855/2	855/2	1.5	0	0	6/8	2	1	ii		C	I		ii		ii							m	0	0	2, -1, 3		2	2
143	143	429	429	1.0	3/8	3/8	6/8	2	1	V(4)		C	I		V(4)		V			4				M	0	0	1, 0, 2		1	1
143	143	430	430	0.5	5/8	5/8	6/8	2	1	V|HC}		C	I		V		V					HC	}	M	0	0	1, 5, 2		1	1
144	144	861/2	861/2	1.5	0	0	6/8	2	1	I{		C	I		I		I						{	M	0	0	0, 4, 1		0	0
144	144	432	432	1.0	3/8	3/8	6/8	2	1	ii2		C	I		ii2		ii		2					mm7	0	0	0, 2, -1, 3		2	0
144	144	433	433	1.5	5/8	5/8	6/8	2	1	I		C	I		I		I							M	0	0	0, 4, 1		0	0
145	145	869/2	869/2	0.5	1/4	1/4	6/8	2	1	I6		C	I		I6		I		6					M	0	0	4, 1, 0		0	4
145	145	435	435	1.0	3/8	3/8	6/8	2	1	ii6		C	I		ii6		ii		6					m	0	0	-1, 3, 2		2	-1
145	145	436	436	2.0	5/8	5/8	6/8	2	1	I6		C	I		I6		I		6					M	0	0	4, 1, 0		0	4
146	146	438	438	0.5	3/8	3/8	6/8	2	1	IV(4)		C	I		IV(4)		IV			4				M	0	0	-1, 5, 0		-1	-1
146	146	877/2	877/2	1.0	1/2	1/2	6/8	2	1	IV		C	I		IV		IV							M	0	0	-1, 3, 0		-1	-1
147	147	879/2	879/2	1.5	0	0	6/8	2	1	ii		C	I		ii		ii							m	0	0	2, -1, 3		2	2
147	147	441	441	0.5	3/8	3/8	6/8	2	1	V(4)		C	I		V(4)		V			4				M	0	0	1, 0, 2		1	1
147	147	883/2	883/2	1.0	1/2	1/2	6/8	2	1	V		C	I		V		V							M	0	0	1, 5, 2		1	1
148	148	885/2	885/2	1.5	0	0	6/8	2	1	iii		C	I		iii		iii							m	0	0	4, 1, 5		4	4
148	148	444	444	0.5	3/8	3/8	6/8	2	1	vi(4)		C	I		vi(4)		vi			4				m	0	0	3, 2, 4		3	3
148	148	889/2	889/2	1.0	1/2	1/2	6/8	2	1	vi		C	I		vi		vi							m	0	0	3, 0, 4		3	3
149	149	891/2	891/2	1.5	0	0	6/8	2	1	viio6/V		C	I		viio6/V		vii	o	6		V			o	0	0	3, 0, 6		6	3
149	149	447	447	0.5	3/8	3/8	6/8	2	1	V6}{		C	I		V6		V		6				}{	M	0	0	5, 2, 1		1	5
149	149	895/2	895/2	0.5	1/2	1/2	6/8	2	1	viio6(2)/V		C	I		viio6(2)/V		vii	o	6	2	V			o	0	0	3, 0, 1		6	3
149	149	448	448	0.5	5/8	5/8	6/8	2	1	V		C	I		V		V							M	0	0	1, 5, 2		1	1
150	150	897/2	897/2	1.5	0	0	6/8	2	1	V2		C	I		V2		V		2					Mm7	0	0	-1, 1, 5, 2		1	-1
150	150	450	450	0.5	3/8	3/8	6/8	2	1	I6		C	I		I6		I		6					M	0	0	4, 1, 0		0	4
150	150	901/2	901/2	0.5	1/2	1/2	6/8	2	1	V43		C	I		V43		V		43					Mm7	0	0	2, -1, 1, 5		1	2
150	150	451	451	0.5	5/8	5/8	6/8	2	1	I		C	I		I		I							M	0	0	0, 4, 1		0	0
151	151	903/2	903/2	1.5	0	0	6/8	2	1	V65		C	I		V65		V		65					Mm7	0	0	5, 2, -1, 1		1	5
151	151	453	453	1.5	3/8	3/8	6/8	2	1	I		C	I		I		I							M	0	0	0, 4, 1		0	0
152	152	909/2	909/2	1.5	0	0	6/8	2	1	V2		C	I		V2		V		2					Mm7	0	0	-1, 1, 5, 2		1	-1
152	152	456	456	1.5	3/8	3/8	6/8	2	1	I6		C	I		I6		I		6					M	0	0	4, 1, 0		0	4
153	153	915/2	915/2	1.5	0	0	6/8	2	1	V43		C	I		V43		V		43					Mm7	0	0	2, -1, 1, 5		1	2
153	153	459	459	1.5	3/8	3/8	6/8	2	1	I		C	I		I		I							M	0	0	0, 4, 1		0	0
154	154	921/2	921/2	1.5	0	0	6/8	2	1	V2/ii		C	I		V2/ii		V		2		ii			Mm7	0	0	1, 3, 7, 4		3	1
154	154	462	462	1.5	3/8	3/8	6/8	2	1	ii6		C	I		ii6		ii		6					m	0	0	-1, 3, 2		2	-1
155	155	927/2	927/2	1.5	0	0	6/8	2	1	V2		C	I		V2		V		2					Mm7	0	0	-1, 1, 5, 2		1	-1
155	155	465	465	1.5	3/8	3/8	6/8	2	1	I6		C	I		I6		I		6					M	0	0	4, 1, 0		0	4
156	156	933/2	933/2	1.5	0	0	6/8	2	1	V7/V		C	I		V7/V		V		7		V			Mm7	0	0	2, 6, 3, 0		2	2
156	156	468	468	1.5	3/8	3/8	6/8	2	1	V7		C	I		V7		V		7					Mm7	0	0	1, 5, 2, -1		1	1
157	157	939/2	939/2	0.5	0	0	6/8	2	1	I		C	I		I		I							M	0	0	0, 4, 1		0	0
157	157	470	470	1.0	1/8	1/8	6/8	2	1	V		C	I		V		V							M	0	0	1, 5, 2		1	1
157	157	471	471	1.5	3/8	3/8	6/8	2	1	I|PAC}		C	I		I		I					PAC	}	M	0	0	0, 4, 1		0	0
158	158	945/2	945/2	1.5	0	0	6/8	2	1	V/i{		C	I		V/i		V				i		{	M	0	0	1, 5, 2		1	1
158	158	474	474	1.5	3/8	3/8	6/8	2	1	i/i		C	I		i/i		i				i			m	0	0	0, -3, 1		0	0
159	159	951/2	951/2	1.0	0	0	6/8	2	1	i6/i		C	I		i6/i		i		6		i			m	0	0	-3, 1, 0		0	-3
159	159	953/2	953/2	0.5	1/4	1/4	6/8	2	1	#viio/iv/i		C	I		#viio/iv/i		#vii	o			iv/i			o	0	0	4, 1, -2		4	4
159	159	477	477	3.0	3/8	3/8	6/8	2	1	iv/i		C	I		iv/i		iv				i			m	0	0	-1, -4, 0		-1	-1
160	160	480	480	3.0	3/8	3/8	6/8	2	1	i6		C	I		i6		i		6					m	0	0	-3, 1, 0		0	-3
161	161	483	483	1.5	3/8	3/8	6/8	2	1	iio/i		C	I		iio/i		ii	o			i			o	0	0	2, -1, -4		2	2
162	162	969/2	969/2	1.5	0	0	6/8	2	1	V65/i		C	I		V65/i		V		65		i			Mm7	0	0	5, 2, -1, 1		1	5
162	162	486	486	1.0	3/8	3/8	6/8	2	1	i(9)/i		C	I		i(9)/i		i			9	i			m	0	0	0, -3, 1	2	0	0
162	162	487	487	0.5	5/8	5/8	6/8	2	1	i/i		C	I		i/i		i				i			m	0	0	0, -3, 1		0	0
163	163	975/2	975/2	1.5	0	0	6/8	2	1	ii%65/i		C	I		ii%65/i		ii	%	65		i			%7	0	0	-1, -4, 0, 2		2	-1
163	163	489	489	1.0	3/8	3/8	6/8	2	1	V(4)/i		C	I		V(4)/i		V			4	i			M	0	0	1, 0, 2		1	1
163	163	490	490	0.5	5/8	5/8	6/8	2	1	V/i|HC}		C	I		V/i		V				i	HC	}	M	0	0	1, 5, 2		1	1
164	164	981/2	981/2	1.5	0	0	6/8	2	1	I{		C	I		I		I						{	M	0	0	0, 4, 1		0	0
164	164	492	492	1.0	3/8	3/8	6/8	2	1	ii2		C	I		ii2		ii		2					mm7	0	0	0, 2, -1, 3		2	0
164	164	493	493	1.5	5/8	5/8	6/8	2	1	I		C	I		I		I							M	0	0	0, 4, 1		0	0
165	165	989/2	989/2	2.0	1/4	1/4	6/8	2	1	I6}		C	I		I6		I		6				}	M	0	0	4, 1, 0		0	4
165	165	1983/4	1983/4	0.0	9/16	9/16	6/8	2	1	{		C	I										{		0	0				
166	166	993/2	993/2	0.75	0	0	6/8	2	1	ii6		C	I		ii6		ii		6					m	0	0	-1, 3, 2		2	-1
166	166	1989/4	1989/4	0.75	3/16	3/16	6/8	2	1	iii6		C	I		iii6		iii		6					m	0	0	1, 5, 4		4	1
166	166	498	498	0.75	3/8	3/8	6/8	2	1	IV6		C	I		IV6		IV		6					M	0	0	3, 0, -1		-1	3
166	166	1995/4	1995/4	0.75	9/16	9/16	6/8	2	1	V6		C	I		V6		V		6					M	0	0	5, 2, 1		1	5
167	167	999/2	999/2	0.75	0	0	6/8	2	1	vi6		C	I		vi6		vi		6					m	0	0	0, 4, 3		3	0
167	167	2001/4	2001/4	0.75	3/16	3/16	6/8	2	1	viio6		C	I		viio6		vii	o	6					o	0	0	2, -1, 5		5	2
167	167	501	501	0.75	3/8	3/8	6/8	2	1	I6		C	I		I6		I		6					M	0	0	4, 1, 0		0	4
167	167	2007/4	2007/4	0.75	9/16	9/16	6/8	2	1	ii6		C	I		ii6		ii		6					m	0	0	-1, 3, 2		2	-1
168	168	1005/2	1005/2	0.5	0	0	6/8	2	1	V		C	I		V		V							M	0	0	1, 5, 2		1	1
168	168	503	503	0.5	1/8	1/8	6/8	2	1	vi		C	I		vi		vi							m	0	0	3, 0, 4		3	3
168	168	1007/2	1007/2	0.5	1/4	1/4	6/8	2	1	viio		C	I		viio		vii	o						o	0	0	5, 2, -1		5	5
168	168	504	504	0.5	3/8	3/8	6/8	2	1	I		C	I		I		I							M	0	0	0, 4, 1		0	0
168	168	1009/2	1009/2	1.0	1/2	1/2	6/8	2	1	ii	viio6	C	I		ii		ii							m	0	0	2, -1, 3		2	2
169	169	1011/2	1011/2	0.5	0	0	6/8	2	1	vi		C	I		vi		vi							m	0	0	3, 0, 4		3	3
169	169	506	506	0.5	1/8	1/8	6/8	2	1	viio		C	I		viio		vii	o						o	0	0	5, 2, -1		5	5
169	169	1013/2	1013/2	0.5	1/4	1/4	6/8	2	1	I		C	I		I		I							M	0	0	0, 4, 1		0	0
169	169	507	507	1.0	3/8	3/8	6/8	2	1	ii	viio6	C	I		ii		ii							m	0	0	2, -1, 3		2	2
169	169	508	508	0.5	5/8	5/8	6/8	2	1	I		C	I		I		I							M	0	0	0, 4, 1		0	0
170	170	1017/2	1017/2	3.0	0	0	6/8	2	1	ii}	viio6}	C	I		ii		ii						}	m	0	0	2, -1, 3		2	2
171	171	1023/2	1023/2	0.5	0	0	6/8	2	1	I6{		C	I		I6		I		6				{	M	0	0	4, 1, 0		0	4
171	171	512	512	0.5	1/8	1/8	6/8	2	1	viio6		C	I		viio6		vii	o	6					o	0	0	2, -1, 5		5	2
171	171	1025/2	1025/2	0.5	1/4	1/4	6/8	2	1	vi6		C	I		vi6		vi		6					m	0	0	0, 4, 3		3	0
171	171	513	513	0.5	3/8	3/8	6/8	2	1	V6		C	I		V6		V		6					M	0	0	5, 2, 1		1	5
171	171	1027/2	1027/2	0.5	1/2	1/2	6/8	2	1	IV6		C	I		IV6		IV		6					M	0	0	3, 0, -1		-1	3
171	171	514	514	0.5	5/8	5/8	6/8	2	1	iii6		C	I		iii6		iii		6					m	0	0	1, 5, 4		4	1
172	172	1029/2	1029/2	0.5	0	0	6/8	2	1	ii6		C	I		ii6		ii		6					m	0	0	-1, 3, 2		2	-1
172	172	515	515	0.5	1/8	1/8	6/8	2	1	I6		C	I		I6		I		6					M	0	0	4, 1, 0		0	4
172	172	1031/2	1031/2	0.5	1/4	1/4	6/8	2	1	viio6		C	I		viio6		vii	o	6					o	0	0	2, -1, 5		5	2
172	172	516	516	10.5	3/8	3/8	6/8	2	1	I		C	I		I		I							M	0	0	0, 4, 1		0	0
176	176	1053/2	1053/2	1.0	0	0	6/8	2	1	V(6)		C	I		V(6)		V			6				M	0	0	1, 5, 4		1	1
176	176	1055/2	1055/2	0.5	1/4	1/4	6/8	2	1	V65	viio	C	I		V65		V		65					Mm7	0	0	5, 2, -1, 1		1	5
176	176	528	528	1.5	3/8	3/8	6/8	2	1	I|IAC}		C	I		I		I					IAC	}	M	0	0	0, 4, 1		0	0
