mc	mn	mc_onset	mn_onset	timesig	staff	voice	label	offset_x	offset_y	offset	globalkey	localkey	pedal	chord	numeral	form	figbass	changes	relativeroot	cadence	phraseend	chord_type	globalkey_is_minor	localkey_is_minor	chord_tones	added_tones	root	bass_note	n_colored	n_untouched	count_ratio	dur_colored	dur_untouched	dur_ratio
1	1	0	0	4/4	2	1	Bb.I{				Bb	I		I	I						{	M	0	0	-2, 2, -1		-2	-2	2	9	0.18181818181818182	0.08333333333333333	1.4166666666666667	0.05555555555555555
1	1	1/2	1/2	4/4	2	1	V65				Bb	I		V65	V		65					Mm7	0	0	3, 0, -3, -1		-1	3	0	5	0.0	0.0	0.75	0.0
1	1	3/4	3/4	4/4	2	1	I				Bb	I		I	I							M	0	0	-2, 2, -1		-2	-2	0	4	0.0	0.0	0.75	0.0
2	2	0	0	4/4	2	1	ii65				Bb	I		ii65	ii		65					mm7	0	0	-3, 1, -2, 0		0	-3	0	4	0.0	0.0	0.875	0.0
2	2	1/4	1/4	4/4	2	1	V				Bb	I		V	V							M	0	0	-1, 3, 0		-1	-1	2	3	0.4	0.125	0.5	0.2
2	2	1/2	1/2	4/4	2	1	I|IAC}				Bb	I		I	I					IAC	}	M	0	0	-2, 2, -1		-2	-2	1	17	0.05555555555555555	0.041666666666666664	1.9583333333333333	0.020833333333333332
3	3	3/8	3/8	4/4	2	1	V6/ii				Bb	I		V6/ii	V		6		ii			M	0	0	5, 2, 1		1	5	0	3	0.0	0.0	0.25	0.0
3	3	1/2	1/2	4/4	2	1	ii(9)				Bb	I		ii(9)	ii			9				m	0	0	0, -3, 1	2	0	0	2	5	0.2857142857142857	0.09375	0.78125	0.10714285714285714
3	3	3/4	3/4	4/4	2	1	V65				Bb	I		V65	V		65					Mm7	0	0	3, 0, -3, -1		-1	3	0	5	0.0	0.0	0.625	0.0
4	4	0	0	4/4	2	1	I(^2)				Bb	I		I(^2)	I			^2				M	0	0	-2, 0, -1		-2	-2	1	3	0.25	0.0	0.5	0.0
4	4	1/4	1/4	4/4	2	1	vii%7/V				Bb	I		vii%7/V	vii	%	7		V			%7	0	0	4, 1, -2, 2		4	4	3	5	0.375	0.15625	0.59375	0.20833333333333334
4	4	1/2	1/2	4/4	2	1	V(64)}				Bb	I		V(64)	V			64			}	M	0	0	-1, -2, 2		-1	-1	0	4	0.0	0.0	0.75	0.0
4	4	3/4	3/4	4/4	2	1	V|HC				Bb	I		V	V					HC		M	0	0	-1, 3, 0		-1	-1	0	4	0.0	0.0	0.75	0.0
5	5	0	0	4/4	2	1	V.I{				Bb	V		I	I						{	M	0	0	-1, 3, 0		-1	-1	0	10	0.0	0.0	1.5	0.0
5	5	1/2	1/2	4/4	2	1	viio6				Bb	V		viio6	vii	o	6					o	0	0	1, -2, 4		4	1	3	25	0.10714285714285714	0.20833333333333334	2.6666666666666665	0.07246376811594203
6	6	1/2	1/2	4/4	2	1	I6(7)}				Bb	V		I6(7)	I		6	7			}	M	0	0	3, 0, 4		-1	3	0	5	0.0	0.0	0.75	0.0
6	6	3/4	3/4	4/4	2	1	I6				Bb	V		I6	I		6					M	0	0	3, 0, -1		-1	3	0	5	0.0	0.0	0.75	0.0
7	7	0	0	4/4	2	1	V65/IV{				Bb	V		V65/IV	V		65		IV		{	Mm7	0	0	3, 0, -3, -1		-1	3	2	13	0.13333333333333333	0.08333333333333333	1.4166666666666667	0.05555555555555555
7	7	1/2	1/2	4/4	2	1	IV				Bb	V		IV	IV							M	0	0	-2, 2, -1		-2	-2	4	5	0.4444444444444444	0.1875	0.8125	0.1875
8	8	0	0	4/4	2	1	ii				Bb	V		ii	ii							m	0	0	1, -2, 2		1	1	3	8	0.2727272727272727	0.09375	0.78125	0.10714285714285714
8	8	1/2	1/2	4/4	2	1	V(4)}				Bb	V		V(4)	V			4			}	M	0	0	0, -1, 1		0	0	0	3	0.0	0.0	0.5	0.0
8	8	3/4	3/4	4/4	2	1	V|HC				Bb	V		V	V					HC		M	0	0	0, 4, 1		0	0	0	3	0.0	0.0	0.5	0.0
9	9	0	0	4/4	2	1	V65{				Bb	V		V65	V		65				{	Mm7	0	0	4, 1, -2, 0		0	4	2	15	0.11764705882352941	0.08333333333333333	1.6666666666666667	0.047619047619047616
9	9	1/2	1/2	4/4	2	1	I64				Bb	V		I64	I		64					M	0	0	0, -1, 3		-1	0	0	13	0.0	0.0	1.5	0.0
10	10	0	0	4/4	2	1	V7				Bb	V		V7	V		7					Mm7	0	0	0, 4, 1, -2		0	0	3	21	0.125	0.125	1.875	0.0625
10	10	1/2	1/2	4/4	2	1	I				Bb	V		I	I							M	0	0	-1, 3, 0		-1	-1	1	12	0.07692307692307693	0.09375	1.125	0.07692307692307693
11	11	0	0	4/4	2	1	ii6				Bb	V		ii6	ii		6					m	0	0	-2, 2, 1		1	-2	2	14	0.125	0.08333333333333333	0.9166666666666666	0.08333333333333333
11	11	1/2	1/2	4/4	2	1	V2				Bb	V		V2	V		2					Mm7	0	0	-2, 0, 4, 1		0	-2	1	5	0.16666666666666666	0.0	0.75	0.0
11	11	3/4	3/4	4/4	2	1	I6				Bb	V		I6	I		6					M	0	0	3, 0, -1		-1	3	0	6	0.0	0.0	0.6875	0.0
12	12	0	0	4/4	2	1	IV(^2)				Bb	V		IV(^2)	IV			^2				M	0	0	-2, 0, -1		-2	-2	0	2	0.0	0.0	0.25	0.0
12	12	1/8	1/8	4/4	2	1	IV				Bb	V		IV	IV							M	0	0	-2, 2, -1		-2	-2	2	3	0.4	0.0625	0.1875	0.25
12	12	1/4	1/4	4/4	2	1	V(64)				Bb	V		V(64)	V			64				M	0	0	0, -1, 3		0	0	0	2	0.0	0.0	0.25	0.0
12	12	3/8	3/8	4/4	2	1	V				Bb	V		V	V							M	0	0	0, 4, 1		0	0	0	2	0.0	0.0	0.25	0.0
12	12	1/2	1/2	4/4	2	1	I|PAC}{				Bb	V		I	I					PAC	}{	M	0	0	-1, 3, 0		-1	-1	0	5	0.0	0.0	0.75	0.0
12	12	3/4	3/4	4/4	2	1	V6				Bb	V		V6	V		6					M	0	0	4, 1, 0		0	4	0	2	0.0	0.0	0.25	0.0
12	12	7/8	7/8	4/4	2	1	V43				Bb	V		V43	V		43					Mm7	0	0	1, -2, 0, 4		0	1	0	3	0.0	0.0	0.375	0.0
13	13	0	0	4/4	2	1	I				Bb	V		I	I							M	0	0	-1, 3, 0		-1	-1	0	3	0.0	0.0	0.375	0.0
13	13	1/8	1/8	4/4	2	1	I6				Bb	V		I6	I		6					M	0	0	3, 0, -1		-1	3	0	3	0.0	0.0	0.5	0.0
13	13	1/4	1/4	4/4	2	1	V64				Bb	V		V64	V		64					M	0	0	1, 0, 4		0	1	0	2	0.0	0.0	0.25	0.0
13	13	3/8	3/8	4/4	2	1	V2				Bb	V		V2	V		2					Mm7	0	0	-2, 0, 4, 1		0	-2	0	3	0.0	0.0	0.5	0.0
13	13	1/2	1/2	4/4	2	1	I6				Bb	V		I6	I		6					M	0	0	3, 0, -1		-1	3	0	2	0.0	0.0	0.25	0.0
13	13	5/8	5/8	4/4	2	1	I				Bb	V		I	I							M	0	0	-1, 3, 0		-1	-1	0	3	0.0	0.0	0.5	0.0
13	13	3/4	3/4	4/4	2	1	V6				Bb	V		V6	V		6					M	0	0	4, 1, 0		0	4	0	2	0.0	0.0	0.25	0.0
13	13	7/8	7/8	4/4	2	1	V43				Bb	V		V43	V		43					Mm7	0	0	1, -2, 0, 4		0	1	0	3	0.0	0.0	0.375	0.0
14	14	0	0	4/4	2	1	I				Bb	V		I	I							M	0	0	-1, 3, 0		-1	-1	0	3	0.0	0.0	0.375	0.0
14	14	1/8	1/8	4/4	2	1	vi6				Bb	V		vi6	vi		6					m	0	0	-1, 3, 2		2	-1	0	4	0.0	0.0	0.75	0.0
14	14	1/4	1/4	4/4	2	1	V64/vi				Bb	V		V64/vi	V		64		vi			M	0	0	4, 3, 7		3	4	0	2	0.0	0.0	0.25	0.0
14	14	3/8	3/8	4/4	2	1	V43/vi				Bb	V		V43/vi	V		43		vi			Mm7	0	0	4, 1, 3, 7		3	4	0	4	0.0	0.0	0.5	0.0
14	14	1/2	1/2	4/4	2	1	vi}				Bb	V		vi	vi						}	m	0	0	2, -1, 3		2	2	1	5	0.16666666666666666	0.125	0.875	0.125
15	15	0	0	4/4	2	1	I6{				Bb	V		I6	I		6				{	M	0	0	3, 0, -1		-1	3	1	7	0.125	0.041666666666666664	0.8333333333333334	0.047619047619047616
15	15	3/8	3/8	4/4	2	1	V65/IV				Bb	V		V65/IV	V		65		IV			Mm7	0	0	3, 0, -3, -1		-1	3	1	4	0.2	0.041666666666666664	0.3333333333333333	0.1111111111111111
15	15	1/2	1/2	4/4	2	1	IV(^2)				Bb	V		IV(^2)	IV			^2				M	0	0	-2, 0, -1		-2	-2	0	3	0.0	0.0	1.0	0.0
15	15	3/4	3/4	4/4	2	1	IV				Bb	V		IV	IV							M	0	0	-2, 2, -1		-2	-2	0	2	0.0	0.0	0.1875	0.0
16	16	0	0	4/4	2	1	V6/ii				Bb	V		V6/ii	V		6		ii			M	0	0	6, 3, 2		2	6	1	1	0.5	0.03125	0.09375	0.25
16	16	1/8	1/8	4/4	2	1	V6(2)/ii				Bb	V		V6(2)/ii	V		6	2	ii			M	0	0	6, 3, -3		2	6	0	5	0.0	0.0	0.75	0.0
16	16	3/8	3/8	4/4	2	1	V6/ii	-0.1	3.5	/	Bb	V		V6/ii	V		6		ii			M	0	0	6, 3, 2		2	6	0	3	0.0	0.0	0.375	0.0
16	16	1/2	1/2	4/4	2	1	ii}				Bb	V		ii	ii						}	m	0	0	1, -2, 2		1	1	2	7	0.2222222222222222	0.15625	0.5	0.23809523809523808
17	17	0	0	4/4	2	1	V65{				Bb	V		V65	V		65				{	Mm7	0	0	4, 1, -2, 0		0	4	2	15	0.11764705882352941	0.08333333333333333	1.6666666666666667	0.047619047619047616
17	17	1/2	1/2	4/4	2	1	I				Bb	V		I	I							M	0	0	-1, 3, 0		-1	-1	0	13	0.0	0.0	1.5	0.0
18	18	0	0	4/4	2	1	V7				Bb	V		V7	V		7					Mm7	0	0	0, 4, 1, -2		0	0	1	4	0.2	0.041666666666666664	0.3333333333333333	0.1111111111111111
18	18	1/8	1/8	4/4	2	1	V65				Bb	V		V65	V		65					Mm7	0	0	4, 1, -2, 0		0	4	2	13	0.13333333333333333	0.08333333333333333	1.0416666666666667	0.07407407407407407
18	18	1/2	1/2	4/4	2	1	I				Bb	V		I	I							M	0	0	-1, 3, 0		-1	-1	1	13	0.07142857142857142	0.09375	1.25	0.06976744186046512
19	19	0	0	4/4	2	1	ii6				Bb	V		ii6	ii		6					m	0	0	-2, 2, 1		1	-2	6	10	0.375	0.25	0.75	0.25
19	19	1/2	1/2	4/4	2	1	V2				Bb	V		V2	V		2					Mm7	0	0	-2, 0, 4, 1		0	-2	2	6	0.25	0.08333333333333333	0.4166666666666667	0.16666666666666666
19	19	3/4	3/4	4/4	2	1	I6(7)				Bb	V		I6(7)	I		6	7				M	0	0	3, 0, 4		-1	3	0	2	0.0	0.0	0.25	0.0
19	19	7/8	7/8	4/4	2	1	I6				Bb	V		I6	I		6					M	0	0	3, 0, -1		-1	3	2	2	0.5	0.08333333333333333	0.16666666666666666	0.3333333333333333
20	20	0	0	4/4	2	1	ii6				Bb	V		ii6	ii		6					m	0	0	-2, 2, 1		1	-2	2	6	0.25	0.08333333333333333	0.4166666666666667	0.16666666666666666
20	20	1/4	1/4	4/4	2	1	V				Bb	V		V	V							M	0	0	0, 4, 1		0	0	1	3	0.25	0.0	0.5	0.0
20	20	1/2	1/2	4/4	2	1	I(^7)}				Bb	V		I(^7)	I			^7			}	M	0	0	-1, 3, 0	4	-1	-1	0	2	0.0	0.0	0.5	0.0
20	20	3/4	3/4	4/4	2	1	I|PAC				Bb	V		I	I					PAC		M	0	0	-1, 3, 0		-1	-1	2	3	0.4	0.125	0.25	0.3333333333333333
21	21	0	0	4/4	2	1	I.I{				Bb	I		I	I						{	M	0	0	-2, 2, -1		-2	-2	5	12	0.29411764705882354	0.15625	1.34375	0.10416666666666667
21	21	1/2	1/2	4/4	2	1	V65				Bb	I		V65	V		65					Mm7	0	0	3, 0, -3, -1		-1	3	0	6	0.0	0.0	0.75	0.0
21	21	3/4	3/4	4/4	2	1	I				Bb	I		I	I							M	0	0	-2, 2, -1		-2	-2	0	3	0.0	0.0	0.5	0.0
22	22	0	0	4/4	2	1	ii6				Bb	I		ii6	ii		6					m	0	0	-3, 1, 0		0	-3	1	4	0.2	0.0625	0.375	0.14285714285714285
22	22	1/4	1/4	4/4	2	1	V				Bb	I		V	V							M	0	0	-1, 3, 0		-1	-1	2	5	0.2857142857142857	0.0625	0.6875	0.08333333333333333
22	22	1/2	1/2	4/4	2	1	I|IAC}				Bb	I		I	I					IAC	}	M	0	0	-2, 2, -1		-2	-2	2	19	0.09523809523809523	0.10416666666666667	1.7083333333333333	0.05747126436781609
23	23	3/8	3/8	4/4	2	1	V6/ii				Bb	I		V6/ii	V		6		ii			M	0	0	5, 2, 1		1	5	0	3	0.0	0.0	0.25	0.0
23	23	1/2	1/2	4/4	2	1	ii(9)				Bb	I		ii(9)	ii			9				m	0	0	0, -3, 1	2	0	0	2	5	0.2857142857142857	0.09375	0.65625	0.125
23	23	3/4	3/4	4/4	2	1	V65				Bb	I		V65	V		65					Mm7	0	0	3, 0, -3, -1		-1	3	1	6	0.14285714285714285	0.0625	0.5625	0.1
24	24	0	0	4/4	2	1	I(4)				Bb	I		I(4)	I			4				M	0	0	-2, -3, -1		-2	-2	0	3	0.0	0.0	0.5	0.0
24	24	1/4	1/4	4/4	2	1	vii%7/V				Bb	I		vii%7/V	vii	%	7		V			%7	0	0	4, 1, -2, 2		4	4	1	6	0.14285714285714285	0.0625	0.6875	0.08333333333333333
24	24	1/2	1/2	4/4	2	1	V|HC}				Bb	I		V	V					HC	}	M	0	0	-1, 3, 0		-1	-1	1	9	0.1	0.03125	0.96875	0.03125
25	25	0	0	4/4	2	1	V.I{				Bb	V		I	I						{	M	0	0	-1, 3, 0		-1	-1	0	12	0.0	0.0	1.25	0.0
25	25	1/2	1/2	4/4	2	1	viio6				Bb	V		viio6	vii	o	6					o	0	0	1, -2, 4		4	1	3	21	0.125	0.1875	2.25	0.07692307692307693
26	26	1/2	1/2	4/4	2	1	I6(7)}				Bb	V		I6(7)	I		6	7			}	M	0	0	3, 0, 4		-1	3	0	5	0.0	0.0	0.75	0.0
26	26	3/4	3/4	4/4	2	1	I6				Bb	V		I6	I		6					M	0	0	3, 0, -1		-1	3	0	5	0.0	0.0	0.75	0.0
27	27	0	0	4/4	2	1	V65/IV{				Bb	V		V65/IV	V		65		IV		{	Mm7	0	0	3, 0, -3, -1		-1	3	3	15	0.16666666666666666	0.09375	1.53125	0.057692307692307696
27	27	1/2	1/2	4/4	2	1	IV				Bb	V		IV	IV							M	0	0	-2, 2, -1		-2	-2	7	7	0.5	0.2916666666666667	0.7083333333333334	0.2916666666666667
28	28	0	0	4/4	2	1	ii				Bb	V		ii	ii							m	0	0	1, -2, 2		1	1	7	9	0.4375	0.2708333333333333	0.6041666666666666	0.3095238095238095
28	28	1/2	1/2	4/4	2	1	V(4)				Bb	V		V(4)	V			4				M	0	0	0, -1, 1		0	0	0	3	0.0	0.0	0.5	0.0
28	28	3/4	3/4	4/4	2	1	V|HC}				Bb	V		V	V					HC	}	M	0	0	0, 4, 1		0	0	0	3	0.0	0.0	0.5	0.0
29	29	0	0	4/4	2	1	V65{				Bb	V		V65	V		65				{	Mm7	0	0	4, 1, -2, 0		0	4	2	15	0.11764705882352941	0.08333333333333333	1.6666666666666667	0.047619047619047616
29	29	1/2	1/2	4/4	2	1	I64				Bb	V		I64	I		64					M	0	0	0, -1, 3		-1	0	0	13	0.0	0.0	1.5	0.0
30	30	0	0	4/4	2	1	V7				Bb	V		V7	V		7					Mm7	0	0	0, 4, 1, -2		0	0	5	25	0.16666666666666666	0.125	1.875	0.0625
30	30	1/2	1/2	4/4	2	1	I				Bb	V		I	I							M	0	0	-1, 3, 0		-1	-1	1	12	0.07692307692307693	0.09375	0.90625	0.09375
31	31	0	0	4/4	2	1	ii6				Bb	V		ii6	ii		6					m	0	0	-2, 2, 1		1	-2	10	13	0.43478260869565216	0.265625	0.734375	0.265625
31	31	1/2	1/2	4/4	2	1	V2				Bb	V		V2	V		2					Mm7	0	0	-2, 0, 4, 1		0	-2	1	5	0.16666666666666666	0.0	0.75	0.0
31	31	3/4	3/4	4/4	2	1	I6				Bb	V		I6	I		6					M	0	0	3, 0, -1		-1	3	0	6	0.0	0.0	0.6875	0.0
32	32	0	0	4/4	2	1	IV(^2)				Bb	V		IV(^2)	IV			^2				M	0	0	-2, 0, -1		-2	-2	0	2	0.0	0.0	0.25	0.0
32	32	1/8	1/8	4/4	2	1	IV				Bb	V		IV	IV							M	0	0	-2, 2, -1		-2	-2	2	3	0.4	0.0625	0.1875	0.25
32	32	1/4	1/4	4/4	2	1	V(64)				Bb	V		V(64)	V			64				M	0	0	0, -1, 3		0	0	0	2	0.0	0.0	0.25	0.0
32	32	3/8	3/8	4/4	2	1	V				Bb	V		V	V							M	0	0	0, 4, 1		0	0	0	2	0.0	0.0	0.25	0.0
32	32	1/2	1/2	4/4	2	1	I|PAC}{				Bb	V		I	I					PAC	}{	M	0	0	-1, 3, 0		-1	-1	0	5	0.0	0.0	0.5	0.0
32	32	3/4	3/4	4/4	2	1	V6				Bb	V		V6	V		6					M	0	0	4, 1, 0		0	4	1	3	0.25	0.0625	0.3125	0.16666666666666666
32	32	7/8	7/8	4/4	2	1	V43				Bb	V		V43	V		43					Mm7	0	0	1, -2, 0, 4		0	1	0	3	0.0	0.0	0.25	0.0
33	33	0	0	4/4	2	1	I				Bb	V		I	I							M	0	0	-1, 3, 0		-1	-1	1	3	0.25	0.0625	0.3125	0.16666666666666666
33	33	1/8	1/8	4/4	2	1	I6				Bb	V		I6	I		6					M	0	0	3, 0, -1		-1	3	0	3	0.0	0.0	0.25	0.0
33	33	1/4	1/4	4/4	2	1	V64				Bb	V		V64	V		64					M	0	0	1, 0, 4		0	1	1	3	0.25	0.0625	0.3125	0.16666666666666666
33	33	3/8	3/8	4/4	2	1	V2				Bb	V		V2	V		2					Mm7	0	0	-2, 0, 4, 1		0	-2	0	3	0.0	0.0	0.25	0.0
33	33	1/2	1/2	4/4	2	1	I6				Bb	V		I6	I		6					M	0	0	3, 0, -1		-1	3	1	3	0.25	0.0625	0.3125	0.16666666666666666
33	33	5/8	5/8	4/4	2	1	I				Bb	V		I	I							M	0	0	-1, 3, 0		-1	-1	0	3	0.0	0.0	0.25	0.0
33	33	3/4	3/4	4/4	2	1	V6				Bb	V		V6	V		6					M	0	0	4, 1, 0		0	4	1	3	0.25	0.0625	0.3125	0.16666666666666666
33	33	7/8	7/8	4/4	2	1	V43				Bb	V		V43	V		43					Mm7	0	0	1, -2, 0, 4		0	1	0	3	0.0	0.0	0.25	0.0
34	34	0	0	4/4	2	1	I				Bb	V		I	I							M	0	0	-1, 3, 0		-1	-1	1	3	0.25	0.0625	0.3125	0.16666666666666666
34	34	1/8	1/8	4/4	2	1	vi6				Bb	V		vi6	vi		6					m	0	0	-1, 3, 2		2	-1	0	4	0.0	0.0	0.375	0.0
34	34	1/4	1/4	4/4	2	1	#viio6/vi				Bb	V		#viio6/vi	#vii	o	6		vi			o	0	0	4, 1, 7		7	4	2	6	0.25	0.125	0.625	0.16666666666666666
34	34	1/2	1/2	4/4	2	1	vi(^2)}				Bb	V		vi(^2)	vi			^2			}	m	0	0	2, 4, 3		2	2	0	3	0.0	0.0	0.75	0.0
34	34	3/4	3/4	4/4	2	1	vi				Bb	V		vi	vi							m	0	0	2, -1, 3		2	2	0	1	0.0	0.0	0.125	0.0
35	35	0	0	4/4	2	1	I6{				Bb	V		I6	I		6				{	M	0	0	3, 0, -1		-1	3	0	9	0.0	0.0	0.875	0.0
35	35	3/8	3/8	4/4	2	1	V65/IV				Bb	V		V65/IV	V		65		IV			Mm7	0	0	3, 0, -3, -1		-1	3	1	3	0.25	0.09375	0.28125	0.25
35	35	1/2	1/2	4/4	2	1	IV(4)				Bb	V		IV(4)	IV			4				M	0	0	-2, 4, -1		-2	-2	2	3	0.4	0.25	0.75	0.25
35	35	3/4	3/4	4/4	2	1	IV				Bb	V		IV	IV							M	0	0	-2, 2, -1		-2	-2	0	2	0.0	0.0	0.1875	0.0
36	36	0	0	4/4	2	1	V6/ii				Bb	V		V6/ii	V		6		ii			M	0	0	6, 3, 2		2	6	4	12	0.25	0.16666666666666666	1.0833333333333333	0.13333333333333333
36	36	1/2	1/2	4/4	2	1	ii}				Bb	V		ii	ii						}	m	0	0	1, -2, 2		1	1	2	7	0.2222222222222222	0.15625	0.5	0.23809523809523808
37	37	0	0	4/4	2	1	V65{				Bb	V		V65	V		65				{	Mm7	0	0	4, 1, -2, 0		0	4	2	16	0.1111111111111111	0.0625	1.6875	0.03571428571428571
37	37	1/2	1/2	4/4	2	1	I				Bb	V		I	I							M	0	0	-1, 3, 0		-1	-1	0	13	0.0	0.0	1.5	0.0
38	38	0	0	4/4	2	1	V65				Bb	V		V65	V		65					Mm7	0	0	4, 1, -2, 0		0	4	5	19	0.20833333333333334	0.15625	1.34375	0.10416666666666667
38	38	1/2	1/2	4/4	2	1	I				Bb	V		I	I							M	0	0	-1, 3, 0		-1	-1	5	13	0.2777777777777778	0.21875	1.125	0.16279069767441862
39	39	0	0	4/4	2	1	ii6				Bb	V		ii6	ii		6					m	0	0	-2, 2, 1		1	-2	8	12	0.4	0.25	0.75	0.25
39	39	1/2	1/2	4/4	2	1	V2				Bb	V		V2	V		2					Mm7	0	0	-2, 0, 4, 1		0	-2	1	5	0.16666666666666666	0.125	0.625	0.16666666666666666
39	39	3/4	3/4	4/4	2	1	I6				Bb	V		I6	I		6					M	0	0	3, 0, -1		-1	3	1	6	0.14285714285714285	0.041666666666666664	0.5833333333333334	0.06666666666666667
40	40	0	0	4/4	2	1	ii6				Bb	V		ii6	ii		6					m	0	0	-2, 2, 1		1	-2	3	6	0.3333333333333333	0.10416666666666667	0.3958333333333333	0.20833333333333334
40	40	1/4	1/4	4/4	2	1	V(4)				Bb	V		V(4)	V			4				M	0	0	0, -1, 1		0	0	0	2	0.0	0.0	0.25	0.0
40	40	3/8	3/8	4/4	2	1	V				Bb	V		V	V							M	0	0	0, 4, 1		0	0	0	2	0.0	0.0	0.25	0.0
40	40	1/2	1/2	4/4	2	1	I(^7)}				Bb	V		I(^7)	I			^7			}	M	0	0	-1, 3, 0	4	-1	-1	0	2	0.0	0.0	0.5	0.0
40	40	3/4	3/4	4/4	2	1	I|PAC				Bb	V		I	I					PAC		M	0	0	-1, 3, 0		-1	-1	2	14	0.125	0.08333333333333333	1.7916666666666667	0.04444444444444444
41	41	1/2	1/2	4/4	2	1	V65				Bb	V		V65	V		65					Mm7	0	0	4, 1, -2, 0		0	4	0	5	0.0	0.0	0.75	0.0
41	41	3/4	3/4	4/4	2	1	I				Bb	V		I	I							M	0	0	-1, 3, 0		-1	-1	0	4	0.0	0.0	0.75	0.0
42	42	0	0	4/4	2	1	ii65				Bb	V		ii65	ii		65					mm7	0	0	-2, 2, -1, 1		1	-2	0	4	0.0	0.0	0.875	0.0
42	42	1/4	1/4	4/4	2	1	V7				Bb	V		V7	V		7					Mm7	0	0	0, 4, 1, -2		0	0	1	4	0.2	0.09375	0.53125	0.15
42	42	1/2	1/2	4/4	2	1	I|IAC}				Bb	V		I	I					IAC	}	M	0	0	-1, 3, 0		-1	-1	1	8	0.1111111111111111	0.041666666666666664	0.7083333333333334	0.05555555555555555
43	43	0	0	4/4	2	1	vi.iio64{				Bb	vi		iio64	ii	o	64				{	o	0	1	-3, 3, 0		3	-3	2	9	0.18181818181818182	0.1875	1.1875	0.13636363636363635
43	43	1/2	1/2	4/4	2	1	V7(9)				Bb	vi		V7(9)	V		7	9				Mm7	0	1	2, 6, 3, 0	-3	2	2	1	4	0.2	0.0	0.75	0.0
43	43	3/4	3/4	4/4	2	1	#viio6/iv				Bb	vi		#viio6/iv	#vii	o	6		iv			o	0	1	2, -1, 5		5	2	0	3	0.0	0.0	0.375	0.0
43	43	7/8	7/8	4/4	2	1	iv				Bb	vi		iv	iv							m	0	1	0, -3, 1		0	0	0	3	0.0	0.0	0.375	0.0
44	44	0	0	4/4	2	1	ii%65/iv				Bb	vi		ii%65/iv	ii	%	65		iv			%7	0	1	-1, -4, 0, 2		2	-1	1	6	0.14285714285714285	0.041666666666666664	0.8333333333333334	0.047619047619047616
44	44	1/4	1/4	4/4	2	1	V(9)/iv				Bb	vi		V(9)/iv	V			9	iv			M	0	1	1, 5, 2	-4	1	1	0	2	0.0	0.0	0.375	0.0
44	44	3/8	3/8	4/4	2	1	V/iv				Bb	vi		V/iv	V				iv			M	0	1	1, 5, 2		1	1	1	2	0.3333333333333333	0.03125	0.21875	0.125
44	44	1/2	1/2	4/4	2	1	iv}{				Bb	vi		iv	iv						}{	m	0	1	0, -3, 1		0	0	1	10	0.09090909090909091	0.041666666666666664	0.5833333333333334	0.06666666666666667
44	44	7/8	7/8	4/4	2	1	VI64				Bb	vi		VI64	VI		64					M	0	1	-2, -3, 1		-3	-2	0	3	0.0	0.0	0.125	0.0
45	45	0	0	4/4	2	1	V65/III				Bb	vi		V65/III	V		65		III			Mm7	0	1	3, 0, -3, -1		-1	3	6	9	0.4	0.25	0.5833333333333334	0.3
45	45	5/8	5/8	4/4	2	1	III				Bb	vi		III	III							M	0	1	-2, 2, -1		-2	-2	0	7	0.0	0.0	0.375	0.0
45	45	7/8	7/8	4/4	2	1	v64				Bb	vi		v64	v		64					m	0	1	3, 2, -1		2	3	0	3	0.0	0.0	0.125	0.0
46	46	0	0	4/4	2	1	i(+#7)				Bb	vi		i(+#7)	i			+#7				m	0	1	1, -2, 2	6	1	1	5	7	0.4166666666666667	0.20833333333333334	0.5	0.29411764705882354
46	46	1/2	1/2	4/4	2	1	iio				Bb	vi		iio	ii	o						o	0	1	3, 0, -3		3	3	2	8	0.2	0.08333333333333333	0.4166666666666667	0.16666666666666666
46	46	7/8	7/8	4/4	2	1	iv64				Bb	vi		iv64	iv		64					m	0	1	1, 0, -3		0	1	0	3	0.0	0.0	0.125	0.0
47	47	0	0	4/4	2	1	V65				Bb	vi		V65	V		65					Mm7	0	1	6, 3, 0, 2		2	6	4	8	0.3333333333333333	0.16666666666666666	0.5416666666666666	0.23529411764705885
47	47	1/2	1/2	4/4	2	1	i}{				Bb	vi		i	i						}{	m	0	1	1, -2, 2		1	1	1	5	0.16666666666666666	0.041666666666666664	0.5833333333333334	0.06666666666666667
47	47	3/4	3/4	4/4	2	1	V6				Bb	vi		V6	V		6					M	0	1	6, 3, 2		2	6	0	2	0.0	0.0	0.25	0.0
47	47	7/8	7/8	4/4	2	1	V43				Bb	vi		V43	V		43					Mm7	0	1	3, 0, 2, 6		2	3	0	3	0.0	0.0	0.375	0.0
48	48	0	0	4/4	2	1	i				Bb	vi		i	i							m	0	1	1, -2, 2		1	1	0	3	0.0	0.0	0.375	0.0
48	48	1/8	1/8	4/4	2	1	i6				Bb	vi		i6	i		6					m	0	1	-2, 2, 1		1	-2	0	3	0.0	0.0	0.5	0.0
48	48	1/4	1/4	4/4	2	1	V64				Bb	vi		V64	V		64					M	0	1	3, 2, 6		2	3	0	2	0.0	0.0	0.25	0.0
48	48	3/8	3/8	4/4	2	1	V2				Bb	vi		V2	V		2					Mm7	0	1	0, 2, 6, 3		2	0	0	3	0.0	0.0	0.5	0.0
48	48	1/2	1/2	4/4	2	1	i6				Bb	vi		i6	i		6					m	0	1	-2, 2, 1		1	-2	0	2	0.0	0.0	0.25	0.0
48	48	5/8	5/8	4/4	2	1	i				Bb	vi		i	i							m	0	1	1, -2, 2		1	1	0	3	0.0	0.0	0.5	0.0
48	48	3/4	3/4	4/4	2	1	V6				Bb	vi		V6	V		6					M	0	1	6, 3, 2		2	6	0	2	0.0	0.0	0.25	0.0
48	48	7/8	7/8	4/4	2	1	V43				Bb	vi		V43	V		43					Mm7	0	1	3, 0, 2, 6		2	3	0	3	0.0	0.0	0.375	0.0
49	49	0	0	4/4	2	1	i				Bb	vi		i	i							m	0	1	1, -2, 2		1	1	0	3	0.0	0.0	0.375	0.0
49	49	1/8	1/8	4/4	2	1	VI6				Bb	vi		VI6	VI		6					M	0	1	1, -2, -3		-3	1	0	4	0.0	0.0	0.75	0.0
49	49	1/4	1/4	4/4	2	1	V64/VI				Bb	vi		V64/VI	V		64		VI			M	0	1	-1, -2, 2		-2	-1	0	2	0.0	0.0	0.25	0.0
49	49	3/8	3/8	4/4	2	1	V43/VI				Bb	vi		V43/VI	V		43		VI			Mm7	0	1	-1, -4, -2, 2		-2	-1	0	4	0.0	0.0	0.5	0.0
49	49	1/2	1/2	4/4	2	1	VI}				Bb	vi		VI	VI						}	M	0	1	-3, 1, -2		-3	-3	1	5	0.16666666666666666	0.125	0.875	0.125
50	50	0	0	4/4	2	1	iv6{				Bb	vi		iv6	iv		6				{	m	0	1	-3, 1, 0		0	-3	0	3	0.0	0.0	0.5	0.0
50	50	1/4	1/4	4/4	2	1	#viio6(2)/iv				Bb	vi		#viio6(2)/iv	#vii	o	6	2	iv			o	0	1	2, -1, 0		5	2	3	2	0.6	0.125	0.25	0.3333333333333333
50	50	3/8	3/8	4/4	2	1	#viio6/iv				Bb	vi		#viio6/iv	#vii	o	6		iv			o	0	1	2, -1, 5		5	2	1	4	0.2	0.041666666666666664	0.3333333333333333	0.1111111111111111
50	50	1/2	1/2	4/4	2	1	iv(^2)				Bb	vi		iv(^2)	iv			^2				m	0	1	0, 2, 1		0	0	0	2	0.0	0.0	0.625	0.0
50	50	3/4	3/4	4/4	2	1	iv				Bb	vi		iv	iv							m	0	1	0, -3, 1		0	0	0	2	0.0	0.0	0.1875	0.0
51	51	0	0	4/4	2	1	V6				Bb	vi		V6	V		6					M	0	1	6, 3, 2		2	6	6	11	0.35294117647058826	0.2604166666666667	0.9895833333333334	0.20833333333333334
51	51	1/2	1/2	4/4	2	1	i				Bb	vi		i	i							m	0	1	1, -2, 2		1	1	1	4	0.2	0.041666666666666664	0.3333333333333333	0.1111111111111111
51	51	5/8	5/8	4/4	2	1	#viio6				Bb	vi		#viio6	#vii	o	6					o	0	1	3, 0, 6		6	3	1	3	0.25	0.041666666666666664	0.20833333333333334	0.16666666666666666
51	51	3/4	3/4	4/4	2	1	i6				Bb	vi		i6	i		6					m	0	1	-2, 2, 1		1	-2	1	3	0.25	0.041666666666666664	0.20833333333333334	0.16666666666666666
51	51	7/8	7/8	4/4	2	1	iv				Bb	vi		iv	iv							m	0	1	0, -3, 1		0	0	1	3	0.25	0.041666666666666664	0.20833333333333334	0.16666666666666666
52	52	0	0	4/4	2	1	V(7)				Bb	vi		V(7)	V			7				M	0	1	2, 6, 3	0	2	2	0	2	0.0	0.0	0.3125	0.0
52	52	1/8	1/8	4/4	2	1	V(64)				Bb	vi		V(64)	V			64				M	0	1	2, 1, -2		2	2	1	3	0.25	0.020833333333333332	0.16666666666666666	0.1111111111111111
52	52	1/4	1/4	4/4	2	1	V7				Bb	vi		V7	V		7					Mm7	0	1	2, 6, 3, 0		2	2	0	7	0.0	0.0	1.0	0.0
52	52	1/2	1/2	4/4	2	1	i|PAC}				Bb	vi		i	i					PAC	}	m	0	1	1, -2, 2		1	1	3	5	0.375	0.15625	0.78125	0.16666666666666666
53	53	0	0	4/4	2	1	I.I{				Bb	I		I	I						{	M	0	0	-2, 2, -1		-2	-2	2	9	0.18181818181818182	0.08333333333333333	1.4166666666666667	0.05555555555555555
53	53	1/2	1/2	4/4	2	1	V65				Bb	I		V65	V		65					Mm7	0	0	3, 0, -3, -1		-1	3	0	5	0.0	0.0	0.75	0.0
53	53	3/4	3/4	4/4	2	1	I				Bb	I		I	I							M	0	0	-2, 2, -1		-2	-2	0	4	0.0	0.0	0.75	0.0
54	54	0	0	4/4	2	1	ii65				Bb	I		ii65	ii		65					mm7	0	0	-3, 1, -2, 0		0	-3	0	4	0.0	0.0	0.875	0.0
54	54	1/4	1/4	4/4	2	1	V				Bb	I		V	V							M	0	0	-1, 3, 0		-1	-1	2	3	0.4	0.125	0.5	0.2
54	54	1/2	1/2	4/4	2	1	I|IAC}				Bb	I		I	I					IAC	}	M	0	0	-2, 2, -1		-2	-2	1	10	0.09090909090909091	0.041666666666666664	0.7083333333333334	0.05555555555555555
55	55	0	0	4/4	2	1	I{				Bb	I		I	I						{	M	0	0	-2, 2, -1		-2	-2	0	7	0.0	0.0	1.25	0.0
55	55	3/8	3/8	4/4	2	1	V6/ii				Bb	I		V6/ii	V		6		ii			M	0	0	5, 2, 1		1	5	0	3	0.0	0.0	0.25	0.0
55	55	1/2	1/2	4/4	2	1	ii(9)				Bb	I		ii(9)	ii			9				m	0	0	0, -3, 1	2	0	0	2	5	0.2857142857142857	0.09375	0.78125	0.10714285714285714
55	55	3/4	3/4	4/4	2	1	V65				Bb	I		V65	V		65					Mm7	0	0	3, 0, -3, -1		-1	3	0	5	0.0	0.0	0.625	0.0
56	56	0	0	4/4	2	1	I(^2)				Bb	I		I(^2)	I			^2				M	0	0	-2, 0, -1		-2	-2	1	3	0.25	0.0	0.5	0.0
56	56	1/4	1/4	4/4	2	1	vii%7/V				Bb	I		vii%7/V	vii	%	7		V			%7	0	0	4, 1, -2, 2		4	4	3	5	0.375	0.125	0.59375	0.17391304347826086
56	56	1/2	1/2	4/4	2	1	V(64)				Bb	I		V(64)	V			64				M	0	0	-1, -2, 2		-1	-1	0	4	0.0	0.0	0.75	0.0
56	56	3/4	3/4	4/4	2	1	V|HC}				Bb	I		V	V					HC	}	M	0	0	-1, 3, 0		-1	-1	0	4	0.0	0.0	0.75	0.0
57	57	0	0	4/4	2	1	viio64{				Bb	I		viio64	vii	o	64				{	o	0	0	-3, 3, 0		3	-3	2	8	0.2	0.08333333333333333	1.2916666666666667	0.0606060606060606
57	57	1/2	1/2	4/4	2	1	I6(2)				Bb	I		I6(2)	I		6	2				M	0	0	2, -1, 0		-2	2	0	3	0.0	0.0	0.5	0.0
57	57	3/4	3/4	4/4	2	1	I6				Bb	I		I6	I		6					M	0	0	2, -1, -2		-2	2	0	6	0.0	0.0	0.6875	0.0
58	58	0	0	4/4	2	1	IVM2				Bb	I		IVM2	IV	M	2					MM7	0	0	2, -3, 1, -2		-3	2	0	9	0.0	0.0	1.375	0.0
58	58	1/4	1/4	4/4	2	1	ii				Bb	I		ii	ii							m	0	0	0, -3, 1		0	0	0	2	0.0	0.0	0.25	0.0
58	58	3/8	3/8	4/4	2	1	viio6				Bb	I		viio6	vii	o	6					o	0	0	0, -3, 3		3	0	0	4	0.0	0.0	0.5	0.0
58	58	1/2	1/2	4/4	2	1	I}				Bb	I		I	I						}	M	0	0	-2, 2, -1		-2	-2	1	7	0.125	0.125	0.5625	0.18181818181818182
59	59	0	0	4/4	2	1	viio64/IV{				Bb	I		viio64/IV	vii	o	64		IV		{	o	0	0	-4, 2, -1		2	-4	2	9	0.18181818181818182	0.09375	1.15625	0.075
59	59	1/2	1/2	4/4	2	1	IV6(2)				Bb	I		IV6(2)	IV		6	2				M	0	0	1, -2, -1		-3	1	0	3	0.0	0.0	0.5	0.0
59	59	3/4	3/4	4/4	2	1	IV6				Bb	I		IV6	IV		6					M	0	0	1, -2, -3		-3	1	0	6	0.0	0.0	0.6875	0.0
60	60	0	0	4/4	2	1	V2/V				Bb	I		V2/V	V		2		V			Mm7	0	0	-2, 0, 4, 1		0	-2	3	11	0.21428571428571427	0.14583333333333334	1.1041666666666667	0.11666666666666667
60	60	1/2	1/2	4/4	2	1	V6(7)				Bb	I		V6(7)	V		6	7				M	0	0	3, 0, -3		-1	3	1	2	0.3333333333333333	0.25	0.25	0.5
60	60	3/4	3/4	4/4	2	1	V6}				Bb	I		V6	V		6				}	M	0	0	3, 0, -1		-1	3	0	5	0.0	0.0	0.75	0.0
61	61	0	0	4/4	2	1	V65{				Bb	I		V65	V		65				{	Mm7	0	0	3, 0, -3, -1		-1	3	2	15	0.11764705882352941	0.08333333333333333	1.6666666666666667	0.047619047619047616
61	61	1/2	1/2	4/4	2	1	I				Bb	I		I	I							M	0	0	-2, 2, -1		-2	-2	0	13	0.0	0.0	1.5	0.0
62	62	0	0	4/4	2	1	V65				Bb	I		V65	V		65					Mm7	0	0	3, 0, -3, -1		-1	3	3	17	0.15	0.125	1.375	0.08333333333333333
62	62	1/2	1/2	4/4	2	1	I				Bb	I		I	I							M	0	0	-2, 2, -1		-2	-2	0	13	0.0	0.0	1.5	0.0
63	63	0	0	4/4	2	1	ii6				Bb	I		ii6	ii		6					m	0	0	-3, 1, 0		0	-3	3	16	0.15789473684210525	0.125	1.25	0.09090909090909091
63	63	1/2	1/2	4/4	2	1	V2				Bb	I		V2	V		2					Mm7	0	0	-3, -1, 3, 0		-1	-3	1	5	0.16666666666666666	0.125	0.625	0.16666666666666666
63	63	3/4	3/4	4/4	2	1	I6				Bb	I		I6	I		6					M	0	0	2, -1, -2		-2	2	0	6	0.0	0.0	0.6875	0.0
64	64	0	0	4/4	2	1	IV(^2)				Bb	I		IV(^2)	IV			^2				M	0	0	-3, -1, -2		-3	-3	0	2	0.0	0.0	0.25	0.0
64	64	1/8	1/8	4/4	2	1	IV				Bb	I		IV	IV							M	0	0	-3, 1, -2		-3	-3	2	3	0.4	0.0625	0.1875	0.25
64	64	1/4	1/4	4/4	2	1	V(64)				Bb	I		V(64)	V			64				M	0	0	-1, -2, 2		-1	-1	0	2	0.0	0.0	0.25	0.0
64	64	3/8	3/8	4/4	2	1	V				Bb	I		V	V							M	0	0	-1, 3, 0		-1	-1	0	2	0.0	0.0	0.25	0.0
64	64	1/2	1/2	4/4	2	1	I|PAC}{				Bb	I		I	I					PAC	}{	M	0	0	-2, 2, -1		-2	-2	0	5	0.0	0.0	0.75	0.0
64	64	3/4	3/4	4/4	2	1	V6				Bb	I		V6	V		6					M	0	0	3, 0, -1		-1	3	0	2	0.0	0.0	0.25	0.0
64	64	7/8	7/8	4/4	2	1	V43				Bb	I		V43	V		43					Mm7	0	0	0, -3, -1, 3		-1	0	0	3	0.0	0.0	0.375	0.0
65	65	0	0	4/4	2	1	I				Bb	I		I	I							M	0	0	-2, 2, -1		-2	-2	0	3	0.0	0.0	0.375	0.0
65	65	1/8	1/8	4/4	2	1	I6				Bb	I		I6	I		6					M	0	0	2, -1, -2		-2	2	0	3	0.0	0.0	0.5	0.0
65	65	1/4	1/4	4/4	2	1	V64				Bb	I		V64	V		64					M	0	0	0, -1, 3		-1	0	0	2	0.0	0.0	0.25	0.0
65	65	3/8	3/8	4/4	2	1	V2				Bb	I		V2	V		2					Mm7	0	0	-3, -1, 3, 0		-1	-3	0	3	0.0	0.0	0.5	0.0
65	65	1/2	1/2	4/4	2	1	I6				Bb	I		I6	I		6					M	0	0	2, -1, -2		-2	2	0	2	0.0	0.0	0.25	0.0
65	65	5/8	5/8	4/4	2	1	I				Bb	I		I	I							M	0	0	-2, 2, -1		-2	-2	0	3	0.0	0.0	0.5	0.0
65	65	3/4	3/4	4/4	2	1	V6				Bb	I		V6	V		6					M	0	0	3, 0, -1		-1	3	0	2	0.0	0.0	0.25	0.0
65	65	7/8	7/8	4/4	2	1	V43				Bb	I		V43	V		43					Mm7	0	0	0, -3, -1, 3		-1	0	0	3	0.0	0.0	0.375	0.0
66	66	0	0	4/4	2	1	I				Bb	I		I	I							M	0	0	-2, 2, -1		-2	-2	0	3	0.0	0.0	0.375	0.0
66	66	1/8	1/8	4/4	2	1	vi6				Bb	I		vi6	vi		6					m	0	0	-2, 2, 1		1	-2	0	4	0.0	0.0	0.75	0.0
66	66	1/4	1/4	4/4	2	1	V64/vi				Bb	I		V64/vi	V		64		vi			M	0	0	3, 2, 6		2	3	0	2	0.0	0.0	0.25	0.0
66	66	3/8	3/8	4/4	2	1	V43/vi				Bb	I		V43/vi	V		43		vi			Mm7	0	0	3, 0, 2, 6		2	3	0	4	0.0	0.0	0.5	0.0
66	66	1/2	1/2	4/4	2	1	vi}				Bb	I		vi	vi						}	m	0	0	1, -2, 2		1	1	1	5	0.16666666666666666	0.125	0.875	0.125
67	67	0	0	4/4	2	1	I6{				Bb	I		I6	I		6				{	M	0	0	2, -1, -2		-2	2	1	7	0.125	0.041666666666666664	0.8333333333333334	0.047619047619047616
67	67	3/8	3/8	4/4	2	1	V65/IV				Bb	I		V65/IV	V		65		IV			Mm7	0	0	2, -1, -4, -2		-2	2	1	4	0.2	0.041666666666666664	0.3333333333333333	0.1111111111111111
67	67	1/2	1/2	4/4	2	1	IV(^2)				Bb	I		IV(^2)	IV			^2				M	0	0	-3, -1, -2		-3	-3	0	3	0.0	0.0	1.0	0.0
67	67	3/4	3/4	4/4	2	1	IV				Bb	I		IV	IV							M	0	0	-3, 1, -2		-3	-3	0	2	0.0	0.0	0.15625	0.0
68	68	0	0	4/4	2	1	V6/ii				Bb	I		V6/ii	V		6		ii			M	0	0	5, 2, 1		1	5	1	1	0.5	0.03125	0.09375	0.25
68	68	1/8	1/8	4/4	2	1	V6(2)/ii				Bb	I		V6(2)/ii	V		6	2	ii			M	0	0	5, 2, -4		1	5	0	5	0.0	0.0	0.75	0.0
68	68	3/8	3/8	4/4	2	1	V6/ii				Bb	I		V6/ii	V		6		ii			M	0	0	5, 2, 1		1	5	0	3	0.0	0.0	0.375	0.0
68	68	1/2	1/2	4/4	2	1	ii}				Bb	I		ii	ii						}	m	0	0	0, -3, 1		0	0	2	7	0.2222222222222222	0.15625	0.5	0.23809523809523808
69	69	0	0	4/4	2	1	V65{				Bb	I		V65	V		65				{	Mm7	0	0	3, 0, -3, -1		-1	3	2	15	0.11764705882352941	0.08333333333333333	1.6666666666666667	0.047619047619047616
69	69	1/2	1/2	4/4	2	1	I				Bb	I		I	I							M	0	0	-2, 2, -1		-2	-2	0	13	0.0	0.0	1.5	0.0
70	70	0	0	4/4	2	1	V65				Bb	I		V65	V		65					Mm7	0	0	3, 0, -3, -1		-1	3	3	13	0.1875	0.125	0.875	0.125
70	70	1/2	1/2	4/4	2	1	I				Bb	I		I	I							M	0	0	-2, 2, -1		-2	-2	1	8	0.1111111111111111	0.09375	0.8125	0.10344827586206896
71	71	0	0	4/4	2	1	ii6				Bb	I		ii6	ii		6					m	0	0	-3, 1, 0		0	-3	6	10	0.375	0.25	0.75	0.25
71	71	1/2	1/2	4/4	2	1	V2				Bb	I		V2	V		2					Mm7	0	0	-3, -1, 3, 0		-1	-3	2	6	0.25	0.08333333333333333	0.4166666666666667	0.16666666666666666
71	71	3/4	3/4	4/4	2	1	I6(7)				Bb	I		I6(7)	I		6	7				M	0	0	2, -1, 3		-2	2	0	2	0.0	0.0	0.25	0.0
71	71	7/8	7/8	4/4	2	1	I6				Bb	I		I6	I		6					M	0	0	2, -1, -2		-2	2	2	2	0.5	0.08333333333333333	0.16666666666666666	0.3333333333333333
72	72	0	0	4/4	2	1	ii6				Bb	I		ii6	ii		6					m	0	0	-3, 1, 0		0	-3	2	6	0.25	0.08333333333333333	0.4166666666666667	0.16666666666666666
72	72	1/4	1/4	4/4	2	1	V(4)				Bb	I		V(4)	V			4				M	0	0	-1, -2, 0		-1	-1	0	2	0.0	0.0	0.25	0.0
72	72	3/8	3/8	4/4	2	1	V				Bb	I		V	V							M	0	0	-1, 3, 0		-1	-1	0	2	0.0	0.0	0.25	0.0
72	72	1/2	1/2	4/4	2	1	I(^7)}				Bb	I		I(^7)	I			^7			}	M	0	0	-2, 2, -1	3	-2	-2	0	2	0.0	0.0	0.5	0.0
72	72	3/4	3/4	4/4	2	1	I|PAC				Bb	I		I	I					PAC		M	0	0	-2, 2, -1		-2	-2	2	3	0.4	0.0625	0.3125	0.16666666666666666
73	73	0	0	4/4	2	1	V.I{				Bb	V		I	I						{	M	0	0	-1, 3, 0		-1	-1	0	3	0.0	0.0	0.375	0.0
73	73	1/8	1/8	4/4	2	1	vi6				Bb	V		vi6	vi		6					m	0	0	-1, 3, 2		2	-1	2	11	0.15384615384615385	0.0625	1.0625	0.05555555555555555
73	73	1/2	1/2	4/4	2	1	V65				Bb	V		V65	V		65					Mm7	0	0	4, 1, -2, 0		0	4	0	6	0.0	0.0	0.75	0.0
73	73	3/4	3/4	4/4	2	1	I				Bb	V		I	I							M	0	0	-1, 3, 0		-1	-1	0	4	0.0	0.0	0.4375	0.0
74	74	0	0	4/4	2	1	ii65				Bb	V		ii65	ii		65					mm7	0	0	-2, 2, -1, 1		1	-2	0	5	0.0	0.0	0.625	0.0
74	74	1/4	1/4	4/4	2	1	V				Bb	V		V	V							M	0	0	0, 4, 1		0	0	2	4	0.3333333333333333	0.125	0.5	0.2
74	74	1/2	1/2	4/4	2	1	I|IAC}				Bb	V		I	I					IAC	}	M	0	0	-1, 3, 0		-1	-1	1	8	0.1111111111111111	0.041666666666666664	0.7083333333333334	0.05555555555555555
75	75	0	0	4/4	2	1	vi.iio64{				Bb	vi		iio64	ii	o	64				{	o	0	1	-3, 3, 0		3	-3	0	10	0.0	0.0	1.40625	0.0
75	75	1/2	1/2	4/4	2	1	#viio6/iv				Bb	vi		#viio6/iv	#vii	o	6		iv			o	0	1	2, -1, 5		5	2	1	6	0.14285714285714285	0.041666666666666664	0.8333333333333334	0.047619047619047616
75	75	7/8	7/8	4/4	2	1	iv				Bb	vi		iv	iv							m	0	1	0, -3, 1		0	0	0	3	0.0	0.0	0.375	0.0
76	76	0	0	4/4	2	1	ii%65/iv				Bb	vi		ii%65/iv	ii	%	65		iv			%7	0	1	-1, -4, 0, 2		2	-1	1	6	0.14285714285714285	0.041666666666666664	0.8333333333333334	0.047619047619047616
76	76	1/4	1/4	4/4	2	1	V(9)/iv				Bb	vi		V(9)/iv	V			9	iv			M	0	1	1, 5, 2	-4	1	1	0	2	0.0	0.0	0.375	0.0
76	76	3/8	3/8	4/4	2	1	V/iv				Bb	vi		V/iv	V				iv			M	0	1	1, 5, 2		1	1	1	2	0.3333333333333333	0.03125	0.21875	0.125
76	76	1/2	1/2	4/4	2	1	iv}{				Bb	vi		iv	iv						}{	m	0	1	0, -3, 1		0	0	1	10	0.09090909090909091	0.041666666666666664	0.5833333333333334	0.06666666666666667
76	76	7/8	7/8	4/4	2	1	VI64				Bb	vi		VI64	VI		64					M	0	1	-2, -3, 1		-3	-2	0	3	0.0	0.0	0.125	0.0
77	77	0	0	4/4	2	1	V65/III				Bb	vi		V65/III	V		65		III			Mm7	0	1	3, 0, -3, -1		-1	3	2	5	0.2857142857142857	0.0625	0.5625	0.1
77	77	1/2	1/2	4/4	2	1	III				Bb	vi		III	III							M	0	1	-2, 2, -1		-2	-2	1	7	0.125	0.125	0.375	0.25
77	77	7/8	7/8	4/4	2	1	v64				Bb	vi		v64	v		64					m	0	1	3, 2, -1		2	3	0	3	0.0	0.0	0.125	0.0
78	78	0	0	4/4	2	1	i				Bb	vi		i	i							m	0	1	1, -2, 2		1	1	4	4	0.5	0.25	0.4375	0.36363636363636365
78	78	1/2	1/2	4/4	2	1	iio				Bb	vi		iio	ii	o						o	0	1	3, 0, -3		3	3	1	8	0.1111111111111111	0.0625	0.4375	0.125
78	78	7/8	7/8	4/4	2	1	iv64				Bb	vi		iv64	iv		64					m	0	1	1, 0, -3		0	1	0	3	0.0	0.0	0.125	0.0
79	79	0	0	4/4	2	1	V65				Bb	vi		V65	V		65					Mm7	0	1	6, 3, 0, 2		2	6	4	8	0.3333333333333333	0.16666666666666666	0.5416666666666666	0.23529411764705885
79	79	1/2	1/2	4/4	2	1	i}{				Bb	vi		i	i						}{	m	0	1	1, -2, 2		1	1	1	4	0.2	0.0625	0.3125	0.16666666666666666
79	79	3/4	3/4	4/4	2	1	V6				Bb	vi		V6	V		6					M	0	1	6, 3, 2		2	6	1	3	0.25	0.0625	0.3125	0.16666666666666666
79	79	7/8	7/8	4/4	2	1	V43				Bb	vi		V43	V		43					Mm7	0	1	3, 0, 2, 6		2	3	0	3	0.0	0.0	0.25	0.0
80	80	0	0	4/4	2	1	i				Bb	vi		i	i							m	0	1	1, -2, 2		1	1	1	3	0.25	0.0625	0.3125	0.16666666666666666
80	80	1/8	1/8	4/4	2	1	i6				Bb	vi		i6	i		6					m	0	1	-2, 2, 1		1	-2	0	3	0.0	0.0	0.25	0.0
80	80	1/4	1/4	4/4	2	1	V64				Bb	vi		V64	V		64					M	0	1	3, 2, 6		2	3	1	3	0.25	0.0625	0.3125	0.16666666666666666
80	80	3/8	3/8	4/4	2	1	V2				Bb	vi		V2	V		2					Mm7	0	1	0, 2, 6, 3		2	0	0	3	0.0	0.0	0.25	0.0
80	80	1/2	1/2	4/4	2	1	i6				Bb	vi		i6	i		6					m	0	1	-2, 2, 1		1	-2	1	3	0.25	0.0625	0.3125	0.16666666666666666
80	80	5/8	5/8	4/4	2	1	i				Bb	vi		i	i							m	0	1	1, -2, 2		1	1	0	3	0.0	0.0	0.25	0.0
80	80	3/4	3/4	4/4	2	1	V6				Bb	vi		V6	V		6					M	0	1	6, 3, 2		2	6	1	3	0.25	0.0625	0.3125	0.16666666666666666
80	80	7/8	7/8	4/4	2	1	V43				Bb	vi		V43	V		43					Mm7	0	1	3, 0, 2, 6		2	3	0	3	0.0	0.0	0.25	0.0
81	81	0	0	4/4	2	1	i				Bb	vi		i	i							m	0	1	1, -2, 2		1	1	1	3	0.25	0.0625	0.25	0.2
81	81	1/8	1/8	4/4	2	1	VI6				Bb	vi		VI6	VI		6					M	0	1	1, -2, -3		-3	1	0	4	0.0	0.0	0.375	0.0
81	81	1/4	1/4	4/4	2	1	V43(4)/VI				Bb	vi		V43(4)/VI	V		43	4	VI			Mm7	0	1	-1, -4, -2, -3		-2	-1	0	3	0.0	0.0	0.4375	0.0
81	81	3/8	3/8	4/4	2	1	V43/VI				Bb	vi		V43/VI	V		43		VI			Mm7	0	1	-1, -4, -2, 2		-2	-1	1	4	0.2	0.020833333333333332	0.2916666666666667	0.06666666666666667
81	81	1/2	1/2	4/4	2	1	VI(^2)}				Bb	vi		VI(^2)	VI			^2			}	M	0	1	-3, -1, -2		-3	-3	0	2	0.0	0.0	0.625	0.0
81	81	3/4	3/4	4/4	2	1	VI				Bb	vi		VI	VI							M	0	1	-3, 1, -2		-3	-3	0	2	0.0	0.0	0.1875	0.0
82	82	0	0	4/4	2	1	V64/iv{				Bb	vi		V64/iv	V		64		iv		{	M	0	1	2, 1, 5		1	2	1	1	0.5	0.03125	0.09375	0.25
82	82	1/8	1/8	4/4	2	1	V64(2)/iv				Bb	vi		V64(2)/iv	V		64	2	iv			M	0	1	2, -4, 5		1	2	0	5	0.0	0.0	0.75	0.0
82	82	3/8	3/8	4/4	2	1	V64/iv				Bb	vi		V64/iv	V		64		iv			M	0	1	2, 1, 5		1	2	0	3	0.0	0.0	0.375	0.0
82	82	1/2	1/2	4/4	2	1	iv(4)				Bb	vi		iv(4)	iv			4				m	0	1	0, -1, 1		0	0	0	2	0.0	0.0	0.625	0.0
82	82	3/4	3/4	4/4	2	1	iv				Bb	vi		iv	iv							m	0	1	0, -3, 1		0	0	3	5	0.375	0.125	0.3125	0.2857142857142857
83	83	1/4	1/4	4/4	2	1	#viio6				Bb	vi		#viio6	#vii	o	6					o	0	1	3, 0, 6		6	3	3	4	0.42857142857142855	0.125	0.3333333333333333	0.27272727272727276
83	83	1/2	1/2	4/4	2	1	i6				Bb	vi		i6	i		6					m	0	1	-2, 2, 1		1	-2	3	4	0.42857142857142855	0.125	0.375	0.25
83	83	3/4	3/4	4/4	2	1	iio6				Bb	vi		iio6	ii	o	6					o	0	1	0, -3, 3		3	0	2	5	0.2857142857142857	0.08333333333333333	0.4166666666666667	0.16666666666666666
84	84	0	0	4/4	2	1	V(4)				Bb	vi		V(4)	V			4				M	0	1	2, 1, 3		2	2	0	3	0.0	0.0	0.375	0.0
84	84	1/4	1/4	4/4	2	1	V				Bb	vi		V	V							M	0	1	2, 6, 3		2	2	0	3	0.0	0.0	0.5	0.0
84	84	1/2	1/2	4/4	2	1	i|PAC}				Bb	vi		i	i					PAC	}	m	0	1	1, -2, 2		1	1	1	6	0.14285714285714285	0.041666666666666664	0.4270833333333333	0.08888888888888888
84	84	3/4	3/4	4/4	2	1	V65/III				Bb	vi		V65/III	V		65		III			Mm7	0	1	3, 0, -3, -1		-1	3	2	6	0.25	0.08333333333333333	0.4166666666666667	0.16666666666666666
85	85	0	0	4/4	2	1	I.I{				Bb	I		I	I						{	M	0	0	-2, 2, -1		-2	-2	5	12	0.29411764705882354	0.15625	1.34375	0.10416666666666667
85	85	1/2	1/2	4/4	2	1	V65				Bb	I		V65	V		65					Mm7	0	0	3, 0, -3, -1		-1	3	0	6	0.0	0.0	0.75	0.0
85	85	3/4	3/4	4/4	2	1	I				Bb	I		I	I							M	0	0	-2, 2, -1		-2	-2	0	3	0.0	0.0	0.5	0.0
86	86	0	0	4/4	2	1	ii6				Bb	I		ii6	ii		6					m	0	0	-3, 1, 0		0	-3	1	4	0.2	0.0625	0.375	0.14285714285714285
86	86	1/4	1/4	4/4	2	1	V				Bb	I		V	V							M	0	0	-1, 3, 0		-1	-1	2	5	0.2857142857142857	0.0625	0.6875	0.08333333333333333
86	86	1/2	1/2	4/4	2	1	I|IAC}				Bb	I		I	I					IAC	}	M	0	0	-2, 2, -1		-2	-2	2	19	0.09523809523809523	0.10416666666666667	1.7083333333333333	0.05747126436781609
87	87	3/8	3/8	4/4	2	1	V6/ii				Bb	I		V6/ii	V		6		ii			M	0	0	5, 2, 1		1	5	0	3	0.0	0.0	0.25	0.0
87	87	1/2	1/2	4/4	2	1	ii(9)				Bb	I		ii(9)	ii			9				m	0	0	0, -3, 1	2	0	0	2	5	0.2857142857142857	0.09375	0.65625	0.125
87	87	3/4	3/4	4/4	2	1	V65				Bb	I		V65	V		65					Mm7	0	0	3, 0, -3, -1		-1	3	1	6	0.14285714285714285	0.0625	0.5625	0.1
88	88	0	0	4/4	2	1	I(4)				Bb	I		I(4)	I			4				M	0	0	-2, -3, -1		-2	-2	0	3	0.0	0.0	0.5	0.0
88	88	1/4	1/4	4/4	2	1	vii%7/V				Bb	I		vii%7/V	vii	%	7		V			%7	0	0	4, 1, -2, 2		4	4	1	6	0.14285714285714285	0.0625	0.6875	0.08333333333333333
88	88	1/2	1/2	4/4	2	1	V|HC}				Bb	I		V	V					HC	}	M	0	0	-1, 3, 0		-1	-1	0	10	0.0	0.0	1.0	0.0
89	89	0	0	4/4	2	1	viio64{				Bb	I		viio64	vii	o	64				{	o	0	0	-3, 3, 0		3	-3	2	11	0.15384615384615385	0.125	1.25	0.09090909090909091
89	89	1/2	1/2	4/4	2	1	I6				Bb	I		I6	I		6					M	0	0	2, -1, -2		-2	2	1	11	0.08333333333333333	0.03125	1.125	0.02702702702702703
90	90	0	0	4/4	2	1	V43(4)				Bb	I		V43(4)	V		43	4				Mm7	0	0	0, -3, -1, -2		-1	0	0	3	0.0	0.0	0.5	0.0
90	90	1/4	1/4	4/4	2	1	V43				Bb	I		V43	V		43					Mm7	0	0	0, -3, -1, 3		-1	0	0	5	0.0	0.0	0.75	0.0
90	90	1/2	1/2	4/4	2	1	I}				Bb	I		I	I						}	M	0	0	-2, 2, -1		-2	-2	1	7	0.125	0.03125	0.75	0.04
91	91	0	0	4/4	2	1	viio64(2)/IV{				Bb	I		viio64(2)/IV	vii	o	64	2	IV		{	o	0	0	-4, -3, -1		2	-4	0	3	0.0	0.0	0.5	0.0
91	91	1/4	1/4	4/4	2	1	viio64/IV				Bb	I		viio64/IV	vii	o	64		IV			o	0	0	-4, 2, -1		2	-4	1	5	0.16666666666666666	0.03125	0.46875	0.0625
91	91	1/2	1/2	4/4	2	1	IV6(2)}				Bb	I		IV6(2)	IV		6	2			}	M	0	0	1, -2, -1		-3	1	0	3	0.0	0.0	0.5	0.0
91	91	3/4	3/4	4/4	2	1	IV6				Bb	I		IV6	IV		6					M	0	0	1, -2, -3		-3	1	0	6	0.0	0.0	0.6875	0.0
92	92	0	0	4/4	2	1	V2(2)/V{				Bb	I		V2(2)/V	V		2	2	V		{	Mm7	0	0	-2, 2, 4, 1		0	-2	0	3	0.0	0.0	0.5	0.0
92	92	1/4	1/4	4/4	2	1	V2/V				Bb	I		V2/V	V		2		V			Mm7	0	0	-2, 0, 4, 1		0	-2	3	8	0.2727272727272727	0.125	0.625	0.16666666666666666
92	92	1/2	1/2	4/4	2	1	V6(7)}				Bb	I		V6(7)	V		6	7			}	M	0	0	3, 0, -3		-1	3	1	2	0.3333333333333333	0.25	0.25	0.5
92	92	3/4	3/4	4/4	2	1	V6				Bb	I		V6	V		6					M	0	0	3, 0, -1		-1	3	0	5	0.0	0.0	0.75	0.0
93	93	0	0	4/4	2	1	V65{				Bb	I		V65	V		65				{	Mm7	0	0	3, 0, -3, -1		-1	3	2	15	0.11764705882352941	0.08333333333333333	1.6666666666666667	0.047619047619047616
93	93	1/2	1/2	4/4	2	1	I				Bb	I		I	I							M	0	0	-2, 2, -1		-2	-2	0	13	0.0	0.0	1.5	0.0
94	94	0	0	4/4	2	1	V65				Bb	I		V65	V		65					Mm7	0	0	3, 0, -3, -1		-1	3	5	21	0.19230769230769232	0.125	1.375	0.08333333333333333
94	94	1/2	1/2	4/4	2	1	I				Bb	I		I	I							M	0	0	-2, 2, -1		-2	-2	0	15	0.0	0.0	1.5	0.0
95	95	0	0	4/4	2	1	ii6				Bb	I		ii6	ii		6					m	0	0	-3, 1, 0		0	-3	8	14	0.36363636363636365	0.2	1.05	0.16
95	95	1/2	1/2	4/4	2	1	V2				Bb	I		V2	V		2					Mm7	0	0	-3, -1, 3, 0		-1	-3	1	5	0.16666666666666666	0.0	0.75	0.0
95	95	3/4	3/4	4/4	2	1	I6				Bb	I		I6	I		6					M	0	0	2, -1, -2		-2	2	0	6	0.0	0.0	0.6875	0.0
96	96	0	0	4/4	2	1	IV(^2)				Bb	I		IV(^2)	IV			^2				M	0	0	-3, -1, -2		-3	-3	0	2	0.0	0.0	0.25	0.0
96	96	1/8	1/8	4/4	2	1	IV				Bb	I		IV	IV							M	0	0	-3, 1, -2		-3	-3	2	3	0.4	0.0625	0.1875	0.25
96	96	1/4	1/4	4/4	2	1	V(64)				Bb	I		V(64)	V			64				M	0	0	-1, -2, 2		-1	-1	0	2	0.0	0.0	0.25	0.0
96	96	3/8	3/8	4/4	2	1	V				Bb	I		V	V							M	0	0	-1, 3, 0		-1	-1	0	2	0.0	0.0	0.25	0.0
96	96	1/2	1/2	4/4	2	1	I|PAC}{				Bb	I		I	I					PAC	}{	M	0	0	-2, 2, -1		-2	-2	0	5	0.0	0.0	0.5	0.0
96	96	3/4	3/4	4/4	2	1	V6				Bb	I		V6	V		6					M	0	0	3, 0, -1		-1	3	1	3	0.25	0.0625	0.3125	0.16666666666666666
96	96	7/8	7/8	4/4	2	1	V43				Bb	I		V43	V		43					Mm7	0	0	0, -3, -1, 3		-1	0	0	3	0.0	0.0	0.25	0.0
97	97	0	0	4/4	2	1	I				Bb	I		I	I							M	0	0	-2, 2, -1		-2	-2	1	3	0.25	0.0625	0.3125	0.16666666666666666
97	97	1/8	1/8	4/4	2	1	I6				Bb	I		I6	I		6					M	0	0	2, -1, -2		-2	2	0	3	0.0	0.0	0.25	0.0
97	97	1/4	1/4	4/4	2	1	V43				Bb	I		V43	V		43					Mm7	0	0	0, -3, -1, 3		-1	0	1	3	0.25	0.0625	0.3125	0.16666666666666666
97	97	3/8	3/8	4/4	2	1	V2				Bb	I		V2	V		2					Mm7	0	0	-3, -1, 3, 0		-1	-3	0	3	0.0	0.0	0.25	0.0
97	97	1/2	1/2	4/4	2	1	I6				Bb	I		I6	I		6					M	0	0	2, -1, -2		-2	2	1	3	0.25	0.0625	0.3125	0.16666666666666666
97	97	5/8	5/8	4/4	2	1	I				Bb	I		I	I							M	0	0	-2, 2, -1		-2	-2	0	3	0.0	0.0	0.25	0.0
97	97	3/4	3/4	4/4	2	1	V6				Bb	I		V6	V		6					M	0	0	3, 0, -1		-1	3	1	3	0.25	0.0625	0.3125	0.16666666666666666
97	97	7/8	7/8	4/4	2	1	V43				Bb	I		V43	V		43					Mm7	0	0	0, -3, -1, 3		-1	0	0	3	0.0	0.0	0.25	0.0
98	98	0	0	4/4	2	1	I				Bb	I		I	I							M	0	0	-2, 2, -1		-2	-2	1	3	0.25	0.0625	0.25	0.2
98	98	1/8	1/8	4/4	2	1	vi6				Bb	I		vi6	vi		6					m	0	0	-2, 2, 1		1	-2	0	4	0.0	0.0	0.375	0.0
98	98	1/4	1/4	4/4	2	1	#viio6/vi				Bb	I		#viio6/vi	#vii	o	6		vi			o	0	0	3, 0, 6		6	3	2	6	0.25	0.125	0.625	0.16666666666666666
98	98	1/2	1/2	4/4	2	1	vi(^2)}				Bb	I		vi(^2)	vi			^2			}	m	0	0	1, 3, 2		1	1	0	3	0.0	0.0	0.75	0.0
98	98	3/4	3/4	4/4	2	1	vi				Bb	I		vi	vi							m	0	0	1, -2, 2		1	1	0	1	0.0	0.0	0.125	0.0
99	99	0	0	4/4	2	1	I6{				Bb	I		I6	I		6				{	M	0	0	2, -1, -2		-2	2	0	9	0.0	0.0	0.875	0.0
99	99	3/8	3/8	4/4	2	1	V65/IV				Bb	I		V65/IV	V		65		IV			Mm7	0	0	2, -1, -4, -2		-2	2	1	3	0.25	0.09375	0.28125	0.25
99	99	1/2	1/2	4/4	2	1	IV(4)				Bb	I		IV(4)	IV			4				M	0	0	-3, 3, -2		-3	-3	2	3	0.4	0.25	0.75	0.25
99	99	3/4	3/4	4/4	2	1	IV				Bb	I		IV	IV							M	0	0	-3, 1, -2		-3	-3	0	2	0.0	0.0	0.1875	0.0
100	100	0	0	4/4	2	1	V65/ii				Bb	I		V65/ii	V		65		ii			Mm7	0	0	5, 2, -1, 1		1	5	3	13	0.1875	0.125	1.125	0.1
100	100	1/2	1/2	4/4	2	1	ii}				Bb	I		ii	ii						}	m	0	0	0, -3, 1		0	0	2	7	0.2222222222222222	0.15625	0.5	0.23809523809523808
101	101	0	0	4/4	2	1	V65{				Bb	I		V65	V		65				{	Mm7	0	0	3, 0, -3, -1		-1	3	2	16	0.1111111111111111	0.0625	1.6875	0.03571428571428571
101	101	1/2	1/2	4/4	2	1	I				Bb	I		I	I							M	0	0	-2, 2, -1		-2	-2	0	13	0.0	0.0	1.5	0.0
102	102	0	0	4/4	2	1	V65				Bb	I		V65	V		65					Mm7	0	0	3, 0, -3, -1		-1	3	5	15	0.25	0.15625	0.84375	0.15625
102	102	1/2	1/2	4/4	2	1	I				Bb	I		I	I							M	0	0	-2, 2, -1		-2	-2	5	8	0.38461538461538464	0.21875	0.6875	0.2413793103448276
103	103	0	0	4/4	2	1	ii6				Bb	I		ii6	ii		6					m	0	0	-3, 1, 0		0	-3	9	11	0.45	0.375	0.625	0.375
103	103	1/2	1/2	4/4	2	1	V2				Bb	I		V2	V		2					Mm7	0	0	-3, -1, 3, 0		-1	-3	1	5	0.16666666666666666	0.0	0.75	0.0
103	103	3/4	3/4	4/4	2	1	I6				Bb	I		I6	I		6					M	0	0	2, -1, -2		-2	2	1	6	0.14285714285714285	0.041666666666666664	0.5833333333333334	0.06666666666666667
104	104	0	0	4/4	2	1	ii6				Bb	I		ii6	ii		6					m	0	0	-3, 1, 0		0	-3	3	6	0.3333333333333333	0.10416666666666667	0.3958333333333333	0.20833333333333334
104	104	1/4	1/4	4/4	2	1	V				Bb	I		V	V							M	0	0	-1, 3, 0		-1	-1	1	3	0.25	0.0	0.5	0.0
104	104	1/2	1/2	4/4	2	1	I(^7)}				Bb	I		I(^7)	I			^7			}	M	0	0	-2, 2, -1	3	-2	-2	0	2	0.0	0.0	0.625	0.0
104	104	3/4	3/4	4/4	2	1	I|PAC				Bb	I		I	I					PAC		M	0	0	-2, 2, -1		-2	-2	0	1	0.0	0.0	0.125	0.0
